chapter,chapter_title,chapter_label,dominant_emotion,dominant_count,rate_per_1000_words,lexicon_source
1,Earliest Memories,Ch. 10: Making a Career Change,anger,0,0,NRC lexicon via tidytext/textdata
1,Earliest Memories,Ch. 11: Post Rio to Retirement,anger,0,0,NRC lexicon via tidytext/textdata
1,Earliest Memories,Ch. 1: Earliest Memories,trust,128,35.27142463488565,NRC lexicon via tidytext/textdata
1,Earliest Memories,Ch. 2: The Teenage Period,anger,0,0,NRC lexicon via tidytext/textdata
1,Earliest Memories,Ch. 3: World War Two,anger,0,0,NRC lexicon via tidytext/textdata
1,Earliest Memories,Ch. 4: My College Years BYU and Colombia,anger,0,0,NRC lexicon via tidytext/textdata
1,Earliest Memories,Ch. 5: The CIA,anger,0,0,NRC lexicon via tidytext/textdata
1,Earliest Memories,Ch. 6: Montevideo Uruguay,anger,0,0,NRC lexicon via tidytext/textdata
1,Earliest Memories,Ch. 7: Headquarters Duty,anger,0,0,NRC lexicon via tidytext/textdata
1,Earliest Memories,Ch. 8: Rio De Janeiro,anger,0,0,NRC lexicon via tidytext/textdata
1,Earliest Memories,Ch. 9: The McLean Va. Years,anger,0,0,NRC lexicon via tidytext/textdata
1,Headquarters Duty,Ch. 10: Making a Career Change,anger,0,0,NRC lexicon via tidytext/textdata
1,Headquarters Duty,Ch. 11: Post Rio to Retirement,anger,0,0,NRC lexicon via tidytext/textdata
1,Headquarters Duty,Ch. 1: Earliest Memories,anger,0,0,NRC lexicon via tidytext/textdata
1,Headquarters Duty,Ch. 2: The Teenage Period,anger,0,0,NRC lexicon via tidytext/textdata
1,Headquarters Duty,Ch. 3: World War Two,anger,0,0,NRC lexicon via tidytext/textdata
1,Headquarters Duty,Ch. 4: My College Years BYU and Colombia,anger,0,0,NRC lexicon via tidytext/textdata
1,Headquarters Duty,Ch. 5: The CIA,anger,0,0,NRC lexicon via tidytext/textdata
1,Headquarters Duty,Ch. 6: Montevideo Uruguay,anger,0,0,NRC lexicon via tidytext/textdata
1,Headquarters Duty,Ch. 7: Headquarters Duty,anger,0,0,NRC lexicon via tidytext/textdata
1,Headquarters Duty,Ch. 8: Rio De Janeiro,anger,0,0,NRC lexicon via tidytext/textdata
1,Headquarters Duty,Ch. 9: The McLean Va. Years,anger,0,0,NRC lexicon via tidytext/textdata
1,Making a Career Change,Ch. 10: Making a Career Change,anger,0,0,NRC lexicon via tidytext/textdata
1,Making a Career Change,Ch. 11: Post Rio to Retirement,anger,0,0,NRC lexicon via tidytext/textdata
1,Making a Career Change,Ch. 1: Earliest Memories,anger,0,0,NRC lexicon via tidytext/textdata
1,Making a Career Change,Ch. 2: The Teenage Period,anger,0,0,NRC lexicon via tidytext/textdata
1,Making a Career Change,Ch. 3: World War Two,anger,0,0,NRC lexicon via tidytext/textdata
1,Making a Career Change,Ch. 4: My College Years BYU and Colombia,anger,0,0,NRC lexicon via tidytext/textdata
1,Making a Career Change,Ch. 5: The CIA,anger,0,0,NRC lexicon via tidytext/textdata
1,Making a Career Change,Ch. 6: Montevideo Uruguay,anger,0,0,NRC lexicon via tidytext/textdata
1,Making a Career Change,Ch. 7: Headquarters Duty,anger,0,0,NRC lexicon via tidytext/textdata
1,Making a Career Change,Ch. 8: Rio De Janeiro,anger,0,0,NRC lexicon via tidytext/textdata
1,Making a Career Change,Ch. 9: The McLean Va. Years,anger,0,0,NRC lexicon via tidytext/textdata
1,Montevideo Uruguay,Ch. 10: Making a Career Change,anger,0,0,NRC lexicon via tidytext/textdata
1,Montevideo Uruguay,Ch. 11: Post Rio to Retirement,anger,0,0,NRC lexicon via tidytext/textdata
1,Montevideo Uruguay,Ch. 1: Earliest Memories,anger,0,0,NRC lexicon via tidytext/textdata
1,Montevideo Uruguay,Ch. 2: The Teenage Period,anger,0,0,NRC lexicon via tidytext/textdata
1,Montevideo Uruguay,Ch. 3: World War Two,anger,0,0,NRC lexicon via tidytext/textdata
1,Montevideo Uruguay,Ch. 4: My College Years BYU and Colombia,anger,0,0,NRC lexicon via tidytext/textdata
1,Montevideo Uruguay,Ch. 5: The CIA,anger,0,0,NRC lexicon via tidytext/textdata
1,Montevideo Uruguay,Ch. 6: Montevideo Uruguay,anger,0,0,NRC lexicon via tidytext/textdata
1,Montevideo Uruguay,Ch. 7: Headquarters Duty,anger,0,0,NRC lexicon via tidytext/textdata
1,Montevideo Uruguay,Ch. 8: Rio De Janeiro,anger,0,0,NRC lexicon via tidytext/textdata
1,Montevideo Uruguay,Ch. 9: The McLean Va. Years,anger,0,0,NRC lexicon via tidytext/textdata
1,My College Years BYU and Colombia,Ch. 10: Making a Career Change,anger,0,0,NRC lexicon via tidytext/textdata
1,My College Years BYU and Colombia,Ch. 11: Post Rio to Retirement,anger,0,0,NRC lexicon via tidytext/textdata
1,My College Years BYU and Colombia,Ch. 1: Earliest Memories,anger,0,0,NRC lexicon via tidytext/textdata
1,My College Years BYU and Colombia,Ch. 2: The Teenage Period,anger,0,0,NRC lexicon via tidytext/textdata
1,My College Years BYU and Colombia,Ch. 3: World War Two,anger,0,0,NRC lexicon via tidytext/textdata
1,My College Years BYU and Colombia,Ch. 4: My College Years BYU and Colombia,anger,0,0,NRC lexicon via tidytext/textdata
1,My College Years BYU and Colombia,Ch. 5: The CIA,anger,0,0,NRC lexicon via tidytext/textdata
1,My College Years BYU and Colombia,Ch. 6: Montevideo Uruguay,anger,0,0,NRC lexicon via tidytext/textdata
1,My College Years BYU and Colombia,Ch. 7: Headquarters Duty,anger,0,0,NRC lexicon via tidytext/textdata
1,My College Years BYU and Colombia,Ch. 8: Rio De Janeiro,anger,0,0,NRC lexicon via tidytext/textdata
1,My College Years BYU and Colombia,Ch. 9: The McLean Va. Years,anger,0,0,NRC lexicon via tidytext/textdata
1,Post Rio to Retirement,Ch. 10: Making a Career Change,anger,0,0,NRC lexicon via tidytext/textdata
1,Post Rio to Retirement,Ch. 11: Post Rio to Retirement,anger,0,0,NRC lexicon via tidytext/textdata
1,Post Rio to Retirement,Ch. 1: Earliest Memories,anger,0,0,NRC lexicon via tidytext/textdata
1,Post Rio to Retirement,Ch. 2: The Teenage Period,anger,0,0,NRC lexicon via tidytext/textdata
1,Post Rio to Retirement,Ch. 3: World War Two,anger,0,0,NRC lexicon via tidytext/textdata
1,Post Rio to Retirement,Ch. 4: My College Years BYU and Colombia,anger,0,0,NRC lexicon via tidytext/textdata
1,Post Rio to Retirement,Ch. 5: The CIA,anger,0,0,NRC lexicon via tidytext/textdata
1,Post Rio to Retirement,Ch. 6: Montevideo Uruguay,anger,0,0,NRC lexicon via tidytext/textdata
1,Post Rio to Retirement,Ch. 7: Headquarters Duty,anger,0,0,NRC lexicon via tidytext/textdata
1,Post Rio to Retirement,Ch. 8: Rio De Janeiro,anger,0,0,NRC lexicon via tidytext/textdata
1,Post Rio to Retirement,Ch. 9: The McLean Va. Years,anger,0,0,NRC lexicon via tidytext/textdata
1,Rio De Janeiro,Ch. 10: Making a Career Change,anger,0,0,NRC lexicon via tidytext/textdata
1,Rio De Janeiro,Ch. 11: Post Rio to Retirement,anger,0,0,NRC lexicon via tidytext/textdata
1,Rio De Janeiro,Ch. 1: Earliest Memories,anger,0,0,NRC lexicon via tidytext/textdata
1,Rio De Janeiro,Ch. 2: The Teenage Period,anger,0,0,NRC lexicon via tidytext/textdata
1,Rio De Janeiro,Ch. 3: World War Two,anger,0,0,NRC lexicon via tidytext/textdata
1,Rio De Janeiro,Ch. 4: My College Years BYU and Colombia,anger,0,0,NRC lexicon via tidytext/textdata
1,Rio De Janeiro,Ch. 5: The CIA,anger,0,0,NRC lexicon via tidytext/textdata
1,Rio De Janeiro,Ch. 6: Montevideo Uruguay,anger,0,0,NRC lexicon via tidytext/textdata
1,Rio De Janeiro,Ch. 7: Headquarters Duty,anger,0,0,NRC lexicon via tidytext/textdata
1,Rio De Janeiro,Ch. 8: Rio De Janeiro,anger,0,0,NRC lexicon via tidytext/textdata
1,Rio De Janeiro,Ch. 9: The McLean Va. Years,anger,0,0,NRC lexicon via tidytext/textdata
1,The CIA,Ch. 10: Making a Career Change,anger,0,0,NRC lexicon via tidytext/textdata
1,The CIA,Ch. 11: Post Rio to Retirement,anger,0,0,NRC lexicon via tidytext/textdata
1,The CIA,Ch. 1: Earliest Memories,anger,0,0,NRC lexicon via tidytext/textdata
1,The CIA,Ch. 2: The Teenage Period,anger,0,0,NRC lexicon via tidytext/textdata
1,The CIA,Ch. 3: World War Two,anger,0,0,NRC lexicon via tidytext/textdata
1,The CIA,Ch. 4: My College Years BYU and Colombia,anger,0,0,NRC lexicon via tidytext/textdata
1,The CIA,Ch. 5: The CIA,anger,0,0,NRC lexicon via tidytext/textdata
1,The CIA,Ch. 6: Montevideo Uruguay,anger,0,0,NRC lexicon via tidytext/textdata
1,The CIA,Ch. 7: Headquarters Duty,anger,0,0,NRC lexicon via tidytext/textdata
1,The CIA,Ch. 8: Rio De Janeiro,anger,0,0,NRC lexicon via tidytext/textdata
1,The CIA,Ch. 9: The McLean Va. Years,anger,0,0,NRC lexicon via tidytext/textdata
1,The McLean Va. Years,Ch. 10: Making a Career Change,anger,0,0,NRC lexicon via tidytext/textdata
1,The McLean Va. Years,Ch. 11: Post Rio to Retirement,anger,0,0,NRC lexicon via tidytext/textdata
1,The McLean Va. Years,Ch. 1: Earliest Memories,anger,0,0,NRC lexicon via tidytext/textdata
1,The McLean Va. Years,Ch. 2: The Teenage Period,anger,0,0,NRC lexicon via tidytext/textdata
1,The McLean Va. Years,Ch. 3: World War Two,anger,0,0,NRC lexicon via tidytext/textdata
1,The McLean Va. Years,Ch. 4: My College Years BYU and Colombia,anger,0,0,NRC lexicon via tidytext/textdata
1,The McLean Va. Years,Ch. 5: The CIA,anger,0,0,NRC lexicon via tidytext/textdata
1,The McLean Va. Years,Ch. 6: Montevideo Uruguay,anger,0,0,NRC lexicon via tidytext/textdata
1,The McLean Va. Years,Ch. 7: Headquarters Duty,anger,0,0,NRC lexicon via tidytext/textdata
1,The McLean Va. Years,Ch. 8: Rio De Janeiro,anger,0,0,NRC lexicon via tidytext/textdata
1,The McLean Va. Years,Ch. 9: The McLean Va. Years,anger,0,0,NRC lexicon via tidytext/textdata
1,The Teenage Period,Ch. 10: Making a Career Change,anger,0,0,NRC lexicon via tidytext/textdata
1,The Teenage Period,Ch. 11: Post Rio to Retirement,anger,0,0,NRC lexicon via tidytext/textdata
1,The Teenage Period,Ch. 1: Earliest Memories,anger,0,0,NRC lexicon via tidytext/textdata
1,The Teenage Period,Ch. 2: The Teenage Period,anger,0,0,NRC lexicon via tidytext/textdata
1,The Teenage Period,Ch. 3: World War Two,anger,0,0,NRC lexicon via tidytext/textdata
1,The Teenage Period,Ch. 4: My College Years BYU and Colombia,anger,0,0,NRC lexicon via tidytext/textdata
1,The Teenage Period,Ch. 5: The CIA,anger,0,0,NRC lexicon via tidytext/textdata
1,The Teenage Period,Ch. 6: Montevideo Uruguay,anger,0,0,NRC lexicon via tidytext/textdata
1,The Teenage Period,Ch. 7: Headquarters Duty,anger,0,0,NRC lexicon via tidytext/textdata
1,The Teenage Period,Ch. 8: Rio De Janeiro,anger,0,0,NRC lexicon via tidytext/textdata
1,The Teenage Period,Ch. 9: The McLean Va. Years,anger,0,0,NRC lexicon via tidytext/textdata
1,World War Two,Ch. 10: Making a Career Change,anger,0,0,NRC lexicon via tidytext/textdata
1,World War Two,Ch. 11: Post Rio to Retirement,anger,0,0,NRC lexicon via tidytext/textdata
1,World War Two,Ch. 1: Earliest Memories,anger,0,0,NRC lexicon via tidytext/textdata
1,World War Two,Ch. 2: The Teenage Period,anger,0,0,NRC lexicon via tidytext/textdata
1,World War Two,Ch. 3: World War Two,anger,0,0,NRC lexicon via tidytext/textdata
1,World War Two,Ch. 4: My College Years BYU and Colombia,anger,0,0,NRC lexicon via tidytext/textdata
1,World War Two,Ch. 5: The CIA,anger,0,0,NRC lexicon via tidytext/textdata
1,World War Two,Ch. 6: Montevideo Uruguay,anger,0,0,NRC lexicon via tidytext/textdata
1,World War Two,Ch. 7: Headquarters Duty,anger,0,0,NRC lexicon via tidytext/textdata
1,World War Two,Ch. 8: Rio De Janeiro,anger,0,0,NRC lexicon via tidytext/textdata
1,World War Two,Ch. 9: The McLean Va. Years,anger,0,0,NRC lexicon via tidytext/textdata
2,Earliest Memories,Ch. 10: Making a Career Change,anger,0,0,NRC lexicon via tidytext/textdata
2,Earliest Memories,Ch. 11: Post Rio to Retirement,anger,0,0,NRC lexicon via tidytext/textdata
2,Earliest Memories,Ch. 1: Earliest Memories,anger,0,0,NRC lexicon via tidytext/textdata
2,Earliest Memories,Ch. 2: The Teenage Period,anger,0,0,NRC lexicon via tidytext/textdata
2,Earliest Memories,Ch. 3: World War Two,anger,0,0,NRC lexicon via tidytext/textdata
2,Earliest Memories,Ch. 4: My College Years BYU and Colombia,anger,0,0,NRC lexicon via tidytext/textdata
2,Earliest Memories,Ch. 5: The CIA,anger,0,0,NRC lexicon via tidytext/textdata
2,Earliest Memories,Ch. 6: Montevideo Uruguay,anger,0,0,NRC lexicon via tidytext/textdata
2,Earliest Memories,Ch. 7: Headquarters Duty,anger,0,0,NRC lexicon via tidytext/textdata
2,Earliest Memories,Ch. 8: Rio De Janeiro,anger,0,0,NRC lexicon via tidytext/textdata
2,Earliest Memories,Ch. 9: The McLean Va. Years,anger,0,0,NRC lexicon via tidytext/textdata
2,Headquarters Duty,Ch. 10: Making a Career Change,anger,0,0,NRC lexicon via tidytext/textdata
2,Headquarters Duty,Ch. 11: Post Rio to Retirement,anger,0,0,NRC lexicon via tidytext/textdata
2,Headquarters Duty,Ch. 1: Earliest Memories,anger,0,0,NRC lexicon via tidytext/textdata
2,Headquarters Duty,Ch. 2: The Teenage Period,anger,0,0,NRC lexicon via tidytext/textdata
2,Headquarters Duty,Ch. 3: World War Two,anger,0,0,NRC lexicon via tidytext/textdata
2,Headquarters Duty,Ch. 4: My College Years BYU and Colombia,anger,0,0,NRC lexicon via tidytext/textdata
2,Headquarters Duty,Ch. 5: The CIA,anger,0,0,NRC lexicon via tidytext/textdata
2,Headquarters Duty,Ch. 6: Montevideo Uruguay,anger,0,0,NRC lexicon via tidytext/textdata
2,Headquarters Duty,Ch. 7: Headquarters Duty,anger,0,0,NRC lexicon via tidytext/textdata
2,Headquarters Duty,Ch. 8: Rio De Janeiro,anger,0,0,NRC lexicon via tidytext/textdata
2,Headquarters Duty,Ch. 9: The McLean Va. Years,anger,0,0,NRC lexicon via tidytext/textdata
2,Making a Career Change,Ch. 10: Making a Career Change,anger,0,0,NRC lexicon via tidytext/textdata
2,Making a Career Change,Ch. 11: Post Rio to Retirement,anger,0,0,NRC lexicon via tidytext/textdata
2,Making a Career Change,Ch. 1: Earliest Memories,anger,0,0,NRC lexicon via tidytext/textdata
2,Making a Career Change,Ch. 2: The Teenage Period,anger,0,0,NRC lexicon via tidytext/textdata
2,Making a Career Change,Ch. 3: World War Two,anger,0,0,NRC lexicon via tidytext/textdata
2,Making a Career Change,Ch. 4: My College Years BYU and Colombia,anger,0,0,NRC lexicon via tidytext/textdata
2,Making a Career Change,Ch. 5: The CIA,anger,0,0,NRC lexicon via tidytext/textdata
2,Making a Career Change,Ch. 6: Montevideo Uruguay,anger,0,0,NRC lexicon via tidytext/textdata
2,Making a Career Change,Ch. 7: Headquarters Duty,anger,0,0,NRC lexicon via tidytext/textdata
2,Making a Career Change,Ch. 8: Rio De Janeiro,anger,0,0,NRC lexicon via tidytext/textdata
2,Making a Career Change,Ch. 9: The McLean Va. Years,anger,0,0,NRC lexicon via tidytext/textdata
2,Montevideo Uruguay,Ch. 10: Making a Career Change,anger,0,0,NRC lexicon via tidytext/textdata
2,Montevideo Uruguay,Ch. 11: Post Rio to Retirement,anger,0,0,NRC lexicon via tidytext/textdata
2,Montevideo Uruguay,Ch. 1: Earliest Memories,anger,0,0,NRC lexicon via tidytext/textdata
2,Montevideo Uruguay,Ch. 2: The Teenage Period,anger,0,0,NRC lexicon via tidytext/textdata
2,Montevideo Uruguay,Ch. 3: World War Two,anger,0,0,NRC lexicon via tidytext/textdata
2,Montevideo Uruguay,Ch. 4: My College Years BYU and Colombia,anger,0,0,NRC lexicon via tidytext/textdata
2,Montevideo Uruguay,Ch. 5: The CIA,anger,0,0,NRC lexicon via tidytext/textdata
2,Montevideo Uruguay,Ch. 6: Montevideo Uruguay,anger,0,0,NRC lexicon via tidytext/textdata
2,Montevideo Uruguay,Ch. 7: Headquarters Duty,anger,0,0,NRC lexicon via tidytext/textdata
2,Montevideo Uruguay,Ch. 8: Rio De Janeiro,anger,0,0,NRC lexicon via tidytext/textdata
2,Montevideo Uruguay,Ch. 9: The McLean Va. Years,anger,0,0,NRC lexicon via tidytext/textdata
2,My College Years BYU and Colombia,Ch. 10: Making a Career Change,anger,0,0,NRC lexicon via tidytext/textdata
2,My College Years BYU and Colombia,Ch. 11: Post Rio to Retirement,anger,0,0,NRC lexicon via tidytext/textdata
2,My College Years BYU and Colombia,Ch. 1: Earliest Memories,anger,0,0,NRC lexicon via tidytext/textdata
2,My College Years BYU and Colombia,Ch. 2: The Teenage Period,anger,0,0,NRC lexicon via tidytext/textdata
2,My College Years BYU and Colombia,Ch. 3: World War Two,anger,0,0,NRC lexicon via tidytext/textdata
2,My College Years BYU and Colombia,Ch. 4: My College Years BYU and Colombia,anger,0,0,NRC lexicon via tidytext/textdata
2,My College Years BYU and Colombia,Ch. 5: The CIA,anger,0,0,NRC lexicon via tidytext/textdata
2,My College Years BYU and Colombia,Ch. 6: Montevideo Uruguay,anger,0,0,NRC lexicon via tidytext/textdata
2,My College Years BYU and Colombia,Ch. 7: Headquarters Duty,anger,0,0,NRC lexicon via tidytext/textdata
2,My College Years BYU and Colombia,Ch. 8: Rio De Janeiro,anger,0,0,NRC lexicon via tidytext/textdata
2,My College Years BYU and Colombia,Ch. 9: The McLean Va. Years,anger,0,0,NRC lexicon via tidytext/textdata
2,Post Rio to Retirement,Ch. 10: Making a Career Change,anger,0,0,NRC lexicon via tidytext/textdata
2,Post Rio to Retirement,Ch. 11: Post Rio to Retirement,anger,0,0,NRC lexicon via tidytext/textdata
2,Post Rio to Retirement,Ch. 1: Earliest Memories,anger,0,0,NRC lexicon via tidytext/textdata
2,Post Rio to Retirement,Ch. 2: The Teenage Period,anger,0,0,NRC lexicon via tidytext/textdata
2,Post Rio to Retirement,Ch. 3: World War Two,anger,0,0,NRC lexicon via tidytext/textdata
2,Post Rio to Retirement,Ch. 4: My College Years BYU and Colombia,anger,0,0,NRC lexicon via tidytext/textdata
2,Post Rio to Retirement,Ch. 5: The CIA,anger,0,0,NRC lexicon via tidytext/textdata
2,Post Rio to Retirement,Ch. 6: Montevideo Uruguay,anger,0,0,NRC lexicon via tidytext/textdata
2,Post Rio to Retirement,Ch. 7: Headquarters Duty,anger,0,0,NRC lexicon via tidytext/textdata
2,Post Rio to Retirement,Ch. 8: Rio De Janeiro,anger,0,0,NRC lexicon via tidytext/textdata
2,Post Rio to Retirement,Ch. 9: The McLean Va. Years,anger,0,0,NRC lexicon via tidytext/textdata
2,Rio De Janeiro,Ch. 10: Making a Career Change,anger,0,0,NRC lexicon via tidytext/textdata
2,Rio De Janeiro,Ch. 11: Post Rio to Retirement,anger,0,0,NRC lexicon via tidytext/textdata
2,Rio De Janeiro,Ch. 1: Earliest Memories,anger,0,0,NRC lexicon via tidytext/textdata
2,Rio De Janeiro,Ch. 2: The Teenage Period,anger,0,0,NRC lexicon via tidytext/textdata
2,Rio De Janeiro,Ch. 3: World War Two,anger,0,0,NRC lexicon via tidytext/textdata
2,Rio De Janeiro,Ch. 4: My College Years BYU and Colombia,anger,0,0,NRC lexicon via tidytext/textdata
2,Rio De Janeiro,Ch. 5: The CIA,anger,0,0,NRC lexicon via tidytext/textdata
2,Rio De Janeiro,Ch. 6: Montevideo Uruguay,anger,0,0,NRC lexicon via tidytext/textdata
2,Rio De Janeiro,Ch. 7: Headquarters Duty,anger,0,0,NRC lexicon via tidytext/textdata
2,Rio De Janeiro,Ch. 8: Rio De Janeiro,anger,0,0,NRC lexicon via tidytext/textdata
2,Rio De Janeiro,Ch. 9: The McLean Va. Years,anger,0,0,NRC lexicon via tidytext/textdata
2,The CIA,Ch. 10: Making a Career Change,anger,0,0,NRC lexicon via tidytext/textdata
2,The CIA,Ch. 11: Post Rio to Retirement,anger,0,0,NRC lexicon via tidytext/textdata
2,The CIA,Ch. 1: Earliest Memories,anger,0,0,NRC lexicon via tidytext/textdata
2,The CIA,Ch. 2: The Teenage Period,anger,0,0,NRC lexicon via tidytext/textdata
2,The CIA,Ch. 3: World War Two,anger,0,0,NRC lexicon via tidytext/textdata
2,The CIA,Ch. 4: My College Years BYU and Colombia,anger,0,0,NRC lexicon via tidytext/textdata
2,The CIA,Ch. 5: The CIA,anger,0,0,NRC lexicon via tidytext/textdata
2,The CIA,Ch. 6: Montevideo Uruguay,anger,0,0,NRC lexicon via tidytext/textdata
2,The CIA,Ch. 7: Headquarters Duty,anger,0,0,NRC lexicon via tidytext/textdata
2,The CIA,Ch. 8: Rio De Janeiro,anger,0,0,NRC lexicon via tidytext/textdata
2,The CIA,Ch. 9: The McLean Va. Years,anger,0,0,NRC lexicon via tidytext/textdata
2,The McLean Va. Years,Ch. 10: Making a Career Change,anger,0,0,NRC lexicon via tidytext/textdata
2,The McLean Va. Years,Ch. 11: Post Rio to Retirement,anger,0,0,NRC lexicon via tidytext/textdata
2,The McLean Va. Years,Ch. 1: Earliest Memories,anger,0,0,NRC lexicon via tidytext/textdata
2,The McLean Va. Years,Ch. 2: The Teenage Period,anger,0,0,NRC lexicon via tidytext/textdata
2,The McLean Va. Years,Ch. 3: World War Two,anger,0,0,NRC lexicon via tidytext/textdata
2,The McLean Va. Years,Ch. 4: My College Years BYU and Colombia,anger,0,0,NRC lexicon via tidytext/textdata
2,The McLean Va. Years,Ch. 5: The CIA,anger,0,0,NRC lexicon via tidytext/textdata
2,The McLean Va. Years,Ch. 6: Montevideo Uruguay,anger,0,0,NRC lexicon via tidytext/textdata
2,The McLean Va. Years,Ch. 7: Headquarters Duty,anger,0,0,NRC lexicon via tidytext/textdata
2,The McLean Va. Years,Ch. 8: Rio De Janeiro,anger,0,0,NRC lexicon via tidytext/textdata
2,The McLean Va. Years,Ch. 9: The McLean Va. Years,anger,0,0,NRC lexicon via tidytext/textdata
2,The Teenage Period,Ch. 10: Making a Career Change,anger,0,0,NRC lexicon via tidytext/textdata
2,The Teenage Period,Ch. 11: Post Rio to Retirement,anger,0,0,NRC lexicon via tidytext/textdata
2,The Teenage Period,Ch. 1: Earliest Memories,anger,0,0,NRC lexicon via tidytext/textdata
2,The Teenage Period,Ch. 2: The Teenage Period,trust,162,42.1107356381596,NRC lexicon via tidytext/textdata
2,The Teenage Period,Ch. 3: World War Two,anger,0,0,NRC lexicon via tidytext/textdata
2,The Teenage Period,Ch. 4: My College Years BYU and Colombia,anger,0,0,NRC lexicon via tidytext/textdata
2,The Teenage Period,Ch. 5: The CIA,anger,0,0,NRC lexicon via tidytext/textdata
2,The Teenage Period,Ch. 6: Montevideo Uruguay,anger,0,0,NRC lexicon via tidytext/textdata
2,The Teenage Period,Ch. 7: Headquarters Duty,anger,0,0,NRC lexicon via tidytext/textdata
2,The Teenage Period,Ch. 8: Rio De Janeiro,anger,0,0,NRC lexicon via tidytext/textdata
2,The Teenage Period,Ch. 9: The McLean Va. Years,anger,0,0,NRC lexicon via tidytext/textdata
2,World War Two,Ch. 10: Making a Career Change,anger,0,0,NRC lexicon via tidytext/textdata
2,World War Two,Ch. 11: Post Rio to Retirement,anger,0,0,NRC lexicon via tidytext/textdata
2,World War Two,Ch. 1: Earliest Memories,anger,0,0,NRC lexicon via tidytext/textdata
2,World War Two,Ch. 2: The Teenage Period,anger,0,0,NRC lexicon via tidytext/textdata
2,World War Two,Ch. 3: World War Two,anger,0,0,NRC lexicon via tidytext/textdata
2,World War Two,Ch. 4: My College Years BYU and Colombia,anger,0,0,NRC lexicon via tidytext/textdata
2,World War Two,Ch. 5: The CIA,anger,0,0,NRC lexicon via tidytext/textdata
2,World War Two,Ch. 6: Montevideo Uruguay,anger,0,0,NRC lexicon via tidytext/textdata
2,World War Two,Ch. 7: Headquarters Duty,anger,0,0,NRC lexicon via tidytext/textdata
2,World War Two,Ch. 8: Rio De Janeiro,anger,0,0,NRC lexicon via tidytext/textdata
2,World War Two,Ch. 9: The McLean Va. Years,anger,0,0,NRC lexicon via tidytext/textdata
3,Earliest Memories,Ch. 10: Making a Career Change,anger,0,0,NRC lexicon via tidytext/textdata
3,Earliest Memories,Ch. 11: Post Rio to Retirement,anger,0,0,NRC lexicon via tidytext/textdata
3,Earliest Memories,Ch. 1: Earliest Memories,anger,0,0,NRC lexicon via tidytext/textdata
3,Earliest Memories,Ch. 2: The Teenage Period,anger,0,0,NRC lexicon via tidytext/textdata
3,Earliest Memories,Ch. 3: World War Two,anger,0,0,NRC lexicon via tidytext/textdata
3,Earliest Memories,Ch. 4: My College Years BYU and Colombia,anger,0,0,NRC lexicon via tidytext/textdata
3,Earliest Memories,Ch. 5: The CIA,anger,0,0,NRC lexicon via tidytext/textdata
3,Earliest Memories,Ch. 6: Montevideo Uruguay,anger,0,0,NRC lexicon via tidytext/textdata
3,Earliest Memories,Ch. 7: Headquarters Duty,anger,0,0,NRC lexicon via tidytext/textdata
3,Earliest Memories,Ch. 8: Rio De Janeiro,anger,0,0,NRC lexicon via tidytext/textdata
3,Earliest Memories,Ch. 9: The McLean Va. Years,anger,0,0,NRC lexicon via tidytext/textdata
3,Headquarters Duty,Ch. 10: Making a Career Change,anger,0,0,NRC lexicon via tidytext/textdata
3,Headquarters Duty,Ch. 11: Post Rio to Retirement,anger,0,0,NRC lexicon via tidytext/textdata
3,Headquarters Duty,Ch. 1: Earliest Memories,anger,0,0,NRC lexicon via tidytext/textdata
3,Headquarters Duty,Ch. 2: The Teenage Period,anger,0,0,NRC lexicon via tidytext/textdata
3,Headquarters Duty,Ch. 3: World War Two,anger,0,0,NRC lexicon via tidytext/textdata
3,Headquarters Duty,Ch. 4: My College Years BYU and Colombia,anger,0,0,NRC lexicon via tidytext/textdata
3,Headquarters Duty,Ch. 5: The CIA,anger,0,0,NRC lexicon via tidytext/textdata
3,Headquarters Duty,Ch. 6: Montevideo Uruguay,anger,0,0,NRC lexicon via tidytext/textdata
3,Headquarters Duty,Ch. 7: Headquarters Duty,anger,0,0,NRC lexicon via tidytext/textdata
3,Headquarters Duty,Ch. 8: Rio De Janeiro,anger,0,0,NRC lexicon via tidytext/textdata
3,Headquarters Duty,Ch. 9: The McLean Va. Years,anger,0,0,NRC lexicon via tidytext/textdata
3,Making a Career Change,Ch. 10: Making a Career Change,anger,0,0,NRC lexicon via tidytext/textdata
3,Making a Career Change,Ch. 11: Post Rio to Retirement,anger,0,0,NRC lexicon via tidytext/textdata
3,Making a Career Change,Ch. 1: Earliest Memories,anger,0,0,NRC lexicon via tidytext/textdata
3,Making a Career Change,Ch. 2: The Teenage Period,anger,0,0,NRC lexicon via tidytext/textdata
3,Making a Career Change,Ch. 3: World War Two,anger,0,0,NRC lexicon via tidytext/textdata
3,Making a Career Change,Ch. 4: My College Years BYU and Colombia,anger,0,0,NRC lexicon via tidytext/textdata
3,Making a Career Change,Ch. 5: The CIA,anger,0,0,NRC lexicon via tidytext/textdata
3,Making a Career Change,Ch. 6: Montevideo Uruguay,anger,0,0,NRC lexicon via tidytext/textdata
3,Making a Career Change,Ch. 7: Headquarters Duty,anger,0,0,NRC lexicon via tidytext/textdata
3,Making a Career Change,Ch. 8: Rio De Janeiro,anger,0,0,NRC lexicon via tidytext/textdata
3,Making a Career Change,Ch. 9: The McLean Va. Years,anger,0,0,NRC lexicon via tidytext/textdata
3,Montevideo Uruguay,Ch. 10: Making a Career Change,anger,0,0,NRC lexicon via tidytext/textdata
3,Montevideo Uruguay,Ch. 11: Post Rio to Retirement,anger,0,0,NRC lexicon via tidytext/textdata
3,Montevideo Uruguay,Ch. 1: Earliest Memories,anger,0,0,NRC lexicon via tidytext/textdata
3,Montevideo Uruguay,Ch. 2: The Teenage Period,anger,0,0,NRC lexicon via tidytext/textdata
3,Montevideo Uruguay,Ch. 3: World War Two,anger,0,0,NRC lexicon via tidytext/textdata
3,Montevideo Uruguay,Ch. 4: My College Years BYU and Colombia,anger,0,0,NRC lexicon via tidytext/textdata
3,Montevideo Uruguay,Ch. 5: The CIA,anger,0,0,NRC lexicon via tidytext/textdata
3,Montevideo Uruguay,Ch. 6: Montevideo Uruguay,anger,0,0,NRC lexicon via tidytext/textdata
3,Montevideo Uruguay,Ch. 7: Headquarters Duty,anger,0,0,NRC lexicon via tidytext/textdata
3,Montevideo Uruguay,Ch. 8: Rio De Janeiro,anger,0,0,NRC lexicon via tidytext/textdata
3,Montevideo Uruguay,Ch. 9: The McLean Va. Years,anger,0,0,NRC lexicon via tidytext/textdata
3,My College Years BYU and Colombia,Ch. 10: Making a Career Change,anger,0,0,NRC lexicon via tidytext/textdata
3,My College Years BYU and Colombia,Ch. 11: Post Rio to Retirement,anger,0,0,NRC lexicon via tidytext/textdata
3,My College Years BYU and Colombia,Ch. 1: Earliest Memories,anger,0,0,NRC lexicon via tidytext/textdata
3,My College Years BYU and Colombia,Ch. 2: The Teenage Period,anger,0,0,NRC lexicon via tidytext/textdata
3,My College Years BYU and Colombia,Ch. 3: World War Two,anger,0,0,NRC lexicon via tidytext/textdata
3,My College Years BYU and Colombia,Ch. 4: My College Years BYU and Colombia,anger,0,0,NRC lexicon via tidytext/textdata
3,My College Years BYU and Colombia,Ch. 5: The CIA,anger,0,0,NRC lexicon via tidytext/textdata
3,My College Years BYU and Colombia,Ch. 6: Montevideo Uruguay,anger,0,0,NRC lexicon via tidytext/textdata
3,My College Years BYU and Colombia,Ch. 7: Headquarters Duty,anger,0,0,NRC lexicon via tidytext/textdata
3,My College Years BYU and Colombia,Ch. 8: Rio De Janeiro,anger,0,0,NRC lexicon via tidytext/textdata
3,My College Years BYU and Colombia,Ch. 9: The McLean Va. Years,anger,0,0,NRC lexicon via tidytext/textdata
3,Post Rio to Retirement,Ch. 10: Making a Career Change,anger,0,0,NRC lexicon via tidytext/textdata
3,Post Rio to Retirement,Ch. 11: Post Rio to Retirement,anger,0,0,NRC lexicon via tidytext/textdata
3,Post Rio to Retirement,Ch. 1: Earliest Memories,anger,0,0,NRC lexicon via tidytext/textdata
3,Post Rio to Retirement,Ch. 2: The Teenage Period,anger,0,0,NRC lexicon via tidytext/textdata
3,Post Rio to Retirement,Ch. 3: World War Two,anger,0,0,NRC lexicon via tidytext/textdata
3,Post Rio to Retirement,Ch. 4: My College Years BYU and Colombia,anger,0,0,NRC lexicon via tidytext/textdata
3,Post Rio to Retirement,Ch. 5: The CIA,anger,0,0,NRC lexicon via tidytext/textdata
3,Post Rio to Retirement,Ch. 6: Montevideo Uruguay,anger,0,0,NRC lexicon via tidytext/textdata
3,Post Rio to Retirement,Ch. 7: Headquarters Duty,anger,0,0,NRC lexicon via tidytext/textdata
3,Post Rio to Retirement,Ch. 8: Rio De Janeiro,anger,0,0,NRC lexicon via tidytext/textdata
3,Post Rio to Retirement,Ch. 9: The McLean Va. Years,anger,0,0,NRC lexicon via tidytext/textdata
3,Rio De Janeiro,Ch. 10: Making a Career Change,anger,0,0,NRC lexicon via tidytext/textdata
3,Rio De Janeiro,Ch. 11: Post Rio to Retirement,anger,0,0,NRC lexicon via tidytext/textdata
3,Rio De Janeiro,Ch. 1: Earliest Memories,anger,0,0,NRC lexicon via tidytext/textdata
3,Rio De Janeiro,Ch. 2: The Teenage Period,anger,0,0,NRC lexicon via tidytext/textdata
3,Rio De Janeiro,Ch. 3: World War Two,anger,0,0,NRC lexicon via tidytext/textdata
3,Rio De Janeiro,Ch. 4: My College Years BYU and Colombia,anger,0,0,NRC lexicon via tidytext/textdata
3,Rio De Janeiro,Ch. 5: The CIA,anger,0,0,NRC lexicon via tidytext/textdata
3,Rio De Janeiro,Ch. 6: Montevideo Uruguay,anger,0,0,NRC lexicon via tidytext/textdata
3,Rio De Janeiro,Ch. 7: Headquarters Duty,anger,0,0,NRC lexicon via tidytext/textdata
3,Rio De Janeiro,Ch. 8: Rio De Janeiro,anger,0,0,NRC lexicon via tidytext/textdata
3,Rio De Janeiro,Ch. 9: The McLean Va. Years,anger,0,0,NRC lexicon via tidytext/textdata
3,The CIA,Ch. 10: Making a Career Change,anger,0,0,NRC lexicon via tidytext/textdata
3,The CIA,Ch. 11: Post Rio to Retirement,anger,0,0,NRC lexicon via tidytext/textdata
3,The CIA,Ch. 1: Earliest Memories,anger,0,0,NRC lexicon via tidytext/textdata
3,The CIA,Ch. 2: The Teenage Period,anger,0,0,NRC lexicon via tidytext/textdata
3,The CIA,Ch. 3: World War Two,anger,0,0,NRC lexicon via tidytext/textdata
3,The CIA,Ch. 4: My College Years BYU and Colombia,anger,0,0,NRC lexicon via tidytext/textdata
3,The CIA,Ch. 5: The CIA,anger,0,0,NRC lexicon via tidytext/textdata
3,The CIA,Ch. 6: Montevideo Uruguay,anger,0,0,NRC lexicon via tidytext/textdata
3,The CIA,Ch. 7: Headquarters Duty,anger,0,0,NRC lexicon via tidytext/textdata
3,The CIA,Ch. 8: Rio De Janeiro,anger,0,0,NRC lexicon via tidytext/textdata
3,The CIA,Ch. 9: The McLean Va. Years,anger,0,0,NRC lexicon via tidytext/textdata
3,The McLean Va. Years,Ch. 10: Making a Career Change,anger,0,0,NRC lexicon via tidytext/textdata
3,The McLean Va. Years,Ch. 11: Post Rio to Retirement,anger,0,0,NRC lexicon via tidytext/textdata
3,The McLean Va. Years,Ch. 1: Earliest Memories,anger,0,0,NRC lexicon via tidytext/textdata
3,The McLean Va. Years,Ch. 2: The Teenage Period,anger,0,0,NRC lexicon via tidytext/textdata
3,The McLean Va. Years,Ch. 3: World War Two,anger,0,0,NRC lexicon via tidytext/textdata
3,The McLean Va. Years,Ch. 4: My College Years BYU and Colombia,anger,0,0,NRC lexicon via tidytext/textdata
3,The McLean Va. Years,Ch. 5: The CIA,anger,0,0,NRC lexicon via tidytext/textdata
3,The McLean Va. Years,Ch. 6: Montevideo Uruguay,anger,0,0,NRC lexicon via tidytext/textdata
3,The McLean Va. Years,Ch. 7: Headquarters Duty,anger,0,0,NRC lexicon via tidytext/textdata
3,The McLean Va. Years,Ch. 8: Rio De Janeiro,anger,0,0,NRC lexicon via tidytext/textdata
3,The McLean Va. Years,Ch. 9: The McLean Va. Years,anger,0,0,NRC lexicon via tidytext/textdata
3,The Teenage Period,Ch. 10: Making a Career Change,anger,0,0,NRC lexicon via tidytext/textdata
3,The Teenage Period,Ch. 11: Post Rio to Retirement,anger,0,0,NRC lexicon via tidytext/textdata
3,The Teenage Period,Ch. 1: Earliest Memories,anger,0,0,NRC lexicon via tidytext/textdata
3,The Teenage Period,Ch. 2: The Teenage Period,anger,0,0,NRC lexicon via tidytext/textdata
3,The Teenage Period,Ch. 3: World War Two,anger,0,0,NRC lexicon via tidytext/textdata
3,The Teenage Period,Ch. 4: My College Years BYU and Colombia,anger,0,0,NRC lexicon via tidytext/textdata
3,The Teenage Period,Ch. 5: The CIA,anger,0,0,NRC lexicon via tidytext/textdata
3,The Teenage Period,Ch. 6: Montevideo Uruguay,anger,0,0,NRC lexicon via tidytext/textdata
3,The Teenage Period,Ch. 7: Headquarters Duty,anger,0,0,NRC lexicon via tidytext/textdata
3,The Teenage Period,Ch. 8: Rio De Janeiro,anger,0,0,NRC lexicon via tidytext/textdata
3,The Teenage Period,Ch. 9: The McLean Va. Years,anger,0,0,NRC lexicon via tidytext/textdata
3,World War Two,Ch. 10: Making a Career Change,anger,0,0,NRC lexicon via tidytext/textdata
3,World War Two,Ch. 11: Post Rio to Retirement,anger,0,0,NRC lexicon via tidytext/textdata
3,World War Two,Ch. 1: Earliest Memories,anger,0,0,NRC lexicon via tidytext/textdata
3,World War Two,Ch. 2: The Teenage Period,anger,0,0,NRC lexicon via tidytext/textdata
3,World War Two,Ch. 3: World War Two,trust,73,26.613197229310973,NRC lexicon via tidytext/textdata
3,World War Two,Ch. 4: My College Years BYU and Colombia,anger,0,0,NRC lexicon via tidytext/textdata
3,World War Two,Ch. 5: The CIA,anger,0,0,NRC lexicon via tidytext/textdata
3,World War Two,Ch. 6: Montevideo Uruguay,anger,0,0,NRC lexicon via tidytext/textdata
3,World War Two,Ch. 7: Headquarters Duty,anger,0,0,NRC lexicon via tidytext/textdata
3,World War Two,Ch. 8: Rio De Janeiro,anger,0,0,NRC lexicon via tidytext/textdata
3,World War Two,Ch. 9: The McLean Va. Years,anger,0,0,NRC lexicon via tidytext/textdata
4,Earliest Memories,Ch. 10: Making a Career Change,anger,0,0,NRC lexicon via tidytext/textdata
4,Earliest Memories,Ch. 11: Post Rio to Retirement,anger,0,0,NRC lexicon via tidytext/textdata
4,Earliest Memories,Ch. 1: Earliest Memories,anger,0,0,NRC lexicon via tidytext/textdata
4,Earliest Memories,Ch. 2: The Teenage Period,anger,0,0,NRC lexicon via tidytext/textdata
4,Earliest Memories,Ch. 3: World War Two,anger,0,0,NRC lexicon via tidytext/textdata
4,Earliest Memories,Ch. 4: My College Years BYU and Colombia,anger,0,0,NRC lexicon via tidytext/textdata
4,Earliest Memories,Ch. 5: The CIA,anger,0,0,NRC lexicon via tidytext/textdata
4,Earliest Memories,Ch. 6: Montevideo Uruguay,anger,0,0,NRC lexicon via tidytext/textdata
4,Earliest Memories,Ch. 7: Headquarters Duty,anger,0,0,NRC lexicon via tidytext/textdata
4,Earliest Memories,Ch. 8: Rio De Janeiro,anger,0,0,NRC lexicon via tidytext/textdata
4,Earliest Memories,Ch. 9: The McLean Va. Years,anger,0,0,NRC lexicon via tidytext/textdata
4,Headquarters Duty,Ch. 10: Making a Career Change,anger,0,0,NRC lexicon via tidytext/textdata
4,Headquarters Duty,Ch. 11: Post Rio to Retirement,anger,0,0,NRC lexicon via tidytext/textdata
4,Headquarters Duty,Ch. 1: Earliest Memories,anger,0,0,NRC lexicon via tidytext/textdata
4,Headquarters Duty,Ch. 2: The Teenage Period,anger,0,0,NRC lexicon via tidytext/textdata
4,Headquarters Duty,Ch. 3: World War Two,anger,0,0,NRC lexicon via tidytext/textdata
4,Headquarters Duty,Ch. 4: My College Years BYU and Colombia,anger,0,0,NRC lexicon via tidytext/textdata
4,Headquarters Duty,Ch. 5: The CIA,anger,0,0,NRC lexicon via tidytext/textdata
4,Headquarters Duty,Ch. 6: Montevideo Uruguay,anger,0,0,NRC lexicon via tidytext/textdata
4,Headquarters Duty,Ch. 7: Headquarters Duty,anger,0,0,NRC lexicon via tidytext/textdata
4,Headquarters Duty,Ch. 8: Rio De Janeiro,anger,0,0,NRC lexicon via tidytext/textdata
4,Headquarters Duty,Ch. 9: The McLean Va. Years,anger,0,0,NRC lexicon via tidytext/textdata
4,Making a Career Change,Ch. 10: Making a Career Change,anger,0,0,NRC lexicon via tidytext/textdata
4,Making a Career Change,Ch. 11: Post Rio to Retirement,anger,0,0,NRC lexicon via tidytext/textdata
4,Making a Career Change,Ch. 1: Earliest Memories,anger,0,0,NRC lexicon via tidytext/textdata
4,Making a Career Change,Ch. 2: The Teenage Period,anger,0,0,NRC lexicon via tidytext/textdata
4,Making a Career Change,Ch. 3: World War Two,anger,0,0,NRC lexicon via tidytext/textdata
4,Making a Career Change,Ch. 4: My College Years BYU and Colombia,anger,0,0,NRC lexicon via tidytext/textdata
4,Making a Career Change,Ch. 5: The CIA,anger,0,0,NRC lexicon via tidytext/textdata
4,Making a Career Change,Ch. 6: Montevideo Uruguay,anger,0,0,NRC lexicon via tidytext/textdata
4,Making a Career Change,Ch. 7: Headquarters Duty,anger,0,0,NRC lexicon via tidytext/textdata
4,Making a Career Change,Ch. 8: Rio De Janeiro,anger,0,0,NRC lexicon via tidytext/textdata
4,Making a Career Change,Ch. 9: The McLean Va. Years,anger,0,0,NRC lexicon via tidytext/textdata
4,Montevideo Uruguay,Ch. 10: Making a Career Change,anger,0,0,NRC lexicon via tidytext/textdata
4,Montevideo Uruguay,Ch. 11: Post Rio to Retirement,anger,0,0,NRC lexicon via tidytext/textdata
4,Montevideo Uruguay,Ch. 1: Earliest Memories,anger,0,0,NRC lexicon via tidytext/textdata
4,Montevideo Uruguay,Ch. 2: The Teenage Period,anger,0,0,NRC lexicon via tidytext/textdata
4,Montevideo Uruguay,Ch. 3: World War Two,anger,0,0,NRC lexicon via tidytext/textdata
4,Montevideo Uruguay,Ch. 4: My College Years BYU and Colombia,anger,0,0,NRC lexicon via tidytext/textdata
4,Montevideo Uruguay,Ch. 5: The CIA,anger,0,0,NRC lexicon via tidytext/textdata
4,Montevideo Uruguay,Ch. 6: Montevideo Uruguay,anger,0,0,NRC lexicon via tidytext/textdata
4,Montevideo Uruguay,Ch. 7: Headquarters Duty,anger,0,0,NRC lexicon via tidytext/textdata
4,Montevideo Uruguay,Ch. 8: Rio De Janeiro,anger,0,0,NRC lexicon via tidytext/textdata
4,Montevideo Uruguay,Ch. 9: The McLean Va. Years,anger,0,0,NRC lexicon via tidytext/textdata
4,My College Years BYU and Colombia,Ch. 10: Making a Career Change,anger,0,0,NRC lexicon via tidytext/textdata
4,My College Years BYU and Colombia,Ch. 11: Post Rio to Retirement,anger,0,0,NRC lexicon via tidytext/textdata
4,My College Years BYU and Colombia,Ch. 1: Earliest Memories,anger,0,0,NRC lexicon via tidytext/textdata
4,My College Years BYU and Colombia,Ch. 2: The Teenage Period,anger,0,0,NRC lexicon via tidytext/textdata
4,My College Years BYU and Colombia,Ch. 3: World War Two,anger,0,0,NRC lexicon via tidytext/textdata
4,My College Years BYU and Colombia,Ch. 4: My College Years BYU and Colombia,trust,164,37.68382352941176,NRC lexicon via tidytext/textdata
4,My College Years BYU and Colombia,Ch. 5: The CIA,anger,0,0,NRC lexicon via tidytext/textdata
4,My College Years BYU and Colombia,Ch. 6: Montevideo Uruguay,anger,0,0,NRC lexicon via tidytext/textdata
4,My College Years BYU and Colombia,Ch. 7: Headquarters Duty,anger,0,0,NRC lexicon via tidytext/textdata
4,My College Years BYU and Colombia,Ch. 8: Rio De Janeiro,anger,0,0,NRC lexicon via tidytext/textdata
4,My College Years BYU and Colombia,Ch. 9: The McLean Va. Years,anger,0,0,NRC lexicon via tidytext/textdata
4,Post Rio to Retirement,Ch. 10: Making a Career Change,anger,0,0,NRC lexicon via tidytext/textdata
4,Post Rio to Retirement,Ch. 11: Post Rio to Retirement,anger,0,0,NRC lexicon via tidytext/textdata
4,Post Rio to Retirement,Ch. 1: Earliest Memories,anger,0,0,NRC lexicon via tidytext/textdata
4,Post Rio to Retirement,Ch. 2: The Teenage Period,anger,0,0,NRC lexicon via tidytext/textdata
4,Post Rio to Retirement,Ch. 3: World War Two,anger,0,0,NRC lexicon via tidytext/textdata
4,Post Rio to Retirement,Ch. 4: My College Years BYU and Colombia,anger,0,0,NRC lexicon via tidytext/textdata
4,Post Rio to Retirement,Ch. 5: The CIA,anger,0,0,NRC lexicon via tidytext/textdata
4,Post Rio to Retirement,Ch. 6: Montevideo Uruguay,anger,0,0,NRC lexicon via tidytext/textdata
4,Post Rio to Retirement,Ch. 7: Headquarters Duty,anger,0,0,NRC lexicon via tidytext/textdata
4,Post Rio to Retirement,Ch. 8: Rio De Janeiro,anger,0,0,NRC lexicon via tidytext/textdata
4,Post Rio to Retirement,Ch. 9: The McLean Va. Years,anger,0,0,NRC lexicon via tidytext/textdata
4,Rio De Janeiro,Ch. 10: Making a Career Change,anger,0,0,NRC lexicon via tidytext/textdata
4,Rio De Janeiro,Ch. 11: Post Rio to Retirement,anger,0,0,NRC lexicon via tidytext/textdata
4,Rio De Janeiro,Ch. 1: Earliest Memories,anger,0,0,NRC lexicon via tidytext/textdata
4,Rio De Janeiro,Ch. 2: The Teenage Period,anger,0,0,NRC lexicon via tidytext/textdata
4,Rio De Janeiro,Ch. 3: World War Two,anger,0,0,NRC lexicon via tidytext/textdata
4,Rio De Janeiro,Ch. 4: My College Years BYU and Colombia,anger,0,0,NRC lexicon via tidytext/textdata
4,Rio De Janeiro,Ch. 5: The CIA,anger,0,0,NRC lexicon via tidytext/textdata
4,Rio De Janeiro,Ch. 6: Montevideo Uruguay,anger,0,0,NRC lexicon via tidytext/textdata
4,Rio De Janeiro,Ch. 7: Headquarters Duty,anger,0,0,NRC lexicon via tidytext/textdata
4,Rio De Janeiro,Ch. 8: Rio De Janeiro,anger,0,0,NRC lexicon via tidytext/textdata
4,Rio De Janeiro,Ch. 9: The McLean Va. Years,anger,0,0,NRC lexicon via tidytext/textdata
4,The CIA,Ch. 10: Making a Career Change,anger,0,0,NRC lexicon via tidytext/textdata
4,The CIA,Ch. 11: Post Rio to Retirement,anger,0,0,NRC lexicon via tidytext/textdata
4,The CIA,Ch. 1: Earliest Memories,anger,0,0,NRC lexicon via tidytext/textdata
4,The CIA,Ch. 2: The Teenage Period,anger,0,0,NRC lexicon via tidytext/textdata
4,The CIA,Ch. 3: World War Two,anger,0,0,NRC lexicon via tidytext/textdata
4,The CIA,Ch. 4: My College Years BYU and Colombia,anger,0,0,NRC lexicon via tidytext/textdata
4,The CIA,Ch. 5: The CIA,anger,0,0,NRC lexicon via tidytext/textdata
4,The CIA,Ch. 6: Montevideo Uruguay,anger,0,0,NRC lexicon via tidytext/textdata
4,The CIA,Ch. 7: Headquarters Duty,anger,0,0,NRC lexicon via tidytext/textdata
4,The CIA,Ch. 8: Rio De Janeiro,anger,0,0,NRC lexicon via tidytext/textdata
4,The CIA,Ch. 9: The McLean Va. Years,anger,0,0,NRC lexicon via tidytext/textdata
4,The McLean Va. Years,Ch. 10: Making a Career Change,anger,0,0,NRC lexicon via tidytext/textdata
4,The McLean Va. Years,Ch. 11: Post Rio to Retirement,anger,0,0,NRC lexicon via tidytext/textdata
4,The McLean Va. Years,Ch. 1: Earliest Memories,anger,0,0,NRC lexicon via tidytext/textdata
4,The McLean Va. Years,Ch. 2: The Teenage Period,anger,0,0,NRC lexicon via tidytext/textdata
4,The McLean Va. Years,Ch. 3: World War Two,anger,0,0,NRC lexicon via tidytext/textdata
4,The McLean Va. Years,Ch. 4: My College Years BYU and Colombia,anger,0,0,NRC lexicon via tidytext/textdata
4,The McLean Va. Years,Ch. 5: The CIA,anger,0,0,NRC lexicon via tidytext/textdata
4,The McLean Va. Years,Ch. 6: Montevideo Uruguay,anger,0,0,NRC lexicon via tidytext/textdata
4,The McLean Va. Years,Ch. 7: Headquarters Duty,anger,0,0,NRC lexicon via tidytext/textdata
4,The McLean Va. Years,Ch. 8: Rio De Janeiro,anger,0,0,NRC lexicon via tidytext/textdata
4,The McLean Va. Years,Ch. 9: The McLean Va. Years,anger,0,0,NRC lexicon via tidytext/textdata
4,The Teenage Period,Ch. 10: Making a Career Change,anger,0,0,NRC lexicon via tidytext/textdata
4,The Teenage Period,Ch. 11: Post Rio to Retirement,anger,0,0,NRC lexicon via tidytext/textdata
4,The Teenage Period,Ch. 1: Earliest Memories,anger,0,0,NRC lexicon via tidytext/textdata
4,The Teenage Period,Ch. 2: The Teenage Period,anger,0,0,NRC lexicon via tidytext/textdata
4,The Teenage Period,Ch. 3: World War Two,anger,0,0,NRC lexicon via tidytext/textdata
4,The Teenage Period,Ch. 4: My College Years BYU and Colombia,anger,0,0,NRC lexicon via tidytext/textdata
4,The Teenage Period,Ch. 5: The CIA,anger,0,0,NRC lexicon via tidytext/textdata
4,The Teenage Period,Ch. 6: Montevideo Uruguay,anger,0,0,NRC lexicon via tidytext/textdata
4,The Teenage Period,Ch. 7: Headquarters Duty,anger,0,0,NRC lexicon via tidytext/textdata
4,The Teenage Period,Ch. 8: Rio De Janeiro,anger,0,0,NRC lexicon via tidytext/textdata
4,The Teenage Period,Ch. 9: The McLean Va. Years,anger,0,0,NRC lexicon via tidytext/textdata
4,World War Two,Ch. 10: Making a Career Change,anger,0,0,NRC lexicon via tidytext/textdata
4,World War Two,Ch. 11: Post Rio to Retirement,anger,0,0,NRC lexicon via tidytext/textdata
4,World War Two,Ch. 1: Earliest Memories,anger,0,0,NRC lexicon via tidytext/textdata
4,World War Two,Ch. 2: The Teenage Period,anger,0,0,NRC lexicon via tidytext/textdata
4,World War Two,Ch. 3: World War Two,anger,0,0,NRC lexicon via tidytext/textdata
4,World War Two,Ch. 4: My College Years BYU and Colombia,anger,0,0,NRC lexicon via tidytext/textdata
4,World War Two,Ch. 5: The CIA,anger,0,0,NRC lexicon via tidytext/textdata
4,World War Two,Ch. 6: Montevideo Uruguay,anger,0,0,NRC lexicon via tidytext/textdata
4,World War Two,Ch. 7: Headquarters Duty,anger,0,0,NRC lexicon via tidytext/textdata
4,World War Two,Ch. 8: Rio De Janeiro,anger,0,0,NRC lexicon via tidytext/textdata
4,World War Two,Ch. 9: The McLean Va. Years,anger,0,0,NRC lexicon via tidytext/textdata
5,Earliest Memories,Ch. 10: Making a Career Change,anger,0,0,NRC lexicon via tidytext/textdata
5,Earliest Memories,Ch. 11: Post Rio to Retirement,anger,0,0,NRC lexicon via tidytext/textdata
5,Earliest Memories,Ch. 1: Earliest Memories,anger,0,0,NRC lexicon via tidytext/textdata
5,Earliest Memories,Ch. 2: The Teenage Period,anger,0,0,NRC lexicon via tidytext/textdata
5,Earliest Memories,Ch. 3: World War Two,anger,0,0,NRC lexicon via tidytext/textdata
5,Earliest Memories,Ch. 4: My College Years BYU and Colombia,anger,0,0,NRC lexicon via tidytext/textdata
5,Earliest Memories,Ch. 5: The CIA,anger,0,0,NRC lexicon via tidytext/textdata
5,Earliest Memories,Ch. 6: Montevideo Uruguay,anger,0,0,NRC lexicon via tidytext/textdata
5,Earliest Memories,Ch. 7: Headquarters Duty,anger,0,0,NRC lexicon via tidytext/textdata
5,Earliest Memories,Ch. 8: Rio De Janeiro,anger,0,0,NRC lexicon via tidytext/textdata
5,Earliest Memories,Ch. 9: The McLean Va. Years,anger,0,0,NRC lexicon via tidytext/textdata
5,Headquarters Duty,Ch. 10: Making a Career Change,anger,0,0,NRC lexicon via tidytext/textdata
5,Headquarters Duty,Ch. 11: Post Rio to Retirement,anger,0,0,NRC lexicon via tidytext/textdata
5,Headquarters Duty,Ch. 1: Earliest Memories,anger,0,0,NRC lexicon via tidytext/textdata
5,Headquarters Duty,Ch. 2: The Teenage Period,anger,0,0,NRC lexicon via tidytext/textdata
5,Headquarters Duty,Ch. 3: World War Two,anger,0,0,NRC lexicon via tidytext/textdata
5,Headquarters Duty,Ch. 4: My College Years BYU and Colombia,anger,0,0,NRC lexicon via tidytext/textdata
5,Headquarters Duty,Ch. 5: The CIA,anger,0,0,NRC lexicon via tidytext/textdata
5,Headquarters Duty,Ch. 6: Montevideo Uruguay,anger,0,0,NRC lexicon via tidytext/textdata
5,Headquarters Duty,Ch. 7: Headquarters Duty,anger,0,0,NRC lexicon via tidytext/textdata
5,Headquarters Duty,Ch. 8: Rio De Janeiro,anger,0,0,NRC lexicon via tidytext/textdata
5,Headquarters Duty,Ch. 9: The McLean Va. Years,anger,0,0,NRC lexicon via tidytext/textdata
5,Making a Career Change,Ch. 10: Making a Career Change,anger,0,0,NRC lexicon via tidytext/textdata
5,Making a Career Change,Ch. 11: Post Rio to Retirement,anger,0,0,NRC lexicon via tidytext/textdata
5,Making a Career Change,Ch. 1: Earliest Memories,anger,0,0,NRC lexicon via tidytext/textdata
5,Making a Career Change,Ch. 2: The Teenage Period,anger,0,0,NRC lexicon via tidytext/textdata
5,Making a Career Change,Ch. 3: World War Two,anger,0,0,NRC lexicon via tidytext/textdata
5,Making a Career Change,Ch. 4: My College Years BYU and Colombia,anger,0,0,NRC lexicon via tidytext/textdata
5,Making a Career Change,Ch. 5: The CIA,anger,0,0,NRC lexicon via tidytext/textdata
5,Making a Career Change,Ch. 6: Montevideo Uruguay,anger,0,0,NRC lexicon via tidytext/textdata
5,Making a Career Change,Ch. 7: Headquarters Duty,anger,0,0,NRC lexicon via tidytext/textdata
5,Making a Career Change,Ch. 8: Rio De Janeiro,anger,0,0,NRC lexicon via tidytext/textdata
5,Making a Career Change,Ch. 9: The McLean Va. Years,anger,0,0,NRC lexicon via tidytext/textdata
5,Montevideo Uruguay,Ch. 10: Making a Career Change,anger,0,0,NRC lexicon via tidytext/textdata
5,Montevideo Uruguay,Ch. 11: Post Rio to Retirement,anger,0,0,NRC lexicon via tidytext/textdata
5,Montevideo Uruguay,Ch. 1: Earliest Memories,anger,0,0,NRC lexicon via tidytext/textdata
5,Montevideo Uruguay,Ch. 2: The Teenage Period,anger,0,0,NRC lexicon via tidytext/textdata
5,Montevideo Uruguay,Ch. 3: World War Two,anger,0,0,NRC lexicon via tidytext/textdata
5,Montevideo Uruguay,Ch. 4: My College Years BYU and Colombia,anger,0,0,NRC lexicon via tidytext/textdata
5,Montevideo Uruguay,Ch. 5: The CIA,anger,0,0,NRC lexicon via tidytext/textdata
5,Montevideo Uruguay,Ch. 6: Montevideo Uruguay,anger,0,0,NRC lexicon via tidytext/textdata
5,Montevideo Uruguay,Ch. 7: Headquarters Duty,anger,0,0,NRC lexicon via tidytext/textdata
5,Montevideo Uruguay,Ch. 8: Rio De Janeiro,anger,0,0,NRC lexicon via tidytext/textdata
5,Montevideo Uruguay,Ch. 9: The McLean Va. Years,anger,0,0,NRC lexicon via tidytext/textdata
5,My College Years BYU and Colombia,Ch. 10: Making a Career Change,anger,0,0,NRC lexicon via tidytext/textdata
5,My College Years BYU and Colombia,Ch. 11: Post Rio to Retirement,anger,0,0,NRC lexicon via tidytext/textdata
5,My College Years BYU and Colombia,Ch. 1: Earliest Memories,anger,0,0,NRC lexicon via tidytext/textdata
5,My College Years BYU and Colombia,Ch. 2: The Teenage Period,anger,0,0,NRC lexicon via tidytext/textdata
5,My College Years BYU and Colombia,Ch. 3: World War Two,anger,0,0,NRC lexicon via tidytext/textdata
5,My College Years BYU and Colombia,Ch. 4: My College Years BYU and Colombia,anger,0,0,NRC lexicon via tidytext/textdata
5,My College Years BYU and Colombia,Ch. 5: The CIA,anger,0,0,NRC lexicon via tidytext/textdata
5,My College Years BYU and Colombia,Ch. 6: Montevideo Uruguay,anger,0,0,NRC lexicon via tidytext/textdata
5,My College Years BYU and Colombia,Ch. 7: Headquarters Duty,anger,0,0,NRC lexicon via tidytext/textdata
5,My College Years BYU and Colombia,Ch. 8: Rio De Janeiro,anger,0,0,NRC lexicon via tidytext/textdata
5,My College Years BYU and Colombia,Ch. 9: The McLean Va. Years,anger,0,0,NRC lexicon via tidytext/textdata
5,Post Rio to Retirement,Ch. 10: Making a Career Change,anger,0,0,NRC lexicon via tidytext/textdata
5,Post Rio to Retirement,Ch. 11: Post Rio to Retirement,anger,0,0,NRC lexicon via tidytext/textdata
5,Post Rio to Retirement,Ch. 1: Earliest Memories,anger,0,0,NRC lexicon via tidytext/textdata
5,Post Rio to Retirement,Ch. 2: The Teenage Period,anger,0,0,NRC lexicon via tidytext/textdata
5,Post Rio to Retirement,Ch. 3: World War Two,anger,0,0,NRC lexicon via tidytext/textdata
5,Post Rio to Retirement,Ch. 4: My College Years BYU and Colombia,anger,0,0,NRC lexicon via tidytext/textdata
5,Post Rio to Retirement,Ch. 5: The CIA,anger,0,0,NRC lexicon via tidytext/textdata
5,Post Rio to Retirement,Ch. 6: Montevideo Uruguay,anger,0,0,NRC lexicon via tidytext/textdata
5,Post Rio to Retirement,Ch. 7: Headquarters Duty,anger,0,0,NRC lexicon via tidytext/textdata
5,Post Rio to Retirement,Ch. 8: Rio De Janeiro,anger,0,0,NRC lexicon via tidytext/textdata
5,Post Rio to Retirement,Ch. 9: The McLean Va. Years,anger,0,0,NRC lexicon via tidytext/textdata
5,Rio De Janeiro,Ch. 10: Making a Career Change,anger,0,0,NRC lexicon via tidytext/textdata
5,Rio De Janeiro,Ch. 11: Post Rio to Retirement,anger,0,0,NRC lexicon via tidytext/textdata
5,Rio De Janeiro,Ch. 1: Earliest Memories,anger,0,0,NRC lexicon via tidytext/textdata
5,Rio De Janeiro,Ch. 2: The Teenage Period,anger,0,0,NRC lexicon via tidytext/textdata
5,Rio De Janeiro,Ch. 3: World War Two,anger,0,0,NRC lexicon via tidytext/textdata
5,Rio De Janeiro,Ch. 4: My College Years BYU and Colombia,anger,0,0,NRC lexicon via tidytext/textdata
5,Rio De Janeiro,Ch. 5: The CIA,anger,0,0,NRC lexicon via tidytext/textdata
5,Rio De Janeiro,Ch. 6: Montevideo Uruguay,anger,0,0,NRC lexicon via tidytext/textdata
5,Rio De Janeiro,Ch. 7: Headquarters Duty,anger,0,0,NRC lexicon via tidytext/textdata
5,Rio De Janeiro,Ch. 8: Rio De Janeiro,anger,0,0,NRC lexicon via tidytext/textdata
5,Rio De Janeiro,Ch. 9: The McLean Va. Years,anger,0,0,NRC lexicon via tidytext/textdata
5,The CIA,Ch. 10: Making a Career Change,anger,0,0,NRC lexicon via tidytext/textdata
5,The CIA,Ch. 11: Post Rio to Retirement,anger,0,0,NRC lexicon via tidytext/textdata
5,The CIA,Ch. 1: Earliest Memories,anger,0,0,NRC lexicon via tidytext/textdata
5,The CIA,Ch. 2: The Teenage Period,anger,0,0,NRC lexicon via tidytext/textdata
5,The CIA,Ch. 3: World War Two,anger,0,0,NRC lexicon via tidytext/textdata
5,The CIA,Ch. 4: My College Years BYU and Colombia,anger,0,0,NRC lexicon via tidytext/textdata
5,The CIA,Ch. 5: The CIA,trust,188,28.829934059193373,NRC lexicon via tidytext/textdata
5,The CIA,Ch. 6: Montevideo Uruguay,anger,0,0,NRC lexicon via tidytext/textdata
5,The CIA,Ch. 7: Headquarters Duty,anger,0,0,NRC lexicon via tidytext/textdata
5,The CIA,Ch. 8: Rio De Janeiro,anger,0,0,NRC lexicon via tidytext/textdata
5,The CIA,Ch. 9: The McLean Va. Years,anger,0,0,NRC lexicon via tidytext/textdata
5,The McLean Va. Years,Ch. 10: Making a Career Change,anger,0,0,NRC lexicon via tidytext/textdata
5,The McLean Va. Years,Ch. 11: Post Rio to Retirement,anger,0,0,NRC lexicon via tidytext/textdata
5,The McLean Va. Years,Ch. 1: Earliest Memories,anger,0,0,NRC lexicon via tidytext/textdata
5,The McLean Va. Years,Ch. 2: The Teenage Period,anger,0,0,NRC lexicon via tidytext/textdata
5,The McLean Va. Years,Ch. 3: World War Two,anger,0,0,NRC lexicon via tidytext/textdata
5,The McLean Va. Years,Ch. 4: My College Years BYU and Colombia,anger,0,0,NRC lexicon via tidytext/textdata
5,The McLean Va. Years,Ch. 5: The CIA,anger,0,0,NRC lexicon via tidytext/textdata
5,The McLean Va. Years,Ch. 6: Montevideo Uruguay,anger,0,0,NRC lexicon via tidytext/textdata
5,The McLean Va. Years,Ch. 7: Headquarters Duty,anger,0,0,NRC lexicon via tidytext/textdata
5,The McLean Va. Years,Ch. 8: Rio De Janeiro,anger,0,0,NRC lexicon via tidytext/textdata
5,The McLean Va. Years,Ch. 9: The McLean Va. Years,anger,0,0,NRC lexicon via tidytext/textdata
5,The Teenage Period,Ch. 10: Making a Career Change,anger,0,0,NRC lexicon via tidytext/textdata
5,The Teenage Period,Ch. 11: Post Rio to Retirement,anger,0,0,NRC lexicon via tidytext/textdata
5,The Teenage Period,Ch. 1: Earliest Memories,anger,0,0,NRC lexicon via tidytext/textdata
5,The Teenage Period,Ch. 2: The Teenage Period,anger,0,0,NRC lexicon via tidytext/textdata
5,The Teenage Period,Ch. 3: World War Two,anger,0,0,NRC lexicon via tidytext/textdata
5,The Teenage Period,Ch. 4: My College Years BYU and Colombia,anger,0,0,NRC lexicon via tidytext/textdata
5,The Teenage Period,Ch. 5: The CIA,anger,0,0,NRC lexicon via tidytext/textdata
5,The Teenage Period,Ch. 6: Montevideo Uruguay,anger,0,0,NRC lexicon via tidytext/textdata
5,The Teenage Period,Ch. 7: Headquarters Duty,anger,0,0,NRC lexicon via tidytext/textdata
5,The Teenage Period,Ch. 8: Rio De Janeiro,anger,0,0,NRC lexicon via tidytext/textdata
5,The Teenage Period,Ch. 9: The McLean Va. Years,anger,0,0,NRC lexicon via tidytext/textdata
5,World War Two,Ch. 10: Making a Career Change,anger,0,0,NRC lexicon via tidytext/textdata
5,World War Two,Ch. 11: Post Rio to Retirement,anger,0,0,NRC lexicon via tidytext/textdata
5,World War Two,Ch. 1: Earliest Memories,anger,0,0,NRC lexicon via tidytext/textdata
5,World War Two,Ch. 2: The Teenage Period,anger,0,0,NRC lexicon via tidytext/textdata
5,World War Two,Ch. 3: World War Two,anger,0,0,NRC lexicon via tidytext/textdata
5,World War Two,Ch. 4: My College Years BYU and Colombia,anger,0,0,NRC lexicon via tidytext/textdata
5,World War Two,Ch. 5: The CIA,anger,0,0,NRC lexicon via tidytext/textdata
5,World War Two,Ch. 6: Montevideo Uruguay,anger,0,0,NRC lexicon via tidytext/textdata
5,World War Two,Ch. 7: Headquarters Duty,anger,0,0,NRC lexicon via tidytext/textdata
5,World War Two,Ch. 8: Rio De Janeiro,anger,0,0,NRC lexicon via tidytext/textdata
5,World War Two,Ch. 9: The McLean Va. Years,anger,0,0,NRC lexicon via tidytext/textdata
6,Earliest Memories,Ch. 10: Making a Career Change,anger,0,0,NRC lexicon via tidytext/textdata
6,Earliest Memories,Ch. 11: Post Rio to Retirement,anger,0,0,NRC lexicon via tidytext/textdata
6,Earliest Memories,Ch. 1: Earliest Memories,anger,0,0,NRC lexicon via tidytext/textdata
6,Earliest Memories,Ch. 2: The Teenage Period,anger,0,0,NRC lexicon via tidytext/textdata
6,Earliest Memories,Ch. 3: World War Two,anger,0,0,NRC lexicon via tidytext/textdata
6,Earliest Memories,Ch. 4: My College Years BYU and Colombia,anger,0,0,NRC lexicon via tidytext/textdata
6,Earliest Memories,Ch. 5: The CIA,anger,0,0,NRC lexicon via tidytext/textdata
6,Earliest Memories,Ch. 6: Montevideo Uruguay,anger,0,0,NRC lexicon via tidytext/textdata
6,Earliest Memories,Ch. 7: Headquarters Duty,anger,0,0,NRC lexicon via tidytext/textdata
6,Earliest Memories,Ch. 8: Rio De Janeiro,anger,0,0,NRC lexicon via tidytext/textdata
6,Earliest Memories,Ch. 9: The McLean Va. Years,anger,0,0,NRC lexicon via tidytext/textdata
6,Headquarters Duty,Ch. 10: Making a Career Change,anger,0,0,NRC lexicon via tidytext/textdata
6,Headquarters Duty,Ch. 11: Post Rio to Retirement,anger,0,0,NRC lexicon via tidytext/textdata
6,Headquarters Duty,Ch. 1: Earliest Memories,anger,0,0,NRC lexicon via tidytext/textdata
6,Headquarters Duty,Ch. 2: The Teenage Period,anger,0,0,NRC lexicon via tidytext/textdata
6,Headquarters Duty,Ch. 3: World War Two,anger,0,0,NRC lexicon via tidytext/textdata
6,Headquarters Duty,Ch. 4: My College Years BYU and Colombia,anger,0,0,NRC lexicon via tidytext/textdata
6,Headquarters Duty,Ch. 5: The CIA,anger,0,0,NRC lexicon via tidytext/textdata
6,Headquarters Duty,Ch. 6: Montevideo Uruguay,anger,0,0,NRC lexicon via tidytext/textdata
6,Headquarters Duty,Ch. 7: Headquarters Duty,anger,0,0,NRC lexicon via tidytext/textdata
6,Headquarters Duty,Ch. 8: Rio De Janeiro,anger,0,0,NRC lexicon via tidytext/textdata
6,Headquarters Duty,Ch. 9: The McLean Va. Years,anger,0,0,NRC lexicon via tidytext/textdata
6,Making a Career Change,Ch. 10: Making a Career Change,anger,0,0,NRC lexicon via tidytext/textdata
6,Making a Career Change,Ch. 11: Post Rio to Retirement,anger,0,0,NRC lexicon via tidytext/textdata
6,Making a Career Change,Ch. 1: Earliest Memories,anger,0,0,NRC lexicon via tidytext/textdata
6,Making a Career Change,Ch. 2: The Teenage Period,anger,0,0,NRC lexicon via tidytext/textdata
6,Making a Career Change,Ch. 3: World War Two,anger,0,0,NRC lexicon via tidytext/textdata
6,Making a Career Change,Ch. 4: My College Years BYU and Colombia,anger,0,0,NRC lexicon via tidytext/textdata
6,Making a Career Change,Ch. 5: The CIA,anger,0,0,NRC lexicon via tidytext/textdata
6,Making a Career Change,Ch. 6: Montevideo Uruguay,anger,0,0,NRC lexicon via tidytext/textdata
6,Making a Career Change,Ch. 7: Headquarters Duty,anger,0,0,NRC lexicon via tidytext/textdata
6,Making a Career Change,Ch. 8: Rio De Janeiro,anger,0,0,NRC lexicon via tidytext/textdata
6,Making a Career Change,Ch. 9: The McLean Va. Years,anger,0,0,NRC lexicon via tidytext/textdata
6,Montevideo Uruguay,Ch. 10: Making a Career Change,anger,0,0,NRC lexicon via tidytext/textdata
6,Montevideo Uruguay,Ch. 11: Post Rio to Retirement,anger,0,0,NRC lexicon via tidytext/textdata
6,Montevideo Uruguay,Ch. 1: Earliest Memories,anger,0,0,NRC lexicon via tidytext/textdata
6,Montevideo Uruguay,Ch. 2: The Teenage Period,anger,0,0,NRC lexicon via tidytext/textdata
6,Montevideo Uruguay,Ch. 3: World War Two,anger,0,0,NRC lexicon via tidytext/textdata
6,Montevideo Uruguay,Ch. 4: My College Years BYU and Colombia,anger,0,0,NRC lexicon via tidytext/textdata
6,Montevideo Uruguay,Ch. 5: The CIA,anger,0,0,NRC lexicon via tidytext/textdata
6,Montevideo Uruguay,Ch. 6: Montevideo Uruguay,trust,127,31.957725213890285,NRC lexicon via tidytext/textdata
6,Montevideo Uruguay,Ch. 7: Headquarters Duty,anger,0,0,NRC lexicon via tidytext/textdata
6,Montevideo Uruguay,Ch. 8: Rio De Janeiro,anger,0,0,NRC lexicon via tidytext/textdata
6,Montevideo Uruguay,Ch. 9: The McLean Va. Years,anger,0,0,NRC lexicon via tidytext/textdata
6,My College Years BYU and Colombia,Ch. 10: Making a Career Change,anger,0,0,NRC lexicon via tidytext/textdata
6,My College Years BYU and Colombia,Ch. 11: Post Rio to Retirement,anger,0,0,NRC lexicon via tidytext/textdata
6,My College Years BYU and Colombia,Ch. 1: Earliest Memories,anger,0,0,NRC lexicon via tidytext/textdata
6,My College Years BYU and Colombia,Ch. 2: The Teenage Period,anger,0,0,NRC lexicon via tidytext/textdata
6,My College Years BYU and Colombia,Ch. 3: World War Two,anger,0,0,NRC lexicon via tidytext/textdata
6,My College Years BYU and Colombia,Ch. 4: My College Years BYU and Colombia,anger,0,0,NRC lexicon via tidytext/textdata
6,My College Years BYU and Colombia,Ch. 5: The CIA,anger,0,0,NRC lexicon via tidytext/textdata
6,My College Years BYU and Colombia,Ch. 6: Montevideo Uruguay,anger,0,0,NRC lexicon via tidytext/textdata
6,My College Years BYU and Colombia,Ch. 7: Headquarters Duty,anger,0,0,NRC lexicon via tidytext/textdata
6,My College Years BYU and Colombia,Ch. 8: Rio De Janeiro,anger,0,0,NRC lexicon via tidytext/textdata
6,My College Years BYU and Colombia,Ch. 9: The McLean Va. Years,anger,0,0,NRC lexicon via tidytext/textdata
6,Post Rio to Retirement,Ch. 10: Making a Career Change,anger,0,0,NRC lexicon via tidytext/textdata
6,Post Rio to Retirement,Ch. 11: Post Rio to Retirement,anger,0,0,NRC lexicon via tidytext/textdata
6,Post Rio to Retirement,Ch. 1: Earliest Memories,anger,0,0,NRC lexicon via tidytext/textdata
6,Post Rio to Retirement,Ch. 2: The Teenage Period,anger,0,0,NRC lexicon via tidytext/textdata
6,Post Rio to Retirement,Ch. 3: World War Two,anger,0,0,NRC lexicon via tidytext/textdata
6,Post Rio to Retirement,Ch. 4: My College Years BYU and Colombia,anger,0,0,NRC lexicon via tidytext/textdata
6,Post Rio to Retirement,Ch. 5: The CIA,anger,0,0,NRC lexicon via tidytext/textdata
6,Post Rio to Retirement,Ch. 6: Montevideo Uruguay,anger,0,0,NRC lexicon via tidytext/textdata
6,Post Rio to Retirement,Ch. 7: Headquarters Duty,anger,0,0,NRC lexicon via tidytext/textdata
6,Post Rio to Retirement,Ch. 8: Rio De Janeiro,anger,0,0,NRC lexicon via tidytext/textdata
6,Post Rio to Retirement,Ch. 9: The McLean Va. Years,anger,0,0,NRC lexicon via tidytext/textdata
6,Rio De Janeiro,Ch. 10: Making a Career Change,anger,0,0,NRC lexicon via tidytext/textdata
6,Rio De Janeiro,Ch. 11: Post Rio to Retirement,anger,0,0,NRC lexicon via tidytext/textdata
6,Rio De Janeiro,Ch. 1: Earliest Memories,anger,0,0,NRC lexicon via tidytext/textdata
6,Rio De Janeiro,Ch. 2: The Teenage Period,anger,0,0,NRC lexicon via tidytext/textdata
6,Rio De Janeiro,Ch. 3: World War Two,anger,0,0,NRC lexicon via tidytext/textdata
6,Rio De Janeiro,Ch. 4: My College Years BYU and Colombia,anger,0,0,NRC lexicon via tidytext/textdata
6,Rio De Janeiro,Ch. 5: The CIA,anger,0,0,NRC lexicon via tidytext/textdata
6,Rio De Janeiro,Ch. 6: Montevideo Uruguay,anger,0,0,NRC lexicon via tidytext/textdata
6,Rio De Janeiro,Ch. 7: Headquarters Duty,anger,0,0,NRC lexicon via tidytext/textdata
6,Rio De Janeiro,Ch. 8: Rio De Janeiro,anger,0,0,NRC lexicon via tidytext/textdata
6,Rio De Janeiro,Ch. 9: The McLean Va. Years,anger,0,0,NRC lexicon via tidytext/textdata
6,The CIA,Ch. 10: Making a Career Change,anger,0,0,NRC lexicon via tidytext/textdata
6,The CIA,Ch. 11: Post Rio to Retirement,anger,0,0,NRC lexicon via tidytext/textdata
6,The CIA,Ch. 1: Earliest Memories,anger,0,0,NRC lexicon via tidytext/textdata
6,The CIA,Ch. 2: The Teenage Period,anger,0,0,NRC lexicon via tidytext/textdata
6,The CIA,Ch. 3: World War Two,anger,0,0,NRC lexicon via tidytext/textdata
6,The CIA,Ch. 4: My College Years BYU and Colombia,anger,0,0,NRC lexicon via tidytext/textdata
6,The CIA,Ch. 5: The CIA,anger,0,0,NRC lexicon via tidytext/textdata
6,The CIA,Ch. 6: Montevideo Uruguay,anger,0,0,NRC lexicon via tidytext/textdata
6,The CIA,Ch. 7: Headquarters Duty,anger,0,0,NRC lexicon via tidytext/textdata
6,The CIA,Ch. 8: Rio De Janeiro,anger,0,0,NRC lexicon via tidytext/textdata
6,The CIA,Ch. 9: The McLean Va. Years,anger,0,0,NRC lexicon via tidytext/textdata
6,The McLean Va. Years,Ch. 10: Making a Career Change,anger,0,0,NRC lexicon via tidytext/textdata
6,The McLean Va. Years,Ch. 11: Post Rio to Retirement,anger,0,0,NRC lexicon via tidytext/textdata
6,The McLean Va. Years,Ch. 1: Earliest Memories,anger,0,0,NRC lexicon via tidytext/textdata
6,The McLean Va. Years,Ch. 2: The Teenage Period,anger,0,0,NRC lexicon via tidytext/textdata
6,The McLean Va. Years,Ch. 3: World War Two,anger,0,0,NRC lexicon via tidytext/textdata
6,The McLean Va. Years,Ch. 4: My College Years BYU and Colombia,anger,0,0,NRC lexicon via tidytext/textdata
6,The McLean Va. Years,Ch. 5: The CIA,anger,0,0,NRC lexicon via tidytext/textdata
6,The McLean Va. Years,Ch. 6: Montevideo Uruguay,anger,0,0,NRC lexicon via tidytext/textdata
6,The McLean Va. Years,Ch. 7: Headquarters Duty,anger,0,0,NRC lexicon via tidytext/textdata
6,The McLean Va. Years,Ch. 8: Rio De Janeiro,anger,0,0,NRC lexicon via tidytext/textdata
6,The McLean Va. Years,Ch. 9: The McLean Va. Years,anger,0,0,NRC lexicon via tidytext/textdata
6,The Teenage Period,Ch. 10: Making a Career Change,anger,0,0,NRC lexicon via tidytext/textdata
6,The Teenage Period,Ch. 11: Post Rio to Retirement,anger,0,0,NRC lexicon via tidytext/textdata
6,The Teenage Period,Ch. 1: Earliest Memories,anger,0,0,NRC lexicon via tidytext/textdata
6,The Teenage Period,Ch. 2: The Teenage Period,anger,0,0,NRC lexicon via tidytext/textdata
6,The Teenage Period,Ch. 3: World War Two,anger,0,0,NRC lexicon via tidytext/textdata
6,The Teenage Period,Ch. 4: My College Years BYU and Colombia,anger,0,0,NRC lexicon via tidytext/textdata
6,The Teenage Period,Ch. 5: The CIA,anger,0,0,NRC lexicon via tidytext/textdata
6,The Teenage Period,Ch. 6: Montevideo Uruguay,anger,0,0,NRC lexicon via tidytext/textdata
6,The Teenage Period,Ch. 7: Headquarters Duty,anger,0,0,NRC lexicon via tidytext/textdata
6,The Teenage Period,Ch. 8: Rio De Janeiro,anger,0,0,NRC lexicon via tidytext/textdata
6,The Teenage Period,Ch. 9: The McLean Va. Years,anger,0,0,NRC lexicon via tidytext/textdata
6,World War Two,Ch. 10: Making a Career Change,anger,0,0,NRC lexicon via tidytext/textdata
6,World War Two,Ch. 11: Post Rio to Retirement,anger,0,0,NRC lexicon via tidytext/textdata
6,World War Two,Ch. 1: Earliest Memories,anger,0,0,NRC lexicon via tidytext/textdata
6,World War Two,Ch. 2: The Teenage Period,anger,0,0,NRC lexicon via tidytext/textdata
6,World War Two,Ch. 3: World War Two,anger,0,0,NRC lexicon via tidytext/textdata
6,World War Two,Ch. 4: My College Years BYU and Colombia,anger,0,0,NRC lexicon via tidytext/textdata
6,World War Two,Ch. 5: The CIA,anger,0,0,NRC lexicon via tidytext/textdata
6,World War Two,Ch. 6: Montevideo Uruguay,anger,0,0,NRC lexicon via tidytext/textdata
6,World War Two,Ch. 7: Headquarters Duty,anger,0,0,NRC lexicon via tidytext/textdata
6,World War Two,Ch. 8: Rio De Janeiro,anger,0,0,NRC lexicon via tidytext/textdata
6,World War Two,Ch. 9: The McLean Va. Years,anger,0,0,NRC lexicon via tidytext/textdata
7,Earliest Memories,Ch. 10: Making a Career Change,anger,0,0,NRC lexicon via tidytext/textdata
7,Earliest Memories,Ch. 11: Post Rio to Retirement,anger,0,0,NRC lexicon via tidytext/textdata
7,Earliest Memories,Ch. 1: Earliest Memories,anger,0,0,NRC lexicon via tidytext/textdata
7,Earliest Memories,Ch. 2: The Teenage Period,anger,0,0,NRC lexicon via tidytext/textdata
7,Earliest Memories,Ch. 3: World War Two,anger,0,0,NRC lexicon via tidytext/textdata
7,Earliest Memories,Ch. 4: My College Years BYU and Colombia,anger,0,0,NRC lexicon via tidytext/textdata
7,Earliest Memories,Ch. 5: The CIA,anger,0,0,NRC lexicon via tidytext/textdata
7,Earliest Memories,Ch. 6: Montevideo Uruguay,anger,0,0,NRC lexicon via tidytext/textdata
7,Earliest Memories,Ch. 7: Headquarters Duty,anger,0,0,NRC lexicon via tidytext/textdata
7,Earliest Memories,Ch. 8: Rio De Janeiro,anger,0,0,NRC lexicon via tidytext/textdata
7,Earliest Memories,Ch. 9: The McLean Va. Years,anger,0,0,NRC lexicon via tidytext/textdata
7,Headquarters Duty,Ch. 10: Making a Career Change,anger,0,0,NRC lexicon via tidytext/textdata
7,Headquarters Duty,Ch. 11: Post Rio to Retirement,anger,0,0,NRC lexicon via tidytext/textdata
7,Headquarters Duty,Ch. 1: Earliest Memories,anger,0,0,NRC lexicon via tidytext/textdata
7,Headquarters Duty,Ch. 2: The Teenage Period,anger,0,0,NRC lexicon via tidytext/textdata
7,Headquarters Duty,Ch. 3: World War Two,anger,0,0,NRC lexicon via tidytext/textdata
7,Headquarters Duty,Ch. 4: My College Years BYU and Colombia,anger,0,0,NRC lexicon via tidytext/textdata
7,Headquarters Duty,Ch. 5: The CIA,anger,0,0,NRC lexicon via tidytext/textdata
7,Headquarters Duty,Ch. 6: Montevideo Uruguay,anger,0,0,NRC lexicon via tidytext/textdata
7,Headquarters Duty,Ch. 7: Headquarters Duty,trust,132,33.18250377073907,NRC lexicon via tidytext/textdata
7,Headquarters Duty,Ch. 8: Rio De Janeiro,anger,0,0,NRC lexicon via tidytext/textdata
7,Headquarters Duty,Ch. 9: The McLean Va. Years,anger,0,0,NRC lexicon via tidytext/textdata
7,Making a Career Change,Ch. 10: Making a Career Change,anger,0,0,NRC lexicon via tidytext/textdata
7,Making a Career Change,Ch. 11: Post Rio to Retirement,anger,0,0,NRC lexicon via tidytext/textdata
7,Making a Career Change,Ch. 1: Earliest Memories,anger,0,0,NRC lexicon via tidytext/textdata
7,Making a Career Change,Ch. 2: The Teenage Period,anger,0,0,NRC lexicon via tidytext/textdata
7,Making a Career Change,Ch. 3: World War Two,anger,0,0,NRC lexicon via tidytext/textdata
7,Making a Career Change,Ch. 4: My College Years BYU and Colombia,anger,0,0,NRC lexicon via tidytext/textdata
7,Making a Career Change,Ch. 5: The CIA,anger,0,0,NRC lexicon via tidytext/textdata
7,Making a Career Change,Ch. 6: Montevideo Uruguay,anger,0,0,NRC lexicon via tidytext/textdata
7,Making a Career Change,Ch. 7: Headquarters Duty,anger,0,0,NRC lexicon via tidytext/textdata
7,Making a Career Change,Ch. 8: Rio De Janeiro,anger,0,0,NRC lexicon via tidytext/textdata
7,Making a Career Change,Ch. 9: The McLean Va. Years,anger,0,0,NRC lexicon via tidytext/textdata
7,Montevideo Uruguay,Ch. 10: Making a Career Change,anger,0,0,NRC lexicon via tidytext/textdata
7,Montevideo Uruguay,Ch. 11: Post Rio to Retirement,anger,0,0,NRC lexicon via tidytext/textdata
7,Montevideo Uruguay,Ch. 1: Earliest Memories,anger,0,0,NRC lexicon via tidytext/textdata
7,Montevideo Uruguay,Ch. 2: The Teenage Period,anger,0,0,NRC lexicon via tidytext/textdata
7,Montevideo Uruguay,Ch. 3: World War Two,anger,0,0,NRC lexicon via tidytext/textdata
7,Montevideo Uruguay,Ch. 4: My College Years BYU and Colombia,anger,0,0,NRC lexicon via tidytext/textdata
7,Montevideo Uruguay,Ch. 5: The CIA,anger,0,0,NRC lexicon via tidytext/textdata
7,Montevideo Uruguay,Ch. 6: Montevideo Uruguay,anger,0,0,NRC lexicon via tidytext/textdata
7,Montevideo Uruguay,Ch. 7: Headquarters Duty,anger,0,0,NRC lexicon via tidytext/textdata
7,Montevideo Uruguay,Ch. 8: Rio De Janeiro,anger,0,0,NRC lexicon via tidytext/textdata
7,Montevideo Uruguay,Ch. 9: The McLean Va. Years,anger,0,0,NRC lexicon via tidytext/textdata
7,My College Years BYU and Colombia,Ch. 10: Making a Career Change,anger,0,0,NRC lexicon via tidytext/textdata
7,My College Years BYU and Colombia,Ch. 11: Post Rio to Retirement,anger,0,0,NRC lexicon via tidytext/textdata
7,My College Years BYU and Colombia,Ch. 1: Earliest Memories,anger,0,0,NRC lexicon via tidytext/textdata
7,My College Years BYU and Colombia,Ch. 2: The Teenage Period,anger,0,0,NRC lexicon via tidytext/textdata
7,My College Years BYU and Colombia,Ch. 3: World War Two,anger,0,0,NRC lexicon via tidytext/textdata
7,My College Years BYU and Colombia,Ch. 4: My College Years BYU and Colombia,anger,0,0,NRC lexicon via tidytext/textdata
7,My College Years BYU and Colombia,Ch. 5: The CIA,anger,0,0,NRC lexicon via tidytext/textdata
7,My College Years BYU and Colombia,Ch. 6: Montevideo Uruguay,anger,0,0,NRC lexicon via tidytext/textdata
7,My College Years BYU and Colombia,Ch. 7: Headquarters Duty,anger,0,0,NRC lexicon via tidytext/textdata
7,My College Years BYU and Colombia,Ch. 8: Rio De Janeiro,anger,0,0,NRC lexicon via tidytext/textdata
7,My College Years BYU and Colombia,Ch. 9: The McLean Va. Years,anger,0,0,NRC lexicon via tidytext/textdata
7,Post Rio to Retirement,Ch. 10: Making a Career Change,anger,0,0,NRC lexicon via tidytext/textdata
7,Post Rio to Retirement,Ch. 11: Post Rio to Retirement,anger,0,0,NRC lexicon via tidytext/textdata
7,Post Rio to Retirement,Ch. 1: Earliest Memories,anger,0,0,NRC lexicon via tidytext/textdata
7,Post Rio to Retirement,Ch. 2: The Teenage Period,anger,0,0,NRC lexicon via tidytext/textdata
7,Post Rio to Retirement,Ch. 3: World War Two,anger,0,0,NRC lexicon via tidytext/textdata
7,Post Rio to Retirement,Ch. 4: My College Years BYU and Colombia,anger,0,0,NRC lexicon via tidytext/textdata
7,Post Rio to Retirement,Ch. 5: The CIA,anger,0,0,NRC lexicon via tidytext/textdata
7,Post Rio to Retirement,Ch. 6: Montevideo Uruguay,anger,0,0,NRC lexicon via tidytext/textdata
7,Post Rio to Retirement,Ch. 7: Headquarters Duty,anger,0,0,NRC lexicon via tidytext/textdata
7,Post Rio to Retirement,Ch. 8: Rio De Janeiro,anger,0,0,NRC lexicon via tidytext/textdata
7,Post Rio to Retirement,Ch. 9: The McLean Va. Years,anger,0,0,NRC lexicon via tidytext/textdata
7,Rio De Janeiro,Ch. 10: Making a Career Change,anger,0,0,NRC lexicon via tidytext/textdata
7,Rio De Janeiro,Ch. 11: Post Rio to Retirement,anger,0,0,NRC lexicon via tidytext/textdata
7,Rio De Janeiro,Ch. 1: Earliest Memories,anger,0,0,NRC lexicon via tidytext/textdata
7,Rio De Janeiro,Ch. 2: The Teenage Period,anger,0,0,NRC lexicon via tidytext/textdata
7,Rio De Janeiro,Ch. 3: World War Two,anger,0,0,NRC lexicon via tidytext/textdata
7,Rio De Janeiro,Ch. 4: My College Years BYU and Colombia,anger,0,0,NRC lexicon via tidytext/textdata
7,Rio De Janeiro,Ch. 5: The CIA,anger,0,0,NRC lexicon via tidytext/textdata
7,Rio De Janeiro,Ch. 6: Montevideo Uruguay,anger,0,0,NRC lexicon via tidytext/textdata
7,Rio De Janeiro,Ch. 7: Headquarters Duty,anger,0,0,NRC lexicon via tidytext/textdata
7,Rio De Janeiro,Ch. 8: Rio De Janeiro,anger,0,0,NRC lexicon via tidytext/textdata
7,Rio De Janeiro,Ch. 9: The McLean Va. Years,anger,0,0,NRC lexicon via tidytext/textdata
7,The CIA,Ch. 10: Making a Career Change,anger,0,0,NRC lexicon via tidytext/textdata
7,The CIA,Ch. 11: Post Rio to Retirement,anger,0,0,NRC lexicon via tidytext/textdata
7,The CIA,Ch. 1: Earliest Memories,anger,0,0,NRC lexicon via tidytext/textdata
7,The CIA,Ch. 2: The Teenage Period,anger,0,0,NRC lexicon via tidytext/textdata
7,The CIA,Ch. 3: World War Two,anger,0,0,NRC lexicon via tidytext/textdata
7,The CIA,Ch. 4: My College Years BYU and Colombia,anger,0,0,NRC lexicon via tidytext/textdata
7,The CIA,Ch. 5: The CIA,anger,0,0,NRC lexicon via tidytext/textdata
7,The CIA,Ch. 6: Montevideo Uruguay,anger,0,0,NRC lexicon via tidytext/textdata
7,The CIA,Ch. 7: Headquarters Duty,anger,0,0,NRC lexicon via tidytext/textdata
7,The CIA,Ch. 8: Rio De Janeiro,anger,0,0,NRC lexicon via tidytext/textdata
7,The CIA,Ch. 9: The McLean Va. Years,anger,0,0,NRC lexicon via tidytext/textdata
7,The McLean Va. Years,Ch. 10: Making a Career Change,anger,0,0,NRC lexicon via tidytext/textdata
7,The McLean Va. Years,Ch. 11: Post Rio to Retirement,anger,0,0,NRC lexicon via tidytext/textdata
7,The McLean Va. Years,Ch. 1: Earliest Memories,anger,0,0,NRC lexicon via tidytext/textdata
7,The McLean Va. Years,Ch. 2: The Teenage Period,anger,0,0,NRC lexicon via tidytext/textdata
7,The McLean Va. Years,Ch. 3: World War Two,anger,0,0,NRC lexicon via tidytext/textdata
7,The McLean Va. Years,Ch. 4: My College Years BYU and Colombia,anger,0,0,NRC lexicon via tidytext/textdata
7,The McLean Va. Years,Ch. 5: The CIA,anger,0,0,NRC lexicon via tidytext/textdata
7,The McLean Va. Years,Ch. 6: Montevideo Uruguay,anger,0,0,NRC lexicon via tidytext/textdata
7,The McLean Va. Years,Ch. 7: Headquarters Duty,anger,0,0,NRC lexicon via tidytext/textdata
7,The McLean Va. Years,Ch. 8: Rio De Janeiro,anger,0,0,NRC lexicon via tidytext/textdata
7,The McLean Va. Years,Ch. 9: The McLean Va. Years,anger,0,0,NRC lexicon via tidytext/textdata
7,The Teenage Period,Ch. 10: Making a Career Change,anger,0,0,NRC lexicon via tidytext/textdata
7,The Teenage Period,Ch. 11: Post Rio to Retirement,anger,0,0,NRC lexicon via tidytext/textdata
7,The Teenage Period,Ch. 1: Earliest Memories,anger,0,0,NRC lexicon via tidytext/textdata
7,The Teenage Period,Ch. 2: The Teenage Period,anger,0,0,NRC lexicon via tidytext/textdata
7,The Teenage Period,Ch. 3: World War Two,anger,0,0,NRC lexicon via tidytext/textdata
7,The Teenage Period,Ch. 4: My College Years BYU and Colombia,anger,0,0,NRC lexicon via tidytext/textdata
7,The Teenage Period,Ch. 5: The CIA,anger,0,0,NRC lexicon via tidytext/textdata
7,The Teenage Period,Ch. 6: Montevideo Uruguay,anger,0,0,NRC lexicon via tidytext/textdata
7,The Teenage Period,Ch. 7: Headquarters Duty,anger,0,0,NRC lexicon via tidytext/textdata
7,The Teenage Period,Ch. 8: Rio De Janeiro,anger,0,0,NRC lexicon via tidytext/textdata
7,The Teenage Period,Ch. 9: The McLean Va. Years,anger,0,0,NRC lexicon via tidytext/textdata
7,World War Two,Ch. 10: Making a Career Change,anger,0,0,NRC lexicon via tidytext/textdata
7,World War Two,Ch. 11: Post Rio to Retirement,anger,0,0,NRC lexicon via tidytext/textdata
7,World War Two,Ch. 1: Earliest Memories,anger,0,0,NRC lexicon via tidytext/textdata
7,World War Two,Ch. 2: The Teenage Period,anger,0,0,NRC lexicon via tidytext/textdata
7,World War Two,Ch. 3: World War Two,anger,0,0,NRC lexicon via tidytext/textdata
7,World War Two,Ch. 4: My College Years BYU and Colombia,anger,0,0,NRC lexicon via tidytext/textdata
7,World War Two,Ch. 5: The CIA,anger,0,0,NRC lexicon via tidytext/textdata
7,World War Two,Ch. 6: Montevideo Uruguay,anger,0,0,NRC lexicon via tidytext/textdata
7,World War Two,Ch. 7: Headquarters Duty,anger,0,0,NRC lexicon via tidytext/textdata
7,World War Two,Ch. 8: Rio De Janeiro,anger,0,0,NRC lexicon via tidytext/textdata
7,World War Two,Ch. 9: The McLean Va. Years,anger,0,0,NRC lexicon via tidytext/textdata
8,Earliest Memories,Ch. 10: Making a Career Change,anger,0,0,NRC lexicon via tidytext/textdata
8,Earliest Memories,Ch. 11: Post Rio to Retirement,anger,0,0,NRC lexicon via tidytext/textdata
8,Earliest Memories,Ch. 1: Earliest Memories,anger,0,0,NRC lexicon via tidytext/textdata
8,Earliest Memories,Ch. 2: The Teenage Period,anger,0,0,NRC lexicon via tidytext/textdata
8,Earliest Memories,Ch. 3: World War Two,anger,0,0,NRC lexicon via tidytext/textdata
8,Earliest Memories,Ch. 4: My College Years BYU and Colombia,anger,0,0,NRC lexicon via tidytext/textdata
8,Earliest Memories,Ch. 5: The CIA,anger,0,0,NRC lexicon via tidytext/textdata
8,Earliest Memories,Ch. 6: Montevideo Uruguay,anger,0,0,NRC lexicon via tidytext/textdata
8,Earliest Memories,Ch. 7: Headquarters Duty,anger,0,0,NRC lexicon via tidytext/textdata
8,Earliest Memories,Ch. 8: Rio De Janeiro,anger,0,0,NRC lexicon via tidytext/textdata
8,Earliest Memories,Ch. 9: The McLean Va. Years,anger,0,0,NRC lexicon via tidytext/textdata
8,Headquarters Duty,Ch. 10: Making a Career Change,anger,0,0,NRC lexicon via tidytext/textdata
8,Headquarters Duty,Ch. 11: Post Rio to Retirement,anger,0,0,NRC lexicon via tidytext/textdata
8,Headquarters Duty,Ch. 1: Earliest Memories,anger,0,0,NRC lexicon via tidytext/textdata
8,Headquarters Duty,Ch. 2: The Teenage Period,anger,0,0,NRC lexicon via tidytext/textdata
8,Headquarters Duty,Ch. 3: World War Two,anger,0,0,NRC lexicon via tidytext/textdata
8,Headquarters Duty,Ch. 4: My College Years BYU and Colombia,anger,0,0,NRC lexicon via tidytext/textdata
8,Headquarters Duty,Ch. 5: The CIA,anger,0,0,NRC lexicon via tidytext/textdata
8,Headquarters Duty,Ch. 6: Montevideo Uruguay,anger,0,0,NRC lexicon via tidytext/textdata
8,Headquarters Duty,Ch. 7: Headquarters Duty,anger,0,0,NRC lexicon via tidytext/textdata
8,Headquarters Duty,Ch. 8: Rio De Janeiro,anger,0,0,NRC lexicon via tidytext/textdata
8,Headquarters Duty,Ch. 9: The McLean Va. Years,anger,0,0,NRC lexicon via tidytext/textdata
8,Making a Career Change,Ch. 10: Making a Career Change,anger,0,0,NRC lexicon via tidytext/textdata
8,Making a Career Change,Ch. 11: Post Rio to Retirement,anger,0,0,NRC lexicon via tidytext/textdata
8,Making a Career Change,Ch. 1: Earliest Memories,anger,0,0,NRC lexicon via tidytext/textdata
8,Making a Career Change,Ch. 2: The Teenage Period,anger,0,0,NRC lexicon via tidytext/textdata
8,Making a Career Change,Ch. 3: World War Two,anger,0,0,NRC lexicon via tidytext/textdata
8,Making a Career Change,Ch. 4: My College Years BYU and Colombia,anger,0,0,NRC lexicon via tidytext/textdata
8,Making a Career Change,Ch. 5: The CIA,anger,0,0,NRC lexicon via tidytext/textdata
8,Making a Career Change,Ch. 6: Montevideo Uruguay,anger,0,0,NRC lexicon via tidytext/textdata
8,Making a Career Change,Ch. 7: Headquarters Duty,anger,0,0,NRC lexicon via tidytext/textdata
8,Making a Career Change,Ch. 8: Rio De Janeiro,anger,0,0,NRC lexicon via tidytext/textdata
8,Making a Career Change,Ch. 9: The McLean Va. Years,anger,0,0,NRC lexicon via tidytext/textdata
8,Montevideo Uruguay,Ch. 10: Making a Career Change,anger,0,0,NRC lexicon via tidytext/textdata
8,Montevideo Uruguay,Ch. 11: Post Rio to Retirement,anger,0,0,NRC lexicon via tidytext/textdata
8,Montevideo Uruguay,Ch. 1: Earliest Memories,anger,0,0,NRC lexicon via tidytext/textdata
8,Montevideo Uruguay,Ch. 2: The Teenage Period,anger,0,0,NRC lexicon via tidytext/textdata
8,Montevideo Uruguay,Ch. 3: World War Two,anger,0,0,NRC lexicon via tidytext/textdata
8,Montevideo Uruguay,Ch. 4: My College Years BYU and Colombia,anger,0,0,NRC lexicon via tidytext/textdata
8,Montevideo Uruguay,Ch. 5: The CIA,anger,0,0,NRC lexicon via tidytext/textdata
8,Montevideo Uruguay,Ch. 6: Montevideo Uruguay,anger,0,0,NRC lexicon via tidytext/textdata
8,Montevideo Uruguay,Ch. 7: Headquarters Duty,anger,0,0,NRC lexicon via tidytext/textdata
8,Montevideo Uruguay,Ch. 8: Rio De Janeiro,anger,0,0,NRC lexicon via tidytext/textdata
8,Montevideo Uruguay,Ch. 9: The McLean Va. Years,anger,0,0,NRC lexicon via tidytext/textdata
8,My College Years BYU and Colombia,Ch. 10: Making a Career Change,anger,0,0,NRC lexicon via tidytext/textdata
8,My College Years BYU and Colombia,Ch. 11: Post Rio to Retirement,anger,0,0,NRC lexicon via tidytext/textdata
8,My College Years BYU and Colombia,Ch. 1: Earliest Memories,anger,0,0,NRC lexicon via tidytext/textdata
8,My College Years BYU and Colombia,Ch. 2: The Teenage Period,anger,0,0,NRC lexicon via tidytext/textdata
8,My College Years BYU and Colombia,Ch. 3: World War Two,anger,0,0,NRC lexicon via tidytext/textdata
8,My College Years BYU and Colombia,Ch. 4: My College Years BYU and Colombia,anger,0,0,NRC lexicon via tidytext/textdata
8,My College Years BYU and Colombia,Ch. 5: The CIA,anger,0,0,NRC lexicon via tidytext/textdata
8,My College Years BYU and Colombia,Ch. 6: Montevideo Uruguay,anger,0,0,NRC lexicon via tidytext/textdata
8,My College Years BYU and Colombia,Ch. 7: Headquarters Duty,anger,0,0,NRC lexicon via tidytext/textdata
8,My College Years BYU and Colombia,Ch. 8: Rio De Janeiro,anger,0,0,NRC lexicon via tidytext/textdata
8,My College Years BYU and Colombia,Ch. 9: The McLean Va. Years,anger,0,0,NRC lexicon via tidytext/textdata
8,Post Rio to Retirement,Ch. 10: Making a Career Change,anger,0,0,NRC lexicon via tidytext/textdata
8,Post Rio to Retirement,Ch. 11: Post Rio to Retirement,anger,0,0,NRC lexicon via tidytext/textdata
8,Post Rio to Retirement,Ch. 1: Earliest Memories,anger,0,0,NRC lexicon via tidytext/textdata
8,Post Rio to Retirement,Ch. 2: The Teenage Period,anger,0,0,NRC lexicon via tidytext/textdata
8,Post Rio to Retirement,Ch. 3: World War Two,anger,0,0,NRC lexicon via tidytext/textdata
8,Post Rio to Retirement,Ch. 4: My College Years BYU and Colombia,anger,0,0,NRC lexicon via tidytext/textdata
8,Post Rio to Retirement,Ch. 5: The CIA,anger,0,0,NRC lexicon via tidytext/textdata
8,Post Rio to Retirement,Ch. 6: Montevideo Uruguay,anger,0,0,NRC lexicon via tidytext/textdata
8,Post Rio to Retirement,Ch. 7: Headquarters Duty,anger,0,0,NRC lexicon via tidytext/textdata
8,Post Rio to Retirement,Ch. 8: Rio De Janeiro,anger,0,0,NRC lexicon via tidytext/textdata
8,Post Rio to Retirement,Ch. 9: The McLean Va. Years,anger,0,0,NRC lexicon via tidytext/textdata
8,Rio De Janeiro,Ch. 10: Making a Career Change,anger,0,0,NRC lexicon via tidytext/textdata
8,Rio De Janeiro,Ch. 11: Post Rio to Retirement,anger,0,0,NRC lexicon via tidytext/textdata
8,Rio De Janeiro,Ch. 1: Earliest Memories,anger,0,0,NRC lexicon via tidytext/textdata
8,Rio De Janeiro,Ch. 2: The Teenage Period,anger,0,0,NRC lexicon via tidytext/textdata
8,Rio De Janeiro,Ch. 3: World War Two,anger,0,0,NRC lexicon via tidytext/textdata
8,Rio De Janeiro,Ch. 4: My College Years BYU and Colombia,anger,0,0,NRC lexicon via tidytext/textdata
8,Rio De Janeiro,Ch. 5: The CIA,anger,0,0,NRC lexicon via tidytext/textdata
8,Rio De Janeiro,Ch. 6: Montevideo Uruguay,anger,0,0,NRC lexicon via tidytext/textdata
8,Rio De Janeiro,Ch. 7: Headquarters Duty,anger,0,0,NRC lexicon via tidytext/textdata
8,Rio De Janeiro,Ch. 8: Rio De Janeiro,trust,81,25.64914502849905,NRC lexicon via tidytext/textdata
8,Rio De Janeiro,Ch. 9: The McLean Va. Years,anger,0,0,NRC lexicon via tidytext/textdata
8,The CIA,Ch. 10: Making a Career Change,anger,0,0,NRC lexicon via tidytext/textdata
8,The CIA,Ch. 11: Post Rio to Retirement,anger,0,0,NRC lexicon via tidytext/textdata
8,The CIA,Ch. 1: Earliest Memories,anger,0,0,NRC lexicon via tidytext/textdata
8,The CIA,Ch. 2: The Teenage Period,anger,0,0,NRC lexicon via tidytext/textdata
8,The CIA,Ch. 3: World War Two,anger,0,0,NRC lexicon via tidytext/textdata
8,The CIA,Ch. 4: My College Years BYU and Colombia,anger,0,0,NRC lexicon via tidytext/textdata
8,The CIA,Ch. 5: The CIA,anger,0,0,NRC lexicon via tidytext/textdata
8,The CIA,Ch. 6: Montevideo Uruguay,anger,0,0,NRC lexicon via tidytext/textdata
8,The CIA,Ch. 7: Headquarters Duty,anger,0,0,NRC lexicon via tidytext/textdata
8,The CIA,Ch. 8: Rio De Janeiro,anger,0,0,NRC lexicon via tidytext/textdata
8,The CIA,Ch. 9: The McLean Va. Years,anger,0,0,NRC lexicon via tidytext/textdata
8,The McLean Va. Years,Ch. 10: Making a Career Change,anger,0,0,NRC lexicon via tidytext/textdata
8,The McLean Va. Years,Ch. 11: Post Rio to Retirement,anger,0,0,NRC lexicon via tidytext/textdata
8,The McLean Va. Years,Ch. 1: Earliest Memories,anger,0,0,NRC lexicon via tidytext/textdata
8,The McLean Va. Years,Ch. 2: The Teenage Period,anger,0,0,NRC lexicon via tidytext/textdata
8,The McLean Va. Years,Ch. 3: World War Two,anger,0,0,NRC lexicon via tidytext/textdata
8,The McLean Va. Years,Ch. 4: My College Years BYU and Colombia,anger,0,0,NRC lexicon via tidytext/textdata
8,The McLean Va. Years,Ch. 5: The CIA,anger,0,0,NRC lexicon via tidytext/textdata
8,The McLean Va. Years,Ch. 6: Montevideo Uruguay,anger,0,0,NRC lexicon via tidytext/textdata
8,The McLean Va. Years,Ch. 7: Headquarters Duty,anger,0,0,NRC lexicon via tidytext/textdata
8,The McLean Va. Years,Ch. 8: Rio De Janeiro,anger,0,0,NRC lexicon via tidytext/textdata
8,The McLean Va. Years,Ch. 9: The McLean Va. Years,anger,0,0,NRC lexicon via tidytext/textdata
8,The Teenage Period,Ch. 10: Making a Career Change,anger,0,0,NRC lexicon via tidytext/textdata
8,The Teenage Period,Ch. 11: Post Rio to Retirement,anger,0,0,NRC lexicon via tidytext/textdata
8,The Teenage Period,Ch. 1: Earliest Memories,anger,0,0,NRC lexicon via tidytext/textdata
8,The Teenage Period,Ch. 2: The Teenage Period,anger,0,0,NRC lexicon via tidytext/textdata
8,The Teenage Period,Ch. 3: World War Two,anger,0,0,NRC lexicon via tidytext/textdata
8,The Teenage Period,Ch. 4: My College Years BYU and Colombia,anger,0,0,NRC lexicon via tidytext/textdata
8,The Teenage Period,Ch. 5: The CIA,anger,0,0,NRC lexicon via tidytext/textdata
8,The Teenage Period,Ch. 6: Montevideo Uruguay,anger,0,0,NRC lexicon via tidytext/textdata
8,The Teenage Period,Ch. 7: Headquarters Duty,anger,0,0,NRC lexicon via tidytext/textdata
8,The Teenage Period,Ch. 8: Rio De Janeiro,anger,0,0,NRC lexicon via tidytext/textdata
8,The Teenage Period,Ch. 9: The McLean Va. Years,anger,0,0,NRC lexicon via tidytext/textdata
8,World War Two,Ch. 10: Making a Career Change,anger,0,0,NRC lexicon via tidytext/textdata
8,World War Two,Ch. 11: Post Rio to Retirement,anger,0,0,NRC lexicon via tidytext/textdata
8,World War Two,Ch. 1: Earliest Memories,anger,0,0,NRC lexicon via tidytext/textdata
8,World War Two,Ch. 2: The Teenage Period,anger,0,0,NRC lexicon via tidytext/textdata
8,World War Two,Ch. 3: World War Two,anger,0,0,NRC lexicon via tidytext/textdata
8,World War Two,Ch. 4: My College Years BYU and Colombia,anger,0,0,NRC lexicon via tidytext/textdata
8,World War Two,Ch. 5: The CIA,anger,0,0,NRC lexicon via tidytext/textdata
8,World War Two,Ch. 6: Montevideo Uruguay,anger,0,0,NRC lexicon via tidytext/textdata
8,World War Two,Ch. 7: Headquarters Duty,anger,0,0,NRC lexicon via tidytext/textdata
8,World War Two,Ch. 8: Rio De Janeiro,anger,0,0,NRC lexicon via tidytext/textdata
8,World War Two,Ch. 9: The McLean Va. Years,anger,0,0,NRC lexicon via tidytext/textdata
9,Earliest Memories,Ch. 10: Making a Career Change,anger,0,0,NRC lexicon via tidytext/textdata
9,Earliest Memories,Ch. 11: Post Rio to Retirement,anger,0,0,NRC lexicon via tidytext/textdata
9,Earliest Memories,Ch. 1: Earliest Memories,anger,0,0,NRC lexicon via tidytext/textdata
9,Earliest Memories,Ch. 2: The Teenage Period,anger,0,0,NRC lexicon via tidytext/textdata
9,Earliest Memories,Ch. 3: World War Two,anger,0,0,NRC lexicon via tidytext/textdata
9,Earliest Memories,Ch. 4: My College Years BYU and Colombia,anger,0,0,NRC lexicon via tidytext/textdata
9,Earliest Memories,Ch. 5: The CIA,anger,0,0,NRC lexicon via tidytext/textdata
9,Earliest Memories,Ch. 6: Montevideo Uruguay,anger,0,0,NRC lexicon via tidytext/textdata
9,Earliest Memories,Ch. 7: Headquarters Duty,anger,0,0,NRC lexicon via tidytext/textdata
9,Earliest Memories,Ch. 8: Rio De Janeiro,anger,0,0,NRC lexicon via tidytext/textdata
9,Earliest Memories,Ch. 9: The McLean Va. Years,anger,0,0,NRC lexicon via tidytext/textdata
9,Headquarters Duty,Ch. 10: Making a Career Change,anger,0,0,NRC lexicon via tidytext/textdata
9,Headquarters Duty,Ch. 11: Post Rio to Retirement,anger,0,0,NRC lexicon via tidytext/textdata
9,Headquarters Duty,Ch. 1: Earliest Memories,anger,0,0,NRC lexicon via tidytext/textdata
9,Headquarters Duty,Ch. 2: The Teenage Period,anger,0,0,NRC lexicon via tidytext/textdata
9,Headquarters Duty,Ch. 3: World War Two,anger,0,0,NRC lexicon via tidytext/textdata
9,Headquarters Duty,Ch. 4: My College Years BYU and Colombia,anger,0,0,NRC lexicon via tidytext/textdata
9,Headquarters Duty,Ch. 5: The CIA,anger,0,0,NRC lexicon via tidytext/textdata
9,Headquarters Duty,Ch. 6: Montevideo Uruguay,anger,0,0,NRC lexicon via tidytext/textdata
9,Headquarters Duty,Ch. 7: Headquarters Duty,anger,0,0,NRC lexicon via tidytext/textdata
9,Headquarters Duty,Ch. 8: Rio De Janeiro,anger,0,0,NRC lexicon via tidytext/textdata
9,Headquarters Duty,Ch. 9: The McLean Va. Years,anger,0,0,NRC lexicon via tidytext/textdata
9,Making a Career Change,Ch. 10: Making a Career Change,anger,0,0,NRC lexicon via tidytext/textdata
9,Making a Career Change,Ch. 11: Post Rio to Retirement,anger,0,0,NRC lexicon via tidytext/textdata
9,Making a Career Change,Ch. 1: Earliest Memories,anger,0,0,NRC lexicon via tidytext/textdata
9,Making a Career Change,Ch. 2: The Teenage Period,anger,0,0,NRC lexicon via tidytext/textdata
9,Making a Career Change,Ch. 3: World War Two,anger,0,0,NRC lexicon via tidytext/textdata
9,Making a Career Change,Ch. 4: My College Years BYU and Colombia,anger,0,0,NRC lexicon via tidytext/textdata
9,Making a Career Change,Ch. 5: The CIA,anger,0,0,NRC lexicon via tidytext/textdata
9,Making a Career Change,Ch. 6: Montevideo Uruguay,anger,0,0,NRC lexicon via tidytext/textdata
9,Making a Career Change,Ch. 7: Headquarters Duty,anger,0,0,NRC lexicon via tidytext/textdata
9,Making a Career Change,Ch. 8: Rio De Janeiro,anger,0,0,NRC lexicon via tidytext/textdata
9,Making a Career Change,Ch. 9: The McLean Va. Years,anger,0,0,NRC lexicon via tidytext/textdata
9,Montevideo Uruguay,Ch. 10: Making a Career Change,anger,0,0,NRC lexicon via tidytext/textdata
9,Montevideo Uruguay,Ch. 11: Post Rio to Retirement,anger,0,0,NRC lexicon via tidytext/textdata
9,Montevideo Uruguay,Ch. 1: Earliest Memories,anger,0,0,NRC lexicon via tidytext/textdata
9,Montevideo Uruguay,Ch. 2: The Teenage Period,anger,0,0,NRC lexicon via tidytext/textdata
9,Montevideo Uruguay,Ch. 3: World War Two,anger,0,0,NRC lexicon via tidytext/textdata
9,Montevideo Uruguay,Ch. 4: My College Years BYU and Colombia,anger,0,0,NRC lexicon via tidytext/textdata
9,Montevideo Uruguay,Ch. 5: The CIA,anger,0,0,NRC lexicon via tidytext/textdata
9,Montevideo Uruguay,Ch. 6: Montevideo Uruguay,anger,0,0,NRC lexicon via tidytext/textdata
9,Montevideo Uruguay,Ch. 7: Headquarters Duty,anger,0,0,NRC lexicon via tidytext/textdata
9,Montevideo Uruguay,Ch. 8: Rio De Janeiro,anger,0,0,NRC lexicon via tidytext/textdata
9,Montevideo Uruguay,Ch. 9: The McLean Va. Years,anger,0,0,NRC lexicon via tidytext/textdata
9,My College Years BYU and Colombia,Ch. 10: Making a Career Change,anger,0,0,NRC lexicon via tidytext/textdata
9,My College Years BYU and Colombia,Ch. 11: Post Rio to Retirement,anger,0,0,NRC lexicon via tidytext/textdata
9,My College Years BYU and Colombia,Ch. 1: Earliest Memories,anger,0,0,NRC lexicon via tidytext/textdata
9,My College Years BYU and Colombia,Ch. 2: The Teenage Period,anger,0,0,NRC lexicon via tidytext/textdata
9,My College Years BYU and Colombia,Ch. 3: World War Two,anger,0,0,NRC lexicon via tidytext/textdata
9,My College Years BYU and Colombia,Ch. 4: My College Years BYU and Colombia,anger,0,0,NRC lexicon via tidytext/textdata
9,My College Years BYU and Colombia,Ch. 5: The CIA,anger,0,0,NRC lexicon via tidytext/textdata
9,My College Years BYU and Colombia,Ch. 6: Montevideo Uruguay,anger,0,0,NRC lexicon via tidytext/textdata
9,My College Years BYU and Colombia,Ch. 7: Headquarters Duty,anger,0,0,NRC lexicon via tidytext/textdata
9,My College Years BYU and Colombia,Ch. 8: Rio De Janeiro,anger,0,0,NRC lexicon via tidytext/textdata
9,My College Years BYU and Colombia,Ch. 9: The McLean Va. Years,anger,0,0,NRC lexicon via tidytext/textdata
9,Post Rio to Retirement,Ch. 10: Making a Career Change,anger,0,0,NRC lexicon via tidytext/textdata
9,Post Rio to Retirement,Ch. 11: Post Rio to Retirement,anger,0,0,NRC lexicon via tidytext/textdata
9,Post Rio to Retirement,Ch. 1: Earliest Memories,anger,0,0,NRC lexicon via tidytext/textdata
9,Post Rio to Retirement,Ch. 2: The Teenage Period,anger,0,0,NRC lexicon via tidytext/textdata
9,Post Rio to Retirement,Ch. 3: World War Two,anger,0,0,NRC lexicon via tidytext/textdata
9,Post Rio to Retirement,Ch. 4: My College Years BYU and Colombia,anger,0,0,NRC lexicon via tidytext/textdata
9,Post Rio to Retirement,Ch. 5: The CIA,anger,0,0,NRC lexicon via tidytext/textdata
9,Post Rio to Retirement,Ch. 6: Montevideo Uruguay,anger,0,0,NRC lexicon via tidytext/textdata
9,Post Rio to Retirement,Ch. 7: Headquarters Duty,anger,0,0,NRC lexicon via tidytext/textdata
9,Post Rio to Retirement,Ch. 8: Rio De Janeiro,anger,0,0,NRC lexicon via tidytext/textdata
9,Post Rio to Retirement,Ch. 9: The McLean Va. Years,anger,0,0,NRC lexicon via tidytext/textdata
9,Rio De Janeiro,Ch. 10: Making a Career Change,anger,0,0,NRC lexicon via tidytext/textdata
9,Rio De Janeiro,Ch. 11: Post Rio to Retirement,anger,0,0,NRC lexicon via tidytext/textdata
9,Rio De Janeiro,Ch. 1: Earliest Memories,anger,0,0,NRC lexicon via tidytext/textdata
9,Rio De Janeiro,Ch. 2: The Teenage Period,anger,0,0,NRC lexicon via tidytext/textdata
9,Rio De Janeiro,Ch. 3: World War Two,anger,0,0,NRC lexicon via tidytext/textdata
9,Rio De Janeiro,Ch. 4: My College Years BYU and Colombia,anger,0,0,NRC lexicon via tidytext/textdata
9,Rio De Janeiro,Ch. 5: The CIA,anger,0,0,NRC lexicon via tidytext/textdata
9,Rio De Janeiro,Ch. 6: Montevideo Uruguay,anger,0,0,NRC lexicon via tidytext/textdata
9,Rio De Janeiro,Ch. 7: Headquarters Duty,anger,0,0,NRC lexicon via tidytext/textdata
9,Rio De Janeiro,Ch. 8: Rio De Janeiro,anger,0,0,NRC lexicon via tidytext/textdata
9,Rio De Janeiro,Ch. 9: The McLean Va. Years,anger,0,0,NRC lexicon via tidytext/textdata
9,The CIA,Ch. 10: Making a Career Change,anger,0,0,NRC lexicon via tidytext/textdata
9,The CIA,Ch. 11: Post Rio to Retirement,anger,0,0,NRC lexicon via tidytext/textdata
9,The CIA,Ch. 1: Earliest Memories,anger,0,0,NRC lexicon via tidytext/textdata
9,The CIA,Ch. 2: The Teenage Period,anger,0,0,NRC lexicon via tidytext/textdata
9,The CIA,Ch. 3: World War Two,anger,0,0,NRC lexicon via tidytext/textdata
9,The CIA,Ch. 4: My College Years BYU and Colombia,anger,0,0,NRC lexicon via tidytext/textdata
9,The CIA,Ch. 5: The CIA,anger,0,0,NRC lexicon via tidytext/textdata
9,The CIA,Ch. 6: Montevideo Uruguay,anger,0,0,NRC lexicon via tidytext/textdata
9,The CIA,Ch. 7: Headquarters Duty,anger,0,0,NRC lexicon via tidytext/textdata
9,The CIA,Ch. 8: Rio De Janeiro,anger,0,0,NRC lexicon via tidytext/textdata
9,The CIA,Ch. 9: The McLean Va. Years,anger,0,0,NRC lexicon via tidytext/textdata
9,The McLean Va. Years,Ch. 10: Making a Career Change,anger,0,0,NRC lexicon via tidytext/textdata
9,The McLean Va. Years,Ch. 11: Post Rio to Retirement,anger,0,0,NRC lexicon via tidytext/textdata
9,The McLean Va. Years,Ch. 1: Earliest Memories,anger,0,0,NRC lexicon via tidytext/textdata
9,The McLean Va. Years,Ch. 2: The Teenage Period,anger,0,0,NRC lexicon via tidytext/textdata
9,The McLean Va. Years,Ch. 3: World War Two,anger,0,0,NRC lexicon via tidytext/textdata
9,The McLean Va. Years,Ch. 4: My College Years BYU and Colombia,anger,0,0,NRC lexicon via tidytext/textdata
9,The McLean Va. Years,Ch. 5: The CIA,anger,0,0,NRC lexicon via tidytext/textdata
9,The McLean Va. Years,Ch. 6: Montevideo Uruguay,anger,0,0,NRC lexicon via tidytext/textdata
9,The McLean Va. Years,Ch. 7: Headquarters Duty,anger,0,0,NRC lexicon via tidytext/textdata
9,The McLean Va. Years,Ch. 8: Rio De Janeiro,anger,0,0,NRC lexicon via tidytext/textdata
9,The McLean Va. Years,Ch. 9: The McLean Va. Years,trust,45,33.9622641509434,NRC lexicon via tidytext/textdata
9,The Teenage Period,Ch. 10: Making a Career Change,anger,0,0,NRC lexicon via tidytext/textdata
9,The Teenage Period,Ch. 11: Post Rio to Retirement,anger,0,0,NRC lexicon via tidytext/textdata
9,The Teenage Period,Ch. 1: Earliest Memories,anger,0,0,NRC lexicon via tidytext/textdata
9,The Teenage Period,Ch. 2: The Teenage Period,anger,0,0,NRC lexicon via tidytext/textdata
9,The Teenage Period,Ch. 3: World War Two,anger,0,0,NRC lexicon via tidytext/textdata
9,The Teenage Period,Ch. 4: My College Years BYU and Colombia,anger,0,0,NRC lexicon via tidytext/textdata
9,The Teenage Period,Ch. 5: The CIA,anger,0,0,NRC lexicon via tidytext/textdata
9,The Teenage Period,Ch. 6: Montevideo Uruguay,anger,0,0,NRC lexicon via tidytext/textdata
9,The Teenage Period,Ch. 7: Headquarters Duty,anger,0,0,NRC lexicon via tidytext/textdata
9,The Teenage Period,Ch. 8: Rio De Janeiro,anger,0,0,NRC lexicon via tidytext/textdata
9,The Teenage Period,Ch. 9: The McLean Va. Years,anger,0,0,NRC lexicon via tidytext/textdata
9,World War Two,Ch. 10: Making a Career Change,anger,0,0,NRC lexicon via tidytext/textdata
9,World War Two,Ch. 11: Post Rio to Retirement,anger,0,0,NRC lexicon via tidytext/textdata
9,World War Two,Ch. 1: Earliest Memories,anger,0,0,NRC lexicon via tidytext/textdata
9,World War Two,Ch. 2: The Teenage Period,anger,0,0,NRC lexicon via tidytext/textdata
9,World War Two,Ch. 3: World War Two,anger,0,0,NRC lexicon via tidytext/textdata
9,World War Two,Ch. 4: My College Years BYU and Colombia,anger,0,0,NRC lexicon via tidytext/textdata
9,World War Two,Ch. 5: The CIA,anger,0,0,NRC lexicon via tidytext/textdata
9,World War Two,Ch. 6: Montevideo Uruguay,anger,0,0,NRC lexicon via tidytext/textdata
9,World War Two,Ch. 7: Headquarters Duty,anger,0,0,NRC lexicon via tidytext/textdata
9,World War Two,Ch. 8: Rio De Janeiro,anger,0,0,NRC lexicon via tidytext/textdata
9,World War Two,Ch. 9: The McLean Va. Years,anger,0,0,NRC lexicon via tidytext/textdata
10,Earliest Memories,Ch. 10: Making a Career Change,anger,0,0,NRC lexicon via tidytext/textdata
10,Earliest Memories,Ch. 11: Post Rio to Retirement,anger,0,0,NRC lexicon via tidytext/textdata
10,Earliest Memories,Ch. 1: Earliest Memories,anger,0,0,NRC lexicon via tidytext/textdata
10,Earliest Memories,Ch. 2: The Teenage Period,anger,0,0,NRC lexicon via tidytext/textdata
10,Earliest Memories,Ch. 3: World War Two,anger,0,0,NRC lexicon via tidytext/textdata
10,Earliest Memories,Ch. 4: My College Years BYU and Colombia,anger,0,0,NRC lexicon via tidytext/textdata
10,Earliest Memories,Ch. 5: The CIA,anger,0,0,NRC lexicon via tidytext/textdata
10,Earliest Memories,Ch. 6: Montevideo Uruguay,anger,0,0,NRC lexicon via tidytext/textdata
10,Earliest Memories,Ch. 7: Headquarters Duty,anger,0,0,NRC lexicon via tidytext/textdata
10,Earliest Memories,Ch. 8: Rio De Janeiro,anger,0,0,NRC lexicon via tidytext/textdata
10,Earliest Memories,Ch. 9: The McLean Va. Years,anger,0,0,NRC lexicon via tidytext/textdata
10,Headquarters Duty,Ch. 10: Making a Career Change,anger,0,0,NRC lexicon via tidytext/textdata
10,Headquarters Duty,Ch. 11: Post Rio to Retirement,anger,0,0,NRC lexicon via tidytext/textdata
10,Headquarters Duty,Ch. 1: Earliest Memories,anger,0,0,NRC lexicon via tidytext/textdata
10,Headquarters Duty,Ch. 2: The Teenage Period,anger,0,0,NRC lexicon via tidytext/textdata
10,Headquarters Duty,Ch. 3: World War Two,anger,0,0,NRC lexicon via tidytext/textdata
10,Headquarters Duty,Ch. 4: My College Years BYU and Colombia,anger,0,0,NRC lexicon via tidytext/textdata
10,Headquarters Duty,Ch. 5: The CIA,anger,0,0,NRC lexicon via tidytext/textdata
10,Headquarters Duty,Ch. 6: Montevideo Uruguay,anger,0,0,NRC lexicon via tidytext/textdata
10,Headquarters Duty,Ch. 7: Headquarters Duty,anger,0,0,NRC lexicon via tidytext/textdata
10,Headquarters Duty,Ch. 8: Rio De Janeiro,anger,0,0,NRC lexicon via tidytext/textdata
10,Headquarters Duty,Ch. 9: The McLean Va. Years,anger,0,0,NRC lexicon via tidytext/textdata
10,Making a Career Change,Ch. 10: Making a Career Change,trust,122,44.65592972181552,NRC lexicon via tidytext/textdata
10,Making a Career Change,Ch. 11: Post Rio to Retirement,anger,0,0,NRC lexicon via tidytext/textdata
10,Making a Career Change,Ch. 1: Earliest Memories,anger,0,0,NRC lexicon via tidytext/textdata
10,Making a Career Change,Ch. 2: The Teenage Period,anger,0,0,NRC lexicon via tidytext/textdata
10,Making a Career Change,Ch. 3: World War Two,anger,0,0,NRC lexicon via tidytext/textdata
10,Making a Career Change,Ch. 4: My College Years BYU and Colombia,anger,0,0,NRC lexicon via tidytext/textdata
10,Making a Career Change,Ch. 5: The CIA,anger,0,0,NRC lexicon via tidytext/textdata
10,Making a Career Change,Ch. 6: Montevideo Uruguay,anger,0,0,NRC lexicon via tidytext/textdata
10,Making a Career Change,Ch. 7: Headquarters Duty,anger,0,0,NRC lexicon via tidytext/textdata
10,Making a Career Change,Ch. 8: Rio De Janeiro,anger,0,0,NRC lexicon via tidytext/textdata
10,Making a Career Change,Ch. 9: The McLean Va. Years,anger,0,0,NRC lexicon via tidytext/textdata
10,Montevideo Uruguay,Ch. 10: Making a Career Change,anger,0,0,NRC lexicon via tidytext/textdata
10,Montevideo Uruguay,Ch. 11: Post Rio to Retirement,anger,0,0,NRC lexicon via tidytext/textdata
10,Montevideo Uruguay,Ch. 1: Earliest Memories,anger,0,0,NRC lexicon via tidytext/textdata
10,Montevideo Uruguay,Ch. 2: The Teenage Period,anger,0,0,NRC lexicon via tidytext/textdata
10,Montevideo Uruguay,Ch. 3: World War Two,anger,0,0,NRC lexicon via tidytext/textdata
10,Montevideo Uruguay,Ch. 4: My College Years BYU and Colombia,anger,0,0,NRC lexicon via tidytext/textdata
10,Montevideo Uruguay,Ch. 5: The CIA,anger,0,0,NRC lexicon via tidytext/textdata
10,Montevideo Uruguay,Ch. 6: Montevideo Uruguay,anger,0,0,NRC lexicon via tidytext/textdata
10,Montevideo Uruguay,Ch. 7: Headquarters Duty,anger,0,0,NRC lexicon via tidytext/textdata
10,Montevideo Uruguay,Ch. 8: Rio De Janeiro,anger,0,0,NRC lexicon via tidytext/textdata
10,Montevideo Uruguay,Ch. 9: The McLean Va. Years,anger,0,0,NRC lexicon via tidytext/textdata
10,My College Years BYU and Colombia,Ch. 10: Making a Career Change,anger,0,0,NRC lexicon via tidytext/textdata
10,My College Years BYU and Colombia,Ch. 11: Post Rio to Retirement,anger,0,0,NRC lexicon via tidytext/textdata
10,My College Years BYU and Colombia,Ch. 1: Earliest Memories,anger,0,0,NRC lexicon via tidytext/textdata
10,My College Years BYU and Colombia,Ch. 2: The Teenage Period,anger,0,0,NRC lexicon via tidytext/textdata
10,My College Years BYU and Colombia,Ch. 3: World War Two,anger,0,0,NRC lexicon via tidytext/textdata
10,My College Years BYU and Colombia,Ch. 4: My College Years BYU and Colombia,anger,0,0,NRC lexicon via tidytext/textdata
10,My College Years BYU and Colombia,Ch. 5: The CIA,anger,0,0,NRC lexicon via tidytext/textdata
10,My College Years BYU and Colombia,Ch. 6: Montevideo Uruguay,anger,0,0,NRC lexicon via tidytext/textdata
10,My College Years BYU and Colombia,Ch. 7: Headquarters Duty,anger,0,0,NRC lexicon via tidytext/textdata
10,My College Years BYU and Colombia,Ch. 8: Rio De Janeiro,anger,0,0,NRC lexicon via tidytext/textdata
10,My College Years BYU and Colombia,Ch. 9: The McLean Va. Years,anger,0,0,NRC lexicon via tidytext/textdata
10,Post Rio to Retirement,Ch. 10: Making a Career Change,anger,0,0,NRC lexicon via tidytext/textdata
10,Post Rio to Retirement,Ch. 11: Post Rio to Retirement,anger,0,0,NRC lexicon via tidytext/textdata
10,Post Rio to Retirement,Ch. 1: Earliest Memories,anger,0,0,NRC lexicon via tidytext/textdata
10,Post Rio to Retirement,Ch. 2: The Teenage Period,anger,0,0,NRC lexicon via tidytext/textdata
10,Post Rio to Retirement,Ch. 3: World War Two,anger,0,0,NRC lexicon via tidytext/textdata
10,Post Rio to Retirement,Ch. 4: My College Years BYU and Colombia,anger,0,0,NRC lexicon via tidytext/textdata
10,Post Rio to Retirement,Ch. 5: The CIA,anger,0,0,NRC lexicon via tidytext/textdata
10,Post Rio to Retirement,Ch. 6: Montevideo Uruguay,anger,0,0,NRC lexicon via tidytext/textdata
10,Post Rio to Retirement,Ch. 7: Headquarters Duty,anger,0,0,NRC lexicon via tidytext/textdata
10,Post Rio to Retirement,Ch. 8: Rio De Janeiro,anger,0,0,NRC lexicon via tidytext/textdata
10,Post Rio to Retirement,Ch. 9: The McLean Va. Years,anger,0,0,NRC lexicon via tidytext/textdata
10,Rio De Janeiro,Ch. 10: Making a Career Change,anger,0,0,NRC lexicon via tidytext/textdata
10,Rio De Janeiro,Ch. 11: Post Rio to Retirement,anger,0,0,NRC lexicon via tidytext/textdata
10,Rio De Janeiro,Ch. 1: Earliest Memories,anger,0,0,NRC lexicon via tidytext/textdata
10,Rio De Janeiro,Ch. 2: The Teenage Period,anger,0,0,NRC lexicon via tidytext/textdata
10,Rio De Janeiro,Ch. 3: World War Two,anger,0,0,NRC lexicon via tidytext/textdata
10,Rio De Janeiro,Ch. 4: My College Years BYU and Colombia,anger,0,0,NRC lexicon via tidytext/textdata
10,Rio De Janeiro,Ch. 5: The CIA,anger,0,0,NRC lexicon via tidytext/textdata
10,Rio De Janeiro,Ch. 6: Montevideo Uruguay,anger,0,0,NRC lexicon via tidytext/textdata
10,Rio De Janeiro,Ch. 7: Headquarters Duty,anger,0,0,NRC lexicon via tidytext/textdata
10,Rio De Janeiro,Ch. 8: Rio De Janeiro,anger,0,0,NRC lexicon via tidytext/textdata
10,Rio De Janeiro,Ch. 9: The McLean Va. Years,anger,0,0,NRC lexicon via tidytext/textdata
10,The CIA,Ch. 10: Making a Career Change,anger,0,0,NRC lexicon via tidytext/textdata
10,The CIA,Ch. 11: Post Rio to Retirement,anger,0,0,NRC lexicon via tidytext/textdata
10,The CIA,Ch. 1: Earliest Memories,anger,0,0,NRC lexicon via tidytext/textdata
10,The CIA,Ch. 2: The Teenage Period,anger,0,0,NRC lexicon via tidytext/textdata
10,The CIA,Ch. 3: World War Two,anger,0,0,NRC lexicon via tidytext/textdata
10,The CIA,Ch. 4: My College Years BYU and Colombia,anger,0,0,NRC lexicon via tidytext/textdata
10,The CIA,Ch. 5: The CIA,anger,0,0,NRC lexicon via tidytext/textdata
10,The CIA,Ch. 6: Montevideo Uruguay,anger,0,0,NRC lexicon via tidytext/textdata
10,The CIA,Ch. 7: Headquarters Duty,anger,0,0,NRC lexicon via tidytext/textdata
10,The CIA,Ch. 8: Rio De Janeiro,anger,0,0,NRC lexicon via tidytext/textdata
10,The CIA,Ch. 9: The McLean Va. Years,anger,0,0,NRC lexicon via tidytext/textdata
10,The McLean Va. Years,Ch. 10: Making a Career Change,anger,0,0,NRC lexicon via tidytext/textdata
10,The McLean Va. Years,Ch. 11: Post Rio to Retirement,anger,0,0,NRC lexicon via tidytext/textdata
10,The McLean Va. Years,Ch. 1: Earliest Memories,anger,0,0,NRC lexicon via tidytext/textdata
10,The McLean Va. Years,Ch. 2: The Teenage Period,anger,0,0,NRC lexicon via tidytext/textdata
10,The McLean Va. Years,Ch. 3: World War Two,anger,0,0,NRC lexicon via tidytext/textdata
10,The McLean Va. Years,Ch. 4: My College Years BYU and Colombia,anger,0,0,NRC lexicon via tidytext/textdata
10,The McLean Va. Years,Ch. 5: The CIA,anger,0,0,NRC lexicon via tidytext/textdata
10,The McLean Va. Years,Ch. 6: Montevideo Uruguay,anger,0,0,NRC lexicon via tidytext/textdata
10,The McLean Va. Years,Ch. 7: Headquarters Duty,anger,0,0,NRC lexicon via tidytext/textdata
10,The McLean Va. Years,Ch. 8: Rio De Janeiro,anger,0,0,NRC lexicon via tidytext/textdata
10,The McLean Va. Years,Ch. 9: The McLean Va. Years,anger,0,0,NRC lexicon via tidytext/textdata
10,The Teenage Period,Ch. 10: Making a Career Change,anger,0,0,NRC lexicon via tidytext/textdata
10,The Teenage Period,Ch. 11: Post Rio to Retirement,anger,0,0,NRC lexicon via tidytext/textdata
10,The Teenage Period,Ch. 1: Earliest Memories,anger,0,0,NRC lexicon via tidytext/textdata
10,The Teenage Period,Ch. 2: The Teenage Period,anger,0,0,NRC lexicon via tidytext/textdata
10,The Teenage Period,Ch. 3: World War Two,anger,0,0,NRC lexicon via tidytext/textdata
10,The Teenage Period,Ch. 4: My College Years BYU and Colombia,anger,0,0,NRC lexicon via tidytext/textdata
10,The Teenage Period,Ch. 5: The CIA,anger,0,0,NRC lexicon via tidytext/textdata
10,The Teenage Period,Ch. 6: Montevideo Uruguay,anger,0,0,NRC lexicon via tidytext/textdata
10,The Teenage Period,Ch. 7: Headquarters Duty,anger,0,0,NRC lexicon via tidytext/textdata
10,The Teenage Period,Ch. 8: Rio De Janeiro,anger,0,0,NRC lexicon via tidytext/textdata
10,The Teenage Period,Ch. 9: The McLean Va. Years,anger,0,0,NRC lexicon via tidytext/textdata
10,World War Two,Ch. 10: Making a Career Change,anger,0,0,NRC lexicon via tidytext/textdata
10,World War Two,Ch. 11: Post Rio to Retirement,anger,0,0,NRC lexicon via tidytext/textdata
10,World War Two,Ch. 1: Earliest Memories,anger,0,0,NRC lexicon via tidytext/textdata
10,World War Two,Ch. 2: The Teenage Period,anger,0,0,NRC lexicon via tidytext/textdata
10,World War Two,Ch. 3: World War Two,anger,0,0,NRC lexicon via tidytext/textdata
10,World War Two,Ch. 4: My College Years BYU and Colombia,anger,0,0,NRC lexicon via tidytext/textdata
10,World War Two,Ch. 5: The CIA,anger,0,0,NRC lexicon via tidytext/textdata
10,World War Two,Ch. 6: Montevideo Uruguay,anger,0,0,NRC lexicon via tidytext/textdata
10,World War Two,Ch. 7: Headquarters Duty,anger,0,0,NRC lexicon via tidytext/textdata
10,World War Two,Ch. 8: Rio De Janeiro,anger,0,0,NRC lexicon via tidytext/textdata
10,World War Two,Ch. 9: The McLean Va. Years,anger,0,0,NRC lexicon via tidytext/textdata
11,Earliest Memories,Ch. 10: Making a Career Change,anger,0,0,NRC lexicon via tidytext/textdata
11,Earliest Memories,Ch. 11: Post Rio to Retirement,anger,0,0,NRC lexicon via tidytext/textdata
11,Earliest Memories,Ch. 1: Earliest Memories,anger,0,0,NRC lexicon via tidytext/textdata
11,Earliest Memories,Ch. 2: The Teenage Period,anger,0,0,NRC lexicon via tidytext/textdata
11,Earliest Memories,Ch. 3: World War Two,anger,0,0,NRC lexicon via tidytext/textdata
11,Earliest Memories,Ch. 4: My College Years BYU and Colombia,anger,0,0,NRC lexicon via tidytext/textdata
11,Earliest Memories,Ch. 5: The CIA,anger,0,0,NRC lexicon via tidytext/textdata
11,Earliest Memories,Ch. 6: Montevideo Uruguay,anger,0,0,NRC lexicon via tidytext/textdata
11,Earliest Memories,Ch. 7: Headquarters Duty,anger,0,0,NRC lexicon via tidytext/textdata
11,Earliest Memories,Ch. 8: Rio De Janeiro,anger,0,0,NRC lexicon via tidytext/textdata
11,Earliest Memories,Ch. 9: The McLean Va. Years,anger,0,0,NRC lexicon via tidytext/textdata
11,Headquarters Duty,Ch. 10: Making a Career Change,anger,0,0,NRC lexicon via tidytext/textdata
11,Headquarters Duty,Ch. 11: Post Rio to Retirement,anger,0,0,NRC lexicon via tidytext/textdata
11,Headquarters Duty,Ch. 1: Earliest Memories,anger,0,0,NRC lexicon via tidytext/textdata
11,Headquarters Duty,Ch. 2: The Teenage Period,anger,0,0,NRC lexicon via tidytext/textdata
11,Headquarters Duty,Ch. 3: World War Two,anger,0,0,NRC lexicon via tidytext/textdata
11,Headquarters Duty,Ch. 4: My College Years BYU and Colombia,anger,0,0,NRC lexicon via tidytext/textdata
11,Headquarters Duty,Ch. 5: The CIA,anger,0,0,NRC lexicon via tidytext/textdata
11,Headquarters Duty,Ch. 6: Montevideo Uruguay,anger,0,0,NRC lexicon via tidytext/textdata
11,Headquarters Duty,Ch. 7: Headquarters Duty,anger,0,0,NRC lexicon via tidytext/textdata
11,Headquarters Duty,Ch. 8: Rio De Janeiro,anger,0,0,NRC lexicon via tidytext/textdata
11,Headquarters Duty,Ch. 9: The McLean Va. Years,anger,0,0,NRC lexicon via tidytext/textdata
11,Making a Career Change,Ch. 10: Making a Career Change,anger,0,0,NRC lexicon via tidytext/textdata
11,Making a Career Change,Ch. 11: Post Rio to Retirement,anger,0,0,NRC lexicon via tidytext/textdata
11,Making a Career Change,Ch. 1: Earliest Memories,anger,0,0,NRC lexicon via tidytext/textdata
11,Making a Career Change,Ch. 2: The Teenage Period,anger,0,0,NRC lexicon via tidytext/textdata
11,Making a Career Change,Ch. 3: World War Two,anger,0,0,NRC lexicon via tidytext/textdata
11,Making a Career Change,Ch. 4: My College Years BYU and Colombia,anger,0,0,NRC lexicon via tidytext/textdata
11,Making a Career Change,Ch. 5: The CIA,anger,0,0,NRC lexicon via tidytext/textdata
11,Making a Career Change,Ch. 6: Montevideo Uruguay,anger,0,0,NRC lexicon via tidytext/textdata
11,Making a Career Change,Ch. 7: Headquarters Duty,anger,0,0,NRC lexicon via tidytext/textdata
11,Making a Career Change,Ch. 8: Rio De Janeiro,anger,0,0,NRC lexicon via tidytext/textdata
11,Making a Career Change,Ch. 9: The McLean Va. Years,anger,0,0,NRC lexicon via tidytext/textdata
11,Montevideo Uruguay,Ch. 10: Making a Career Change,anger,0,0,NRC lexicon via tidytext/textdata
11,Montevideo Uruguay,Ch. 11: Post Rio to Retirement,anger,0,0,NRC lexicon via tidytext/textdata
11,Montevideo Uruguay,Ch. 1: Earliest Memories,anger,0,0,NRC lexicon via tidytext/textdata
11,Montevideo Uruguay,Ch. 2: The Teenage Period,anger,0,0,NRC lexicon via tidytext/textdata
11,Montevideo Uruguay,Ch. 3: World War Two,anger,0,0,NRC lexicon via tidytext/textdata
11,Montevideo Uruguay,Ch. 4: My College Years BYU and Colombia,anger,0,0,NRC lexicon via tidytext/textdata
11,Montevideo Uruguay,Ch. 5: The CIA,anger,0,0,NRC lexicon via tidytext/textdata
11,Montevideo Uruguay,Ch. 6: Montevideo Uruguay,anger,0,0,NRC lexicon via tidytext/textdata
11,Montevideo Uruguay,Ch. 7: Headquarters Duty,anger,0,0,NRC lexicon via tidytext/textdata
11,Montevideo Uruguay,Ch. 8: Rio De Janeiro,anger,0,0,NRC lexicon via tidytext/textdata
11,Montevideo Uruguay,Ch. 9: The McLean Va. Years,anger,0,0,NRC lexicon via tidytext/textdata
11,My College Years BYU and Colombia,Ch. 10: Making a Career Change,anger,0,0,NRC lexicon via tidytext/textdata
11,My College Years BYU and Colombia,Ch. 11: Post Rio to Retirement,anger,0,0,NRC lexicon via tidytext/textdata
11,My College Years BYU and Colombia,Ch. 1: Earliest Memories,anger,0,0,NRC lexicon via tidytext/textdata
11,My College Years BYU and Colombia,Ch. 2: The Teenage Period,anger,0,0,NRC lexicon via tidytext/textdata
11,My College Years BYU and Colombia,Ch. 3: World War Two,anger,0,0,NRC lexicon via tidytext/textdata
11,My College Years BYU and Colombia,Ch. 4: My College Years BYU and Colombia,anger,0,0,NRC lexicon via tidytext/textdata
11,My College Years BYU and Colombia,Ch. 5: The CIA,anger,0,0,NRC lexicon via tidytext/textdata
11,My College Years BYU and Colombia,Ch. 6: Montevideo Uruguay,anger,0,0,NRC lexicon via tidytext/textdata
11,My College Years BYU and Colombia,Ch. 7: Headquarters Duty,anger,0,0,NRC lexicon via tidytext/textdata
11,My College Years BYU and Colombia,Ch. 8: Rio De Janeiro,anger,0,0,NRC lexicon via tidytext/textdata
11,My College Years BYU and Colombia,Ch. 9: The McLean Va. Years,anger,0,0,NRC lexicon via tidytext/textdata
11,Post Rio to Retirement,Ch. 10: Making a Career Change,anger,0,0,NRC lexicon via tidytext/textdata
11,Post Rio to Retirement,Ch. 11: Post Rio to Retirement,trust,94,26.367461430575037,NRC lexicon via tidytext/textdata
11,Post Rio to Retirement,Ch. 1: Earliest Memories,anger,0,0,NRC lexicon via tidytext/textdata
11,Post Rio to Retirement,Ch. 2: The Teenage Period,anger,0,0,NRC lexicon via tidytext/textdata
11,Post Rio to Retirement,Ch. 3: World War Two,anger,0,0,NRC lexicon via tidytext/textdata
11,Post Rio to Retirement,Ch. 4: My College Years BYU and Colombia,anger,0,0,NRC lexicon via tidytext/textdata
11,Post Rio to Retirement,Ch. 5: The CIA,anger,0,0,NRC lexicon via tidytext/textdata
11,Post Rio to Retirement,Ch. 6: Montevideo Uruguay,anger,0,0,NRC lexicon via tidytext/textdata
11,Post Rio to Retirement,Ch. 7: Headquarters Duty,anger,0,0,NRC lexicon via tidytext/textdata
11,Post Rio to Retirement,Ch. 8: Rio De Janeiro,anger,0,0,NRC lexicon via tidytext/textdata
11,Post Rio to Retirement,Ch. 9: The McLean Va. Years,anger,0,0,NRC lexicon via tidytext/textdata
11,Rio De Janeiro,Ch. 10: Making a Career Change,anger,0,0,NRC lexicon via tidytext/textdata
11,Rio De Janeiro,Ch. 11: Post Rio to Retirement,anger,0,0,NRC lexicon via tidytext/textdata
11,Rio De Janeiro,Ch. 1: Earliest Memories,anger,0,0,NRC lexicon via tidytext/textdata
11,Rio De Janeiro,Ch. 2: The Teenage Period,anger,0,0,NRC lexicon via tidytext/textdata
11,Rio De Janeiro,Ch. 3: World War Two,anger,0,0,NRC lexicon via tidytext/textdata
11,Rio De Janeiro,Ch. 4: My College Years BYU and Colombia,anger,0,0,NRC lexicon via tidytext/textdata
11,Rio De Janeiro,Ch. 5: The CIA,anger,0,0,NRC lexicon via tidytext/textdata
11,Rio De Janeiro,Ch. 6: Montevideo Uruguay,anger,0,0,NRC lexicon via tidytext/textdata
11,Rio De Janeiro,Ch. 7: Headquarters Duty,anger,0,0,NRC lexicon via tidytext/textdata
11,Rio De Janeiro,Ch. 8: Rio De Janeiro,anger,0,0,NRC lexicon via tidytext/textdata
11,Rio De Janeiro,Ch. 9: The McLean Va. Years,anger,0,0,NRC lexicon via tidytext/textdata
11,The CIA,Ch. 10: Making a Career Change,anger,0,0,NRC lexicon via tidytext/textdata
11,The CIA,Ch. 11: Post Rio to Retirement,anger,0,0,NRC lexicon via tidytext/textdata
11,The CIA,Ch. 1: Earliest Memories,anger,0,0,NRC lexicon via tidytext/textdata
11,The CIA,Ch. 2: The Teenage Period,anger,0,0,NRC lexicon via tidytext/textdata
11,The CIA,Ch. 3: World War Two,anger,0,0,NRC lexicon via tidytext/textdata
11,The CIA,Ch. 4: My College Years BYU and Colombia,anger,0,0,NRC lexicon via tidytext/textdata
11,The CIA,Ch. 5: The CIA,anger,0,0,NRC lexicon via tidytext/textdata
11,The CIA,Ch. 6: Montevideo Uruguay,anger,0,0,NRC lexicon via tidytext/textdata
11,The CIA,Ch. 7: Headquarters Duty,anger,0,0,NRC lexicon via tidytext/textdata
11,The CIA,Ch. 8: Rio De Janeiro,anger,0,0,NRC lexicon via tidytext/textdata
11,The CIA,Ch. 9: The McLean Va. Years,anger,0,0,NRC lexicon via tidytext/textdata
11,The McLean Va. Years,Ch. 10: Making a Career Change,anger,0,0,NRC lexicon via tidytext/textdata
11,The McLean Va. Years,Ch. 11: Post Rio to Retirement,anger,0,0,NRC lexicon via tidytext/textdata
11,The McLean Va. Years,Ch. 1: Earliest Memories,anger,0,0,NRC lexicon via tidytext/textdata
11,The McLean Va. Years,Ch. 2: The Teenage Period,anger,0,0,NRC lexicon via tidytext/textdata
11,The McLean Va. Years,Ch. 3: World War Two,anger,0,0,NRC lexicon via tidytext/textdata
11,The McLean Va. Years,Ch. 4: My College Years BYU and Colombia,anger,0,0,NRC lexicon via tidytext/textdata
11,The McLean Va. Years,Ch. 5: The CIA,anger,0,0,NRC lexicon via tidytext/textdata
11,The McLean Va. Years,Ch. 6: Montevideo Uruguay,anger,0,0,NRC lexicon via tidytext/textdata
11,The McLean Va. Years,Ch. 7: Headquarters Duty,anger,0,0,NRC lexicon via tidytext/textdata
11,The McLean Va. Years,Ch. 8: Rio De Janeiro,anger,0,0,NRC lexicon via tidytext/textdata
11,The McLean Va. Years,Ch. 9: The McLean Va. Years,anger,0,0,NRC lexicon via tidytext/textdata
11,The Teenage Period,Ch. 10: Making a Career Change,anger,0,0,NRC lexicon via tidytext/textdata
11,The Teenage Period,Ch. 11: Post Rio to Retirement,anger,0,0,NRC lexicon via tidytext/textdata
11,The Teenage Period,Ch. 1: Earliest Memories,anger,0,0,NRC lexicon via tidytext/textdata
11,The Teenage Period,Ch. 2: The Teenage Period,anger,0,0,NRC lexicon via tidytext/textdata
11,The Teenage Period,Ch. 3: World War Two,anger,0,0,NRC lexicon via tidytext/textdata
11,The Teenage Period,Ch. 4: My College Years BYU and Colombia,anger,0,0,NRC lexicon via tidytext/textdata
11,The Teenage Period,Ch. 5: The CIA,anger,0,0,NRC lexicon via tidytext/textdata
11,The Teenage Period,Ch. 6: Montevideo Uruguay,anger,0,0,NRC lexicon via tidytext/textdata
11,The Teenage Period,Ch. 7: Headquarters Duty,anger,0,0,NRC lexicon via tidytext/textdata
11,The Teenage Period,Ch. 8: Rio De Janeiro,anger,0,0,NRC lexicon via tidytext/textdata
11,The Teenage Period,Ch. 9: The McLean Va. Years,anger,0,0,NRC lexicon via tidytext/textdata
11,World War Two,Ch. 10: Making a Career Change,anger,0,0,NRC lexicon via tidytext/textdata
11,World War Two,Ch. 11: Post Rio to Retirement,anger,0,0,NRC lexicon via tidytext/textdata
11,World War Two,Ch. 1: Earliest Memories,anger,0,0,NRC lexicon via tidytext/textdata
11,World War Two,Ch. 2: The Teenage Period,anger,0,0,NRC lexicon via tidytext/textdata
11,World War Two,Ch. 3: World War Two,anger,0,0,NRC lexicon via tidytext/textdata
11,World War Two,Ch. 4: My College Years BYU and Colombia,anger,0,0,NRC lexicon via tidytext/textdata
11,World War Two,Ch. 5: The CIA,anger,0,0,NRC lexicon via tidytext/textdata
11,World War Two,Ch. 6: Montevideo Uruguay,anger,0,0,NRC lexicon via tidytext/textdata
11,World War Two,Ch. 7: Headquarters Duty,anger,0,0,NRC lexicon via tidytext/textdata
11,World War Two,Ch. 8: Rio De Janeiro,anger,0,0,NRC lexicon via tidytext/textdata
11,World War Two,Ch. 9: The McLean Va. Years,anger,0,0,NRC lexicon via tidytext/textdata
