passage_id,citation_label,chapter,chapter_title,passage_number,passage_word_count,sentiment,count,rate_per_1000_words,lexicon_source
ch01_p001,"Ch. 1: Earliest Memories, passage 1",1,Earliest Memories,1,236,anger,3,12.711864406779663,NRC lexicon via tidytext/textdata
ch01_p001,"Ch. 1: Earliest Memories, passage 1",1,Earliest Memories,1,236,anticipation,9,38.13559322033898,NRC lexicon via tidytext/textdata
ch01_p001,"Ch. 1: Earliest Memories, passage 1",1,Earliest Memories,1,236,disgust,3,12.711864406779663,NRC lexicon via tidytext/textdata
ch01_p001,"Ch. 1: Earliest Memories, passage 1",1,Earliest Memories,1,236,fear,7,29.661016949152543,NRC lexicon via tidytext/textdata
ch01_p001,"Ch. 1: Earliest Memories, passage 1",1,Earliest Memories,1,236,joy,5,21.1864406779661,NRC lexicon via tidytext/textdata
ch01_p001,"Ch. 1: Earliest Memories, passage 1",1,Earliest Memories,1,236,negative,10,42.3728813559322,NRC lexicon via tidytext/textdata
ch01_p001,"Ch. 1: Earliest Memories, passage 1",1,Earliest Memories,1,236,positive,6,25.423728813559325,NRC lexicon via tidytext/textdata
ch01_p001,"Ch. 1: Earliest Memories, passage 1",1,Earliest Memories,1,236,sadness,8,33.898305084745765,NRC lexicon via tidytext/textdata
ch01_p001,"Ch. 1: Earliest Memories, passage 1",1,Earliest Memories,1,236,surprise,3,12.711864406779663,NRC lexicon via tidytext/textdata
ch01_p001,"Ch. 1: Earliest Memories, passage 1",1,Earliest Memories,1,236,trust,9,38.13559322033898,NRC lexicon via tidytext/textdata
ch01_p002,"Ch. 1: Earliest Memories, passage 2",1,Earliest Memories,2,232,anger,1,4.310344827586206,NRC lexicon via tidytext/textdata
ch01_p002,"Ch. 1: Earliest Memories, passage 2",1,Earliest Memories,2,232,anticipation,4,17.241379310344826,NRC lexicon via tidytext/textdata
ch01_p002,"Ch. 1: Earliest Memories, passage 2",1,Earliest Memories,2,232,disgust,2,8.620689655172413,NRC lexicon via tidytext/textdata
ch01_p002,"Ch. 1: Earliest Memories, passage 2",1,Earliest Memories,2,232,fear,2,8.620689655172413,NRC lexicon via tidytext/textdata
ch01_p002,"Ch. 1: Earliest Memories, passage 2",1,Earliest Memories,2,232,joy,1,4.310344827586206,NRC lexicon via tidytext/textdata
ch01_p002,"Ch. 1: Earliest Memories, passage 2",1,Earliest Memories,2,232,negative,4,17.241379310344826,NRC lexicon via tidytext/textdata
ch01_p002,"Ch. 1: Earliest Memories, passage 2",1,Earliest Memories,2,232,positive,5,21.551724137931036,NRC lexicon via tidytext/textdata
ch01_p002,"Ch. 1: Earliest Memories, passage 2",1,Earliest Memories,2,232,sadness,0,0,NRC lexicon via tidytext/textdata
ch01_p002,"Ch. 1: Earliest Memories, passage 2",1,Earliest Memories,2,232,surprise,1,4.310344827586206,NRC lexicon via tidytext/textdata
ch01_p002,"Ch. 1: Earliest Memories, passage 2",1,Earliest Memories,2,232,trust,4,17.241379310344826,NRC lexicon via tidytext/textdata
ch01_p003,"Ch. 1: Earliest Memories, passage 3",1,Earliest Memories,3,228,anger,2,8.771929824561402,NRC lexicon via tidytext/textdata
ch01_p003,"Ch. 1: Earliest Memories, passage 3",1,Earliest Memories,3,228,anticipation,8,35.08771929824561,NRC lexicon via tidytext/textdata
ch01_p003,"Ch. 1: Earliest Memories, passage 3",1,Earliest Memories,3,228,disgust,2,8.771929824561402,NRC lexicon via tidytext/textdata
ch01_p003,"Ch. 1: Earliest Memories, passage 3",1,Earliest Memories,3,228,fear,4,17.543859649122805,NRC lexicon via tidytext/textdata
ch01_p003,"Ch. 1: Earliest Memories, passage 3",1,Earliest Memories,3,228,joy,7,30.70175438596491,NRC lexicon via tidytext/textdata
ch01_p003,"Ch. 1: Earliest Memories, passage 3",1,Earliest Memories,3,228,negative,4,17.543859649122805,NRC lexicon via tidytext/textdata
ch01_p003,"Ch. 1: Earliest Memories, passage 3",1,Earliest Memories,3,228,positive,14,61.40350877192982,NRC lexicon via tidytext/textdata
ch01_p003,"Ch. 1: Earliest Memories, passage 3",1,Earliest Memories,3,228,sadness,1,4.385964912280701,NRC lexicon via tidytext/textdata
ch01_p003,"Ch. 1: Earliest Memories, passage 3",1,Earliest Memories,3,228,surprise,5,21.929824561403507,NRC lexicon via tidytext/textdata
ch01_p003,"Ch. 1: Earliest Memories, passage 3",1,Earliest Memories,3,228,trust,9,39.473684210526315,NRC lexicon via tidytext/textdata
ch01_p004,"Ch. 1: Earliest Memories, passage 4",1,Earliest Memories,4,270,anger,5,18.51851851851852,NRC lexicon via tidytext/textdata
ch01_p004,"Ch. 1: Earliest Memories, passage 4",1,Earliest Memories,4,270,anticipation,7,25.925925925925924,NRC lexicon via tidytext/textdata
ch01_p004,"Ch. 1: Earliest Memories, passage 4",1,Earliest Memories,4,270,disgust,4,14.814814814814815,NRC lexicon via tidytext/textdata
ch01_p004,"Ch. 1: Earliest Memories, passage 4",1,Earliest Memories,4,270,fear,5,18.51851851851852,NRC lexicon via tidytext/textdata
ch01_p004,"Ch. 1: Earliest Memories, passage 4",1,Earliest Memories,4,270,joy,4,14.814814814814815,NRC lexicon via tidytext/textdata
ch01_p004,"Ch. 1: Earliest Memories, passage 4",1,Earliest Memories,4,270,negative,7,25.925925925925924,NRC lexicon via tidytext/textdata
ch01_p004,"Ch. 1: Earliest Memories, passage 4",1,Earliest Memories,4,270,positive,7,25.925925925925924,NRC lexicon via tidytext/textdata
ch01_p004,"Ch. 1: Earliest Memories, passage 4",1,Earliest Memories,4,270,sadness,4,14.814814814814815,NRC lexicon via tidytext/textdata
ch01_p004,"Ch. 1: Earliest Memories, passage 4",1,Earliest Memories,4,270,surprise,2,7.407407407407407,NRC lexicon via tidytext/textdata
ch01_p004,"Ch. 1: Earliest Memories, passage 4",1,Earliest Memories,4,270,trust,12,44.44444444444444,NRC lexicon via tidytext/textdata
ch01_p005,"Ch. 1: Earliest Memories, passage 5",1,Earliest Memories,5,261,anger,9,34.48275862068965,NRC lexicon via tidytext/textdata
ch01_p005,"Ch. 1: Earliest Memories, passage 5",1,Earliest Memories,5,261,anticipation,7,26.819923371647512,NRC lexicon via tidytext/textdata
ch01_p005,"Ch. 1: Earliest Memories, passage 5",1,Earliest Memories,5,261,disgust,6,22.988505747126435,NRC lexicon via tidytext/textdata
ch01_p005,"Ch. 1: Earliest Memories, passage 5",1,Earliest Memories,5,261,fear,14,53.639846743295024,NRC lexicon via tidytext/textdata
ch01_p005,"Ch. 1: Earliest Memories, passage 5",1,Earliest Memories,5,261,joy,2,7.662835249042145,NRC lexicon via tidytext/textdata
ch01_p005,"Ch. 1: Earliest Memories, passage 5",1,Earliest Memories,5,261,negative,21,80.45977011494253,NRC lexicon via tidytext/textdata
ch01_p005,"Ch. 1: Earliest Memories, passage 5",1,Earliest Memories,5,261,positive,7,26.819923371647512,NRC lexicon via tidytext/textdata
ch01_p005,"Ch. 1: Earliest Memories, passage 5",1,Earliest Memories,5,261,sadness,15,57.47126436781609,NRC lexicon via tidytext/textdata
ch01_p005,"Ch. 1: Earliest Memories, passage 5",1,Earliest Memories,5,261,surprise,5,19.157088122605362,NRC lexicon via tidytext/textdata
ch01_p005,"Ch. 1: Earliest Memories, passage 5",1,Earliest Memories,5,261,trust,8,30.65134099616858,NRC lexicon via tidytext/textdata
ch01_p006,"Ch. 1: Earliest Memories, passage 6",1,Earliest Memories,6,234,anger,1,4.273504273504274,NRC lexicon via tidytext/textdata
ch01_p006,"Ch. 1: Earliest Memories, passage 6",1,Earliest Memories,6,234,anticipation,5,21.367521367521366,NRC lexicon via tidytext/textdata
ch01_p006,"Ch. 1: Earliest Memories, passage 6",1,Earliest Memories,6,234,disgust,0,0,NRC lexicon via tidytext/textdata
ch01_p006,"Ch. 1: Earliest Memories, passage 6",1,Earliest Memories,6,234,fear,1,4.273504273504274,NRC lexicon via tidytext/textdata
ch01_p006,"Ch. 1: Earliest Memories, passage 6",1,Earliest Memories,6,234,joy,4,17.094017094017097,NRC lexicon via tidytext/textdata
ch01_p006,"Ch. 1: Earliest Memories, passage 6",1,Earliest Memories,6,234,negative,0,0,NRC lexicon via tidytext/textdata
ch01_p006,"Ch. 1: Earliest Memories, passage 6",1,Earliest Memories,6,234,positive,10,42.73504273504273,NRC lexicon via tidytext/textdata
ch01_p006,"Ch. 1: Earliest Memories, passage 6",1,Earliest Memories,6,234,sadness,0,0,NRC lexicon via tidytext/textdata
ch01_p006,"Ch. 1: Earliest Memories, passage 6",1,Earliest Memories,6,234,surprise,1,4.273504273504274,NRC lexicon via tidytext/textdata
ch01_p006,"Ch. 1: Earliest Memories, passage 6",1,Earliest Memories,6,234,trust,14,59.82905982905983,NRC lexicon via tidytext/textdata
ch01_p007,"Ch. 1: Earliest Memories, passage 7",1,Earliest Memories,7,252,anger,2,7.936507936507936,NRC lexicon via tidytext/textdata
ch01_p007,"Ch. 1: Earliest Memories, passage 7",1,Earliest Memories,7,252,anticipation,7,27.777777777777775,NRC lexicon via tidytext/textdata
ch01_p007,"Ch. 1: Earliest Memories, passage 7",1,Earliest Memories,7,252,disgust,0,0,NRC lexicon via tidytext/textdata
ch01_p007,"Ch. 1: Earliest Memories, passage 7",1,Earliest Memories,7,252,fear,1,3.968253968253968,NRC lexicon via tidytext/textdata
ch01_p007,"Ch. 1: Earliest Memories, passage 7",1,Earliest Memories,7,252,joy,5,19.841269841269842,NRC lexicon via tidytext/textdata
ch01_p007,"Ch. 1: Earliest Memories, passage 7",1,Earliest Memories,7,252,negative,7,27.777777777777775,NRC lexicon via tidytext/textdata
ch01_p007,"Ch. 1: Earliest Memories, passage 7",1,Earliest Memories,7,252,positive,10,39.682539682539684,NRC lexicon via tidytext/textdata
ch01_p007,"Ch. 1: Earliest Memories, passage 7",1,Earliest Memories,7,252,sadness,2,7.936507936507936,NRC lexicon via tidytext/textdata
ch01_p007,"Ch. 1: Earliest Memories, passage 7",1,Earliest Memories,7,252,surprise,4,15.873015873015872,NRC lexicon via tidytext/textdata
ch01_p007,"Ch. 1: Earliest Memories, passage 7",1,Earliest Memories,7,252,trust,10,39.682539682539684,NRC lexicon via tidytext/textdata
ch01_p008,"Ch. 1: Earliest Memories, passage 8",1,Earliest Memories,8,260,anger,2,7.6923076923076925,NRC lexicon via tidytext/textdata
ch01_p008,"Ch. 1: Earliest Memories, passage 8",1,Earliest Memories,8,260,anticipation,12,46.15384615384615,NRC lexicon via tidytext/textdata
ch01_p008,"Ch. 1: Earliest Memories, passage 8",1,Earliest Memories,8,260,disgust,3,11.538461538461538,NRC lexicon via tidytext/textdata
ch01_p008,"Ch. 1: Earliest Memories, passage 8",1,Earliest Memories,8,260,fear,4,15.384615384615385,NRC lexicon via tidytext/textdata
ch01_p008,"Ch. 1: Earliest Memories, passage 8",1,Earliest Memories,8,260,joy,12,46.15384615384615,NRC lexicon via tidytext/textdata
ch01_p008,"Ch. 1: Earliest Memories, passage 8",1,Earliest Memories,8,260,negative,7,26.923076923076923,NRC lexicon via tidytext/textdata
ch01_p008,"Ch. 1: Earliest Memories, passage 8",1,Earliest Memories,8,260,positive,19,73.07692307692308,NRC lexicon via tidytext/textdata
ch01_p008,"Ch. 1: Earliest Memories, passage 8",1,Earliest Memories,8,260,sadness,5,19.230769230769234,NRC lexicon via tidytext/textdata
ch01_p008,"Ch. 1: Earliest Memories, passage 8",1,Earliest Memories,8,260,surprise,2,7.6923076923076925,NRC lexicon via tidytext/textdata
ch01_p008,"Ch. 1: Earliest Memories, passage 8",1,Earliest Memories,8,260,trust,16,61.53846153846154,NRC lexicon via tidytext/textdata
ch01_p009,"Ch. 1: Earliest Memories, passage 9",1,Earliest Memories,9,242,anger,0,0,NRC lexicon via tidytext/textdata
ch01_p009,"Ch. 1: Earliest Memories, passage 9",1,Earliest Memories,9,242,anticipation,8,33.057851239669425,NRC lexicon via tidytext/textdata
ch01_p009,"Ch. 1: Earliest Memories, passage 9",1,Earliest Memories,9,242,disgust,0,0,NRC lexicon via tidytext/textdata
ch01_p009,"Ch. 1: Earliest Memories, passage 9",1,Earliest Memories,9,242,fear,1,4.132231404958678,NRC lexicon via tidytext/textdata
ch01_p009,"Ch. 1: Earliest Memories, passage 9",1,Earliest Memories,9,242,joy,1,4.132231404958678,NRC lexicon via tidytext/textdata
ch01_p009,"Ch. 1: Earliest Memories, passage 9",1,Earliest Memories,9,242,negative,2,8.264462809917356,NRC lexicon via tidytext/textdata
ch01_p009,"Ch. 1: Earliest Memories, passage 9",1,Earliest Memories,9,242,positive,11,45.45454545454545,NRC lexicon via tidytext/textdata
ch01_p009,"Ch. 1: Earliest Memories, passage 9",1,Earliest Memories,9,242,sadness,3,12.396694214876034,NRC lexicon via tidytext/textdata
ch01_p009,"Ch. 1: Earliest Memories, passage 9",1,Earliest Memories,9,242,surprise,0,0,NRC lexicon via tidytext/textdata
ch01_p009,"Ch. 1: Earliest Memories, passage 9",1,Earliest Memories,9,242,trust,6,24.793388429752067,NRC lexicon via tidytext/textdata
ch01_p010,"Ch. 1: Earliest Memories, passage 10",1,Earliest Memories,10,242,anger,0,0,NRC lexicon via tidytext/textdata
ch01_p010,"Ch. 1: Earliest Memories, passage 10",1,Earliest Memories,10,242,anticipation,8,33.057851239669425,NRC lexicon via tidytext/textdata
ch01_p010,"Ch. 1: Earliest Memories, passage 10",1,Earliest Memories,10,242,disgust,1,4.132231404958678,NRC lexicon via tidytext/textdata
ch01_p010,"Ch. 1: Earliest Memories, passage 10",1,Earliest Memories,10,242,fear,3,12.396694214876034,NRC lexicon via tidytext/textdata
ch01_p010,"Ch. 1: Earliest Memories, passage 10",1,Earliest Memories,10,242,joy,6,24.793388429752067,NRC lexicon via tidytext/textdata
ch01_p010,"Ch. 1: Earliest Memories, passage 10",1,Earliest Memories,10,242,negative,6,24.793388429752067,NRC lexicon via tidytext/textdata
ch01_p010,"Ch. 1: Earliest Memories, passage 10",1,Earliest Memories,10,242,positive,11,45.45454545454545,NRC lexicon via tidytext/textdata
ch01_p010,"Ch. 1: Earliest Memories, passage 10",1,Earliest Memories,10,242,sadness,5,20.66115702479339,NRC lexicon via tidytext/textdata
ch01_p010,"Ch. 1: Earliest Memories, passage 10",1,Earliest Memories,10,242,surprise,1,4.132231404958678,NRC lexicon via tidytext/textdata
ch01_p010,"Ch. 1: Earliest Memories, passage 10",1,Earliest Memories,10,242,trust,8,33.057851239669425,NRC lexicon via tidytext/textdata
ch01_p011,"Ch. 1: Earliest Memories, passage 11",1,Earliest Memories,11,235,anger,1,4.25531914893617,NRC lexicon via tidytext/textdata
ch01_p011,"Ch. 1: Earliest Memories, passage 11",1,Earliest Memories,11,235,anticipation,8,34.04255319148936,NRC lexicon via tidytext/textdata
ch01_p011,"Ch. 1: Earliest Memories, passage 11",1,Earliest Memories,11,235,disgust,1,4.25531914893617,NRC lexicon via tidytext/textdata
ch01_p011,"Ch. 1: Earliest Memories, passage 11",1,Earliest Memories,11,235,fear,1,4.25531914893617,NRC lexicon via tidytext/textdata
ch01_p011,"Ch. 1: Earliest Memories, passage 11",1,Earliest Memories,11,235,joy,11,46.80851063829787,NRC lexicon via tidytext/textdata
ch01_p011,"Ch. 1: Earliest Memories, passage 11",1,Earliest Memories,11,235,negative,10,42.5531914893617,NRC lexicon via tidytext/textdata
ch01_p011,"Ch. 1: Earliest Memories, passage 11",1,Earliest Memories,11,235,positive,13,55.31914893617021,NRC lexicon via tidytext/textdata
ch01_p011,"Ch. 1: Earliest Memories, passage 11",1,Earliest Memories,11,235,sadness,6,25.53191489361702,NRC lexicon via tidytext/textdata
ch01_p011,"Ch. 1: Earliest Memories, passage 11",1,Earliest Memories,11,235,surprise,0,0,NRC lexicon via tidytext/textdata
ch01_p011,"Ch. 1: Earliest Memories, passage 11",1,Earliest Memories,11,235,trust,8,34.04255319148936,NRC lexicon via tidytext/textdata
ch01_p012,"Ch. 1: Earliest Memories, passage 12",1,Earliest Memories,12,231,anger,0,0,NRC lexicon via tidytext/textdata
ch01_p012,"Ch. 1: Earliest Memories, passage 12",1,Earliest Memories,12,231,anticipation,7,30.303030303030305,NRC lexicon via tidytext/textdata
ch01_p012,"Ch. 1: Earliest Memories, passage 12",1,Earliest Memories,12,231,disgust,1,4.329004329004329,NRC lexicon via tidytext/textdata
ch01_p012,"Ch. 1: Earliest Memories, passage 12",1,Earliest Memories,12,231,fear,0,0,NRC lexicon via tidytext/textdata
ch01_p012,"Ch. 1: Earliest Memories, passage 12",1,Earliest Memories,12,231,joy,6,25.974025974025977,NRC lexicon via tidytext/textdata
ch01_p012,"Ch. 1: Earliest Memories, passage 12",1,Earliest Memories,12,231,negative,5,21.645021645021643,NRC lexicon via tidytext/textdata
ch01_p012,"Ch. 1: Earliest Memories, passage 12",1,Earliest Memories,12,231,positive,10,43.290043290043286,NRC lexicon via tidytext/textdata
ch01_p012,"Ch. 1: Earliest Memories, passage 12",1,Earliest Memories,12,231,sadness,3,12.987012987012989,NRC lexicon via tidytext/textdata
ch01_p012,"Ch. 1: Earliest Memories, passage 12",1,Earliest Memories,12,231,surprise,2,8.658008658008658,NRC lexicon via tidytext/textdata
ch01_p012,"Ch. 1: Earliest Memories, passage 12",1,Earliest Memories,12,231,trust,7,30.303030303030305,NRC lexicon via tidytext/textdata
ch01_p013,"Ch. 1: Earliest Memories, passage 13",1,Earliest Memories,13,233,anger,4,17.167381974248926,NRC lexicon via tidytext/textdata
ch01_p013,"Ch. 1: Earliest Memories, passage 13",1,Earliest Memories,13,233,anticipation,7,30.042918454935624,NRC lexicon via tidytext/textdata
ch01_p013,"Ch. 1: Earliest Memories, passage 13",1,Earliest Memories,13,233,disgust,4,17.167381974248926,NRC lexicon via tidytext/textdata
ch01_p013,"Ch. 1: Earliest Memories, passage 13",1,Earliest Memories,13,233,fear,4,17.167381974248926,NRC lexicon via tidytext/textdata
ch01_p013,"Ch. 1: Earliest Memories, passage 13",1,Earliest Memories,13,233,joy,5,21.459227467811157,NRC lexicon via tidytext/textdata
ch01_p013,"Ch. 1: Earliest Memories, passage 13",1,Earliest Memories,13,233,negative,8,34.33476394849785,NRC lexicon via tidytext/textdata
ch01_p013,"Ch. 1: Earliest Memories, passage 13",1,Earliest Memories,13,233,positive,12,51.502145922746784,NRC lexicon via tidytext/textdata
ch01_p013,"Ch. 1: Earliest Memories, passage 13",1,Earliest Memories,13,233,sadness,1,4.291845493562231,NRC lexicon via tidytext/textdata
ch01_p013,"Ch. 1: Earliest Memories, passage 13",1,Earliest Memories,13,233,surprise,3,12.875536480686696,NRC lexicon via tidytext/textdata
ch01_p013,"Ch. 1: Earliest Memories, passage 13",1,Earliest Memories,13,233,trust,8,34.33476394849785,NRC lexicon via tidytext/textdata
ch01_p014,"Ch. 1: Earliest Memories, passage 14",1,Earliest Memories,14,231,anger,2,8.658008658008658,NRC lexicon via tidytext/textdata
ch01_p014,"Ch. 1: Earliest Memories, passage 14",1,Earliest Memories,14,231,anticipation,3,12.987012987012989,NRC lexicon via tidytext/textdata
ch01_p014,"Ch. 1: Earliest Memories, passage 14",1,Earliest Memories,14,231,disgust,0,0,NRC lexicon via tidytext/textdata
ch01_p014,"Ch. 1: Earliest Memories, passage 14",1,Earliest Memories,14,231,fear,4,17.316017316017316,NRC lexicon via tidytext/textdata
ch01_p014,"Ch. 1: Earliest Memories, passage 14",1,Earliest Memories,14,231,joy,1,4.329004329004329,NRC lexicon via tidytext/textdata
ch01_p014,"Ch. 1: Earliest Memories, passage 14",1,Earliest Memories,14,231,negative,4,17.316017316017316,NRC lexicon via tidytext/textdata
ch01_p014,"Ch. 1: Earliest Memories, passage 14",1,Earliest Memories,14,231,positive,6,25.974025974025977,NRC lexicon via tidytext/textdata
ch01_p014,"Ch. 1: Earliest Memories, passage 14",1,Earliest Memories,14,231,sadness,1,4.329004329004329,NRC lexicon via tidytext/textdata
ch01_p014,"Ch. 1: Earliest Memories, passage 14",1,Earliest Memories,14,231,surprise,1,4.329004329004329,NRC lexicon via tidytext/textdata
ch01_p014,"Ch. 1: Earliest Memories, passage 14",1,Earliest Memories,14,231,trust,2,8.658008658008658,NRC lexicon via tidytext/textdata
ch01_p015,"Ch. 1: Earliest Memories, passage 15",1,Earliest Memories,15,242,anger,3,12.396694214876034,NRC lexicon via tidytext/textdata
ch01_p015,"Ch. 1: Earliest Memories, passage 15",1,Earliest Memories,15,242,anticipation,8,33.057851239669425,NRC lexicon via tidytext/textdata
ch01_p015,"Ch. 1: Earliest Memories, passage 15",1,Earliest Memories,15,242,disgust,1,4.132231404958678,NRC lexicon via tidytext/textdata
ch01_p015,"Ch. 1: Earliest Memories, passage 15",1,Earliest Memories,15,242,fear,7,28.925619834710744,NRC lexicon via tidytext/textdata
ch01_p015,"Ch. 1: Earliest Memories, passage 15",1,Earliest Memories,15,242,joy,5,20.66115702479339,NRC lexicon via tidytext/textdata
ch01_p015,"Ch. 1: Earliest Memories, passage 15",1,Earliest Memories,15,242,negative,10,41.32231404958678,NRC lexicon via tidytext/textdata
ch01_p015,"Ch. 1: Earliest Memories, passage 15",1,Earliest Memories,15,242,positive,10,41.32231404958678,NRC lexicon via tidytext/textdata
ch01_p015,"Ch. 1: Earliest Memories, passage 15",1,Earliest Memories,15,242,sadness,6,24.793388429752067,NRC lexicon via tidytext/textdata
ch01_p015,"Ch. 1: Earliest Memories, passage 15",1,Earliest Memories,15,242,surprise,1,4.132231404958678,NRC lexicon via tidytext/textdata
ch01_p015,"Ch. 1: Earliest Memories, passage 15",1,Earliest Memories,15,242,trust,7,28.925619834710744,NRC lexicon via tidytext/textdata
ch02_p001,"Ch. 2: The Teenage Period, passage 1",2,The Teenage Period,1,248,anger,1,4.032258064516129,NRC lexicon via tidytext/textdata
ch02_p001,"Ch. 2: The Teenage Period, passage 1",2,The Teenage Period,1,248,anticipation,6,24.193548387096772,NRC lexicon via tidytext/textdata
ch02_p001,"Ch. 2: The Teenage Period, passage 1",2,The Teenage Period,1,248,disgust,0,0,NRC lexicon via tidytext/textdata
ch02_p001,"Ch. 2: The Teenage Period, passage 1",2,The Teenage Period,1,248,fear,2,8.064516129032258,NRC lexicon via tidytext/textdata
ch02_p001,"Ch. 2: The Teenage Period, passage 1",2,The Teenage Period,1,248,joy,5,20.161290322580644,NRC lexicon via tidytext/textdata
ch02_p001,"Ch. 2: The Teenage Period, passage 1",2,The Teenage Period,1,248,negative,3,12.096774193548386,NRC lexicon via tidytext/textdata
ch02_p001,"Ch. 2: The Teenage Period, passage 1",2,The Teenage Period,1,248,positive,16,64.51612903225806,NRC lexicon via tidytext/textdata
ch02_p001,"Ch. 2: The Teenage Period, passage 1",2,The Teenage Period,1,248,sadness,2,8.064516129032258,NRC lexicon via tidytext/textdata
ch02_p001,"Ch. 2: The Teenage Period, passage 1",2,The Teenage Period,1,248,surprise,2,8.064516129032258,NRC lexicon via tidytext/textdata
ch02_p001,"Ch. 2: The Teenage Period, passage 1",2,The Teenage Period,1,248,trust,15,60.483870967741936,NRC lexicon via tidytext/textdata
ch02_p002,"Ch. 2: The Teenage Period, passage 2",2,The Teenage Period,2,241,anger,1,4.149377593360996,NRC lexicon via tidytext/textdata
ch02_p002,"Ch. 2: The Teenage Period, passage 2",2,The Teenage Period,2,241,anticipation,3,12.448132780082986,NRC lexicon via tidytext/textdata
ch02_p002,"Ch. 2: The Teenage Period, passage 2",2,The Teenage Period,2,241,disgust,0,0,NRC lexicon via tidytext/textdata
ch02_p002,"Ch. 2: The Teenage Period, passage 2",2,The Teenage Period,2,241,fear,1,4.149377593360996,NRC lexicon via tidytext/textdata
ch02_p002,"Ch. 2: The Teenage Period, passage 2",2,The Teenage Period,2,241,joy,4,16.597510373443985,NRC lexicon via tidytext/textdata
ch02_p002,"Ch. 2: The Teenage Period, passage 2",2,The Teenage Period,2,241,negative,1,4.149377593360996,NRC lexicon via tidytext/textdata
ch02_p002,"Ch. 2: The Teenage Period, passage 2",2,The Teenage Period,2,241,positive,6,24.896265560165972,NRC lexicon via tidytext/textdata
ch02_p002,"Ch. 2: The Teenage Period, passage 2",2,The Teenage Period,2,241,sadness,1,4.149377593360996,NRC lexicon via tidytext/textdata
ch02_p002,"Ch. 2: The Teenage Period, passage 2",2,The Teenage Period,2,241,surprise,2,8.298755186721992,NRC lexicon via tidytext/textdata
ch02_p002,"Ch. 2: The Teenage Period, passage 2",2,The Teenage Period,2,241,trust,10,41.49377593360996,NRC lexicon via tidytext/textdata
ch02_p003,"Ch. 2: The Teenage Period, passage 3",2,The Teenage Period,3,240,anger,1,4.166666666666667,NRC lexicon via tidytext/textdata
ch02_p003,"Ch. 2: The Teenage Period, passage 3",2,The Teenage Period,3,240,anticipation,6,25,NRC lexicon via tidytext/textdata
ch02_p003,"Ch. 2: The Teenage Period, passage 3",2,The Teenage Period,3,240,disgust,1,4.166666666666667,NRC lexicon via tidytext/textdata
ch02_p003,"Ch. 2: The Teenage Period, passage 3",2,The Teenage Period,3,240,fear,1,4.166666666666667,NRC lexicon via tidytext/textdata
ch02_p003,"Ch. 2: The Teenage Period, passage 3",2,The Teenage Period,3,240,joy,4,16.666666666666668,NRC lexicon via tidytext/textdata
ch02_p003,"Ch. 2: The Teenage Period, passage 3",2,The Teenage Period,3,240,negative,4,16.666666666666668,NRC lexicon via tidytext/textdata
ch02_p003,"Ch. 2: The Teenage Period, passage 3",2,The Teenage Period,3,240,positive,10,41.666666666666664,NRC lexicon via tidytext/textdata
ch02_p003,"Ch. 2: The Teenage Period, passage 3",2,The Teenage Period,3,240,sadness,2,8.333333333333334,NRC lexicon via tidytext/textdata
ch02_p003,"Ch. 2: The Teenage Period, passage 3",2,The Teenage Period,3,240,surprise,0,0,NRC lexicon via tidytext/textdata
ch02_p003,"Ch. 2: The Teenage Period, passage 3",2,The Teenage Period,3,240,trust,6,25,NRC lexicon via tidytext/textdata
ch02_p004,"Ch. 2: The Teenage Period, passage 4",2,The Teenage Period,4,241,anger,4,16.597510373443985,NRC lexicon via tidytext/textdata
ch02_p004,"Ch. 2: The Teenage Period, passage 4",2,The Teenage Period,4,241,anticipation,7,29.04564315352697,NRC lexicon via tidytext/textdata
ch02_p004,"Ch. 2: The Teenage Period, passage 4",2,The Teenage Period,4,241,disgust,3,12.448132780082986,NRC lexicon via tidytext/textdata
ch02_p004,"Ch. 2: The Teenage Period, passage 4",2,The Teenage Period,4,241,fear,3,12.448132780082986,NRC lexicon via tidytext/textdata
ch02_p004,"Ch. 2: The Teenage Period, passage 4",2,The Teenage Period,4,241,joy,2,8.298755186721992,NRC lexicon via tidytext/textdata
ch02_p004,"Ch. 2: The Teenage Period, passage 4",2,The Teenage Period,4,241,negative,6,24.896265560165972,NRC lexicon via tidytext/textdata
ch02_p004,"Ch. 2: The Teenage Period, passage 4",2,The Teenage Period,4,241,positive,7,29.04564315352697,NRC lexicon via tidytext/textdata
ch02_p004,"Ch. 2: The Teenage Period, passage 4",2,The Teenage Period,4,241,sadness,4,16.597510373443985,NRC lexicon via tidytext/textdata
ch02_p004,"Ch. 2: The Teenage Period, passage 4",2,The Teenage Period,4,241,surprise,0,0,NRC lexicon via tidytext/textdata
ch02_p004,"Ch. 2: The Teenage Period, passage 4",2,The Teenage Period,4,241,trust,13,53.941908713692946,NRC lexicon via tidytext/textdata
ch02_p005,"Ch. 2: The Teenage Period, passage 5",2,The Teenage Period,5,245,anger,4,16.3265306122449,NRC lexicon via tidytext/textdata
ch02_p005,"Ch. 2: The Teenage Period, passage 5",2,The Teenage Period,5,245,anticipation,5,20.408163265306122,NRC lexicon via tidytext/textdata
ch02_p005,"Ch. 2: The Teenage Period, passage 5",2,The Teenage Period,5,245,disgust,1,4.081632653061225,NRC lexicon via tidytext/textdata
ch02_p005,"Ch. 2: The Teenage Period, passage 5",2,The Teenage Period,5,245,fear,4,16.3265306122449,NRC lexicon via tidytext/textdata
ch02_p005,"Ch. 2: The Teenage Period, passage 5",2,The Teenage Period,5,245,joy,5,20.408163265306122,NRC lexicon via tidytext/textdata
ch02_p005,"Ch. 2: The Teenage Period, passage 5",2,The Teenage Period,5,245,negative,4,16.3265306122449,NRC lexicon via tidytext/textdata
ch02_p005,"Ch. 2: The Teenage Period, passage 5",2,The Teenage Period,5,245,positive,10,40.816326530612244,NRC lexicon via tidytext/textdata
ch02_p005,"Ch. 2: The Teenage Period, passage 5",2,The Teenage Period,5,245,sadness,0,0,NRC lexicon via tidytext/textdata
ch02_p005,"Ch. 2: The Teenage Period, passage 5",2,The Teenage Period,5,245,surprise,3,12.244897959183673,NRC lexicon via tidytext/textdata
ch02_p005,"Ch. 2: The Teenage Period, passage 5",2,The Teenage Period,5,245,trust,7,28.57142857142857,NRC lexicon via tidytext/textdata
ch02_p006,"Ch. 2: The Teenage Period, passage 6",2,The Teenage Period,6,236,anger,1,4.237288135593221,NRC lexicon via tidytext/textdata
ch02_p006,"Ch. 2: The Teenage Period, passage 6",2,The Teenage Period,6,236,anticipation,12,50.84745762711865,NRC lexicon via tidytext/textdata
ch02_p006,"Ch. 2: The Teenage Period, passage 6",2,The Teenage Period,6,236,disgust,1,4.237288135593221,NRC lexicon via tidytext/textdata
ch02_p006,"Ch. 2: The Teenage Period, passage 6",2,The Teenage Period,6,236,fear,2,8.474576271186441,NRC lexicon via tidytext/textdata
ch02_p006,"Ch. 2: The Teenage Period, passage 6",2,The Teenage Period,6,236,joy,10,42.3728813559322,NRC lexicon via tidytext/textdata
ch02_p006,"Ch. 2: The Teenage Period, passage 6",2,The Teenage Period,6,236,negative,3,12.711864406779663,NRC lexicon via tidytext/textdata
ch02_p006,"Ch. 2: The Teenage Period, passage 6",2,The Teenage Period,6,236,positive,13,55.08474576271186,NRC lexicon via tidytext/textdata
ch02_p006,"Ch. 2: The Teenage Period, passage 6",2,The Teenage Period,6,236,sadness,2,8.474576271186441,NRC lexicon via tidytext/textdata
ch02_p006,"Ch. 2: The Teenage Period, passage 6",2,The Teenage Period,6,236,surprise,2,8.474576271186441,NRC lexicon via tidytext/textdata
ch02_p006,"Ch. 2: The Teenage Period, passage 6",2,The Teenage Period,6,236,trust,14,59.32203389830509,NRC lexicon via tidytext/textdata
ch02_p007,"Ch. 2: The Teenage Period, passage 7",2,The Teenage Period,7,228,anger,1,4.385964912280701,NRC lexicon via tidytext/textdata
ch02_p007,"Ch. 2: The Teenage Period, passage 7",2,The Teenage Period,7,228,anticipation,5,21.929824561403507,NRC lexicon via tidytext/textdata
ch02_p007,"Ch. 2: The Teenage Period, passage 7",2,The Teenage Period,7,228,disgust,0,0,NRC lexicon via tidytext/textdata
ch02_p007,"Ch. 2: The Teenage Period, passage 7",2,The Teenage Period,7,228,fear,1,4.385964912280701,NRC lexicon via tidytext/textdata
ch02_p007,"Ch. 2: The Teenage Period, passage 7",2,The Teenage Period,7,228,joy,4,17.543859649122805,NRC lexicon via tidytext/textdata
ch02_p007,"Ch. 2: The Teenage Period, passage 7",2,The Teenage Period,7,228,negative,1,4.385964912280701,NRC lexicon via tidytext/textdata
ch02_p007,"Ch. 2: The Teenage Period, passage 7",2,The Teenage Period,7,228,positive,12,52.63157894736842,NRC lexicon via tidytext/textdata
ch02_p007,"Ch. 2: The Teenage Period, passage 7",2,The Teenage Period,7,228,sadness,1,4.385964912280701,NRC lexicon via tidytext/textdata
ch02_p007,"Ch. 2: The Teenage Period, passage 7",2,The Teenage Period,7,228,surprise,1,4.385964912280701,NRC lexicon via tidytext/textdata
ch02_p007,"Ch. 2: The Teenage Period, passage 7",2,The Teenage Period,7,228,trust,11,48.24561403508772,NRC lexicon via tidytext/textdata
ch02_p008,"Ch. 2: The Teenage Period, passage 8",2,The Teenage Period,8,246,anger,1,4.065040650406504,NRC lexicon via tidytext/textdata
ch02_p008,"Ch. 2: The Teenage Period, passage 8",2,The Teenage Period,8,246,anticipation,8,32.520325203252035,NRC lexicon via tidytext/textdata
ch02_p008,"Ch. 2: The Teenage Period, passage 8",2,The Teenage Period,8,246,disgust,1,4.065040650406504,NRC lexicon via tidytext/textdata
ch02_p008,"Ch. 2: The Teenage Period, passage 8",2,The Teenage Period,8,246,fear,3,12.195121951219512,NRC lexicon via tidytext/textdata
ch02_p008,"Ch. 2: The Teenage Period, passage 8",2,The Teenage Period,8,246,joy,7,28.455284552845526,NRC lexicon via tidytext/textdata
ch02_p008,"Ch. 2: The Teenage Period, passage 8",2,The Teenage Period,8,246,negative,4,16.260162601626018,NRC lexicon via tidytext/textdata
ch02_p008,"Ch. 2: The Teenage Period, passage 8",2,The Teenage Period,8,246,positive,17,69.10569105691057,NRC lexicon via tidytext/textdata
ch02_p008,"Ch. 2: The Teenage Period, passage 8",2,The Teenage Period,8,246,sadness,4,16.260162601626018,NRC lexicon via tidytext/textdata
ch02_p008,"Ch. 2: The Teenage Period, passage 8",2,The Teenage Period,8,246,surprise,3,12.195121951219512,NRC lexicon via tidytext/textdata
ch02_p008,"Ch. 2: The Teenage Period, passage 8",2,The Teenage Period,8,246,trust,15,60.97560975609756,NRC lexicon via tidytext/textdata
ch02_p009,"Ch. 2: The Teenage Period, passage 9",2,The Teenage Period,9,216,anger,2,9.25925925925926,NRC lexicon via tidytext/textdata
ch02_p009,"Ch. 2: The Teenage Period, passage 9",2,The Teenage Period,9,216,anticipation,4,18.51851851851852,NRC lexicon via tidytext/textdata
ch02_p009,"Ch. 2: The Teenage Period, passage 9",2,The Teenage Period,9,216,disgust,1,4.62962962962963,NRC lexicon via tidytext/textdata
ch02_p009,"Ch. 2: The Teenage Period, passage 9",2,The Teenage Period,9,216,fear,1,4.62962962962963,NRC lexicon via tidytext/textdata
ch02_p009,"Ch. 2: The Teenage Period, passage 9",2,The Teenage Period,9,216,joy,4,18.51851851851852,NRC lexicon via tidytext/textdata
ch02_p009,"Ch. 2: The Teenage Period, passage 9",2,The Teenage Period,9,216,negative,2,9.25925925925926,NRC lexicon via tidytext/textdata
ch02_p009,"Ch. 2: The Teenage Period, passage 9",2,The Teenage Period,9,216,positive,12,55.55555555555555,NRC lexicon via tidytext/textdata
ch02_p009,"Ch. 2: The Teenage Period, passage 9",2,The Teenage Period,9,216,sadness,2,9.25925925925926,NRC lexicon via tidytext/textdata
ch02_p009,"Ch. 2: The Teenage Period, passage 9",2,The Teenage Period,9,216,surprise,1,4.62962962962963,NRC lexicon via tidytext/textdata
ch02_p009,"Ch. 2: The Teenage Period, passage 9",2,The Teenage Period,9,216,trust,7,32.407407407407405,NRC lexicon via tidytext/textdata
ch02_p010,"Ch. 2: The Teenage Period, passage 10",2,The Teenage Period,10,247,anger,1,4.048582995951417,NRC lexicon via tidytext/textdata
ch02_p010,"Ch. 2: The Teenage Period, passage 10",2,The Teenage Period,10,247,anticipation,4,16.194331983805668,NRC lexicon via tidytext/textdata
ch02_p010,"Ch. 2: The Teenage Period, passage 10",2,The Teenage Period,10,247,disgust,0,0,NRC lexicon via tidytext/textdata
ch02_p010,"Ch. 2: The Teenage Period, passage 10",2,The Teenage Period,10,247,fear,4,16.194331983805668,NRC lexicon via tidytext/textdata
ch02_p010,"Ch. 2: The Teenage Period, passage 10",2,The Teenage Period,10,247,joy,4,16.194331983805668,NRC lexicon via tidytext/textdata
ch02_p010,"Ch. 2: The Teenage Period, passage 10",2,The Teenage Period,10,247,negative,6,24.291497975708502,NRC lexicon via tidytext/textdata
ch02_p010,"Ch. 2: The Teenage Period, passage 10",2,The Teenage Period,10,247,positive,9,36.43724696356275,NRC lexicon via tidytext/textdata
ch02_p010,"Ch. 2: The Teenage Period, passage 10",2,The Teenage Period,10,247,sadness,1,4.048582995951417,NRC lexicon via tidytext/textdata
ch02_p010,"Ch. 2: The Teenage Period, passage 10",2,The Teenage Period,10,247,surprise,1,4.048582995951417,NRC lexicon via tidytext/textdata
ch02_p010,"Ch. 2: The Teenage Period, passage 10",2,The Teenage Period,10,247,trust,10,40.48582995951417,NRC lexicon via tidytext/textdata
ch02_p011,"Ch. 2: The Teenage Period, passage 11",2,The Teenage Period,11,245,anger,0,0,NRC lexicon via tidytext/textdata
ch02_p011,"Ch. 2: The Teenage Period, passage 11",2,The Teenage Period,11,245,anticipation,7,28.57142857142857,NRC lexicon via tidytext/textdata
ch02_p011,"Ch. 2: The Teenage Period, passage 11",2,The Teenage Period,11,245,disgust,0,0,NRC lexicon via tidytext/textdata
ch02_p011,"Ch. 2: The Teenage Period, passage 11",2,The Teenage Period,11,245,fear,2,8.16326530612245,NRC lexicon via tidytext/textdata
ch02_p011,"Ch. 2: The Teenage Period, passage 11",2,The Teenage Period,11,245,joy,4,16.3265306122449,NRC lexicon via tidytext/textdata
ch02_p011,"Ch. 2: The Teenage Period, passage 11",2,The Teenage Period,11,245,negative,2,8.16326530612245,NRC lexicon via tidytext/textdata
ch02_p011,"Ch. 2: The Teenage Period, passage 11",2,The Teenage Period,11,245,positive,14,57.14285714285714,NRC lexicon via tidytext/textdata
ch02_p011,"Ch. 2: The Teenage Period, passage 11",2,The Teenage Period,11,245,sadness,1,4.081632653061225,NRC lexicon via tidytext/textdata
ch02_p011,"Ch. 2: The Teenage Period, passage 11",2,The Teenage Period,11,245,surprise,3,12.244897959183673,NRC lexicon via tidytext/textdata
ch02_p011,"Ch. 2: The Teenage Period, passage 11",2,The Teenage Period,11,245,trust,10,40.816326530612244,NRC lexicon via tidytext/textdata
ch02_p012,"Ch. 2: The Teenage Period, passage 12",2,The Teenage Period,12,270,anger,0,0,NRC lexicon via tidytext/textdata
ch02_p012,"Ch. 2: The Teenage Period, passage 12",2,The Teenage Period,12,270,anticipation,9,33.333333333333336,NRC lexicon via tidytext/textdata
ch02_p012,"Ch. 2: The Teenage Period, passage 12",2,The Teenage Period,12,270,disgust,0,0,NRC lexicon via tidytext/textdata
ch02_p012,"Ch. 2: The Teenage Period, passage 12",2,The Teenage Period,12,270,fear,1,3.7037037037037037,NRC lexicon via tidytext/textdata
ch02_p012,"Ch. 2: The Teenage Period, passage 12",2,The Teenage Period,12,270,joy,5,18.51851851851852,NRC lexicon via tidytext/textdata
ch02_p012,"Ch. 2: The Teenage Period, passage 12",2,The Teenage Period,12,270,negative,5,18.51851851851852,NRC lexicon via tidytext/textdata
ch02_p012,"Ch. 2: The Teenage Period, passage 12",2,The Teenage Period,12,270,positive,16,59.25925925925926,NRC lexicon via tidytext/textdata
ch02_p012,"Ch. 2: The Teenage Period, passage 12",2,The Teenage Period,12,270,sadness,1,3.7037037037037037,NRC lexicon via tidytext/textdata
ch02_p012,"Ch. 2: The Teenage Period, passage 12",2,The Teenage Period,12,270,surprise,3,11.11111111111111,NRC lexicon via tidytext/textdata
ch02_p012,"Ch. 2: The Teenage Period, passage 12",2,The Teenage Period,12,270,trust,10,37.03703703703704,NRC lexicon via tidytext/textdata
ch02_p013,"Ch. 2: The Teenage Period, passage 13",2,The Teenage Period,13,261,anger,3,11.494252873563218,NRC lexicon via tidytext/textdata
ch02_p013,"Ch. 2: The Teenage Period, passage 13",2,The Teenage Period,13,261,anticipation,4,15.32567049808429,NRC lexicon via tidytext/textdata
ch02_p013,"Ch. 2: The Teenage Period, passage 13",2,The Teenage Period,13,261,disgust,2,7.662835249042145,NRC lexicon via tidytext/textdata
ch02_p013,"Ch. 2: The Teenage Period, passage 13",2,The Teenage Period,13,261,fear,11,42.145593869731805,NRC lexicon via tidytext/textdata
ch02_p013,"Ch. 2: The Teenage Period, passage 13",2,The Teenage Period,13,261,joy,2,7.662835249042145,NRC lexicon via tidytext/textdata
ch02_p013,"Ch. 2: The Teenage Period, passage 13",2,The Teenage Period,13,261,negative,12,45.97701149425287,NRC lexicon via tidytext/textdata
ch02_p013,"Ch. 2: The Teenage Period, passage 13",2,The Teenage Period,13,261,positive,12,45.97701149425287,NRC lexicon via tidytext/textdata
ch02_p013,"Ch. 2: The Teenage Period, passage 13",2,The Teenage Period,13,261,sadness,2,7.662835249042145,NRC lexicon via tidytext/textdata
ch02_p013,"Ch. 2: The Teenage Period, passage 13",2,The Teenage Period,13,261,surprise,0,0,NRC lexicon via tidytext/textdata
ch02_p013,"Ch. 2: The Teenage Period, passage 13",2,The Teenage Period,13,261,trust,7,26.819923371647512,NRC lexicon via tidytext/textdata
ch02_p014,"Ch. 2: The Teenage Period, passage 14",2,The Teenage Period,14,248,anger,2,8.064516129032258,NRC lexicon via tidytext/textdata
ch02_p014,"Ch. 2: The Teenage Period, passage 14",2,The Teenage Period,14,248,anticipation,12,48.387096774193544,NRC lexicon via tidytext/textdata
ch02_p014,"Ch. 2: The Teenage Period, passage 14",2,The Teenage Period,14,248,disgust,2,8.064516129032258,NRC lexicon via tidytext/textdata
ch02_p014,"Ch. 2: The Teenage Period, passage 14",2,The Teenage Period,14,248,fear,4,16.129032258064516,NRC lexicon via tidytext/textdata
ch02_p014,"Ch. 2: The Teenage Period, passage 14",2,The Teenage Period,14,248,joy,8,32.25806451612903,NRC lexicon via tidytext/textdata
ch02_p014,"Ch. 2: The Teenage Period, passage 14",2,The Teenage Period,14,248,negative,8,32.25806451612903,NRC lexicon via tidytext/textdata
ch02_p014,"Ch. 2: The Teenage Period, passage 14",2,The Teenage Period,14,248,positive,18,72.58064516129033,NRC lexicon via tidytext/textdata
ch02_p014,"Ch. 2: The Teenage Period, passage 14",2,The Teenage Period,14,248,sadness,5,20.161290322580644,NRC lexicon via tidytext/textdata
ch02_p014,"Ch. 2: The Teenage Period, passage 14",2,The Teenage Period,14,248,surprise,4,16.129032258064516,NRC lexicon via tidytext/textdata
ch02_p014,"Ch. 2: The Teenage Period, passage 14",2,The Teenage Period,14,248,trust,12,48.387096774193544,NRC lexicon via tidytext/textdata
ch02_p015,"Ch. 2: The Teenage Period, passage 15",2,The Teenage Period,15,235,anger,3,12.76595744680851,NRC lexicon via tidytext/textdata
ch02_p015,"Ch. 2: The Teenage Period, passage 15",2,The Teenage Period,15,235,anticipation,5,21.27659574468085,NRC lexicon via tidytext/textdata
ch02_p015,"Ch. 2: The Teenage Period, passage 15",2,The Teenage Period,15,235,disgust,1,4.25531914893617,NRC lexicon via tidytext/textdata
ch02_p015,"Ch. 2: The Teenage Period, passage 15",2,The Teenage Period,15,235,fear,5,21.27659574468085,NRC lexicon via tidytext/textdata
ch02_p015,"Ch. 2: The Teenage Period, passage 15",2,The Teenage Period,15,235,joy,4,17.02127659574468,NRC lexicon via tidytext/textdata
ch02_p015,"Ch. 2: The Teenage Period, passage 15",2,The Teenage Period,15,235,negative,8,34.04255319148936,NRC lexicon via tidytext/textdata
ch02_p015,"Ch. 2: The Teenage Period, passage 15",2,The Teenage Period,15,235,positive,11,46.80851063829787,NRC lexicon via tidytext/textdata
ch02_p015,"Ch. 2: The Teenage Period, passage 15",2,The Teenage Period,15,235,sadness,6,25.53191489361702,NRC lexicon via tidytext/textdata
ch02_p015,"Ch. 2: The Teenage Period, passage 15",2,The Teenage Period,15,235,surprise,3,12.76595744680851,NRC lexicon via tidytext/textdata
ch02_p015,"Ch. 2: The Teenage Period, passage 15",2,The Teenage Period,15,235,trust,9,38.297872340425535,NRC lexicon via tidytext/textdata
ch02_p016,"Ch. 2: The Teenage Period, passage 16",2,The Teenage Period,16,200,anger,3,15,NRC lexicon via tidytext/textdata
ch02_p016,"Ch. 2: The Teenage Period, passage 16",2,The Teenage Period,16,200,anticipation,5,25,NRC lexicon via tidytext/textdata
ch02_p016,"Ch. 2: The Teenage Period, passage 16",2,The Teenage Period,16,200,disgust,3,15,NRC lexicon via tidytext/textdata
ch02_p016,"Ch. 2: The Teenage Period, passage 16",2,The Teenage Period,16,200,fear,3,15,NRC lexicon via tidytext/textdata
ch02_p016,"Ch. 2: The Teenage Period, passage 16",2,The Teenage Period,16,200,joy,5,25,NRC lexicon via tidytext/textdata
ch02_p016,"Ch. 2: The Teenage Period, passage 16",2,The Teenage Period,16,200,negative,5,25,NRC lexicon via tidytext/textdata
ch02_p016,"Ch. 2: The Teenage Period, passage 16",2,The Teenage Period,16,200,positive,7,35,NRC lexicon via tidytext/textdata
ch02_p016,"Ch. 2: The Teenage Period, passage 16",2,The Teenage Period,16,200,sadness,4,20,NRC lexicon via tidytext/textdata
ch02_p016,"Ch. 2: The Teenage Period, passage 16",2,The Teenage Period,16,200,surprise,6,30,NRC lexicon via tidytext/textdata
ch02_p016,"Ch. 2: The Teenage Period, passage 16",2,The Teenage Period,16,200,trust,6,30,NRC lexicon via tidytext/textdata
ch03_p001,"Ch. 3: World War Two, passage 1",3,World War Two,1,241,anger,1,4.149377593360996,NRC lexicon via tidytext/textdata
ch03_p001,"Ch. 3: World War Two, passage 1",3,World War Two,1,241,anticipation,3,12.448132780082986,NRC lexicon via tidytext/textdata
ch03_p001,"Ch. 3: World War Two, passage 1",3,World War Two,1,241,disgust,1,4.149377593360996,NRC lexicon via tidytext/textdata
ch03_p001,"Ch. 3: World War Two, passage 1",3,World War Two,1,241,fear,2,8.298755186721992,NRC lexicon via tidytext/textdata
ch03_p001,"Ch. 3: World War Two, passage 1",3,World War Two,1,241,joy,2,8.298755186721992,NRC lexicon via tidytext/textdata
ch03_p001,"Ch. 3: World War Two, passage 1",3,World War Two,1,241,negative,3,12.448132780082986,NRC lexicon via tidytext/textdata
ch03_p001,"Ch. 3: World War Two, passage 1",3,World War Two,1,241,positive,12,49.792531120331944,NRC lexicon via tidytext/textdata
ch03_p001,"Ch. 3: World War Two, passage 1",3,World War Two,1,241,sadness,0,0,NRC lexicon via tidytext/textdata
ch03_p001,"Ch. 3: World War Two, passage 1",3,World War Two,1,241,surprise,1,4.149377593360996,NRC lexicon via tidytext/textdata
ch03_p001,"Ch. 3: World War Two, passage 1",3,World War Two,1,241,trust,8,33.19502074688797,NRC lexicon via tidytext/textdata
ch03_p002,"Ch. 3: World War Two, passage 2",3,World War Two,2,251,anger,0,0,NRC lexicon via tidytext/textdata
ch03_p002,"Ch. 3: World War Two, passage 2",3,World War Two,2,251,anticipation,6,23.904382470119522,NRC lexicon via tidytext/textdata
ch03_p002,"Ch. 3: World War Two, passage 2",3,World War Two,2,251,disgust,1,3.9840637450199203,NRC lexicon via tidytext/textdata
ch03_p002,"Ch. 3: World War Two, passage 2",3,World War Two,2,251,fear,3,11.952191235059761,NRC lexicon via tidytext/textdata
ch03_p002,"Ch. 3: World War Two, passage 2",3,World War Two,2,251,joy,3,11.952191235059761,NRC lexicon via tidytext/textdata
ch03_p002,"Ch. 3: World War Two, passage 2",3,World War Two,2,251,negative,6,23.904382470119522,NRC lexicon via tidytext/textdata
ch03_p002,"Ch. 3: World War Two, passage 2",3,World War Two,2,251,positive,12,47.808764940239044,NRC lexicon via tidytext/textdata
ch03_p002,"Ch. 3: World War Two, passage 2",3,World War Two,2,251,sadness,3,11.952191235059761,NRC lexicon via tidytext/textdata
ch03_p002,"Ch. 3: World War Two, passage 2",3,World War Two,2,251,surprise,2,7.968127490039841,NRC lexicon via tidytext/textdata
ch03_p002,"Ch. 3: World War Two, passage 2",3,World War Two,2,251,trust,8,31.872509960159363,NRC lexicon via tidytext/textdata
ch03_p003,"Ch. 3: World War Two, passage 3",3,World War Two,3,255,anger,1,3.9215686274509802,NRC lexicon via tidytext/textdata
ch03_p003,"Ch. 3: World War Two, passage 3",3,World War Two,3,255,anticipation,10,39.21568627450981,NRC lexicon via tidytext/textdata
ch03_p003,"Ch. 3: World War Two, passage 3",3,World War Two,3,255,disgust,0,0,NRC lexicon via tidytext/textdata
ch03_p003,"Ch. 3: World War Two, passage 3",3,World War Two,3,255,fear,4,15.686274509803921,NRC lexicon via tidytext/textdata
ch03_p003,"Ch. 3: World War Two, passage 3",3,World War Two,3,255,joy,1,3.9215686274509802,NRC lexicon via tidytext/textdata
ch03_p003,"Ch. 3: World War Two, passage 3",3,World War Two,3,255,negative,3,11.76470588235294,NRC lexicon via tidytext/textdata
ch03_p003,"Ch. 3: World War Two, passage 3",3,World War Two,3,255,positive,7,27.45098039215686,NRC lexicon via tidytext/textdata
ch03_p003,"Ch. 3: World War Two, passage 3",3,World War Two,3,255,sadness,1,3.9215686274509802,NRC lexicon via tidytext/textdata
ch03_p003,"Ch. 3: World War Two, passage 3",3,World War Two,3,255,surprise,2,7.8431372549019605,NRC lexicon via tidytext/textdata
ch03_p003,"Ch. 3: World War Two, passage 3",3,World War Two,3,255,trust,6,23.52941176470588,NRC lexicon via tidytext/textdata
ch03_p004,"Ch. 3: World War Two, passage 4",3,World War Two,4,252,anger,8,31.746031746031743,NRC lexicon via tidytext/textdata
ch03_p004,"Ch. 3: World War Two, passage 4",3,World War Two,4,252,anticipation,6,23.809523809523807,NRC lexicon via tidytext/textdata
ch03_p004,"Ch. 3: World War Two, passage 4",3,World War Two,4,252,disgust,4,15.873015873015872,NRC lexicon via tidytext/textdata
ch03_p004,"Ch. 3: World War Two, passage 4",3,World War Two,4,252,fear,9,35.714285714285715,NRC lexicon via tidytext/textdata
ch03_p004,"Ch. 3: World War Two, passage 4",3,World War Two,4,252,joy,4,15.873015873015872,NRC lexicon via tidytext/textdata
ch03_p004,"Ch. 3: World War Two, passage 4",3,World War Two,4,252,negative,10,39.682539682539684,NRC lexicon via tidytext/textdata
ch03_p004,"Ch. 3: World War Two, passage 4",3,World War Two,4,252,positive,13,51.58730158730158,NRC lexicon via tidytext/textdata
ch03_p004,"Ch. 3: World War Two, passage 4",3,World War Two,4,252,sadness,4,15.873015873015872,NRC lexicon via tidytext/textdata
ch03_p004,"Ch. 3: World War Two, passage 4",3,World War Two,4,252,surprise,2,7.936507936507936,NRC lexicon via tidytext/textdata
ch03_p004,"Ch. 3: World War Two, passage 4",3,World War Two,4,252,trust,3,11.904761904761903,NRC lexicon via tidytext/textdata
ch03_p005,"Ch. 3: World War Two, passage 5",3,World War Two,5,248,anger,15,60.483870967741936,NRC lexicon via tidytext/textdata
ch03_p005,"Ch. 3: World War Two, passage 5",3,World War Two,5,248,anticipation,6,24.193548387096772,NRC lexicon via tidytext/textdata
ch03_p005,"Ch. 3: World War Two, passage 5",3,World War Two,5,248,disgust,5,20.161290322580644,NRC lexicon via tidytext/textdata
ch03_p005,"Ch. 3: World War Two, passage 5",3,World War Two,5,248,fear,10,40.32258064516129,NRC lexicon via tidytext/textdata
ch03_p005,"Ch. 3: World War Two, passage 5",3,World War Two,5,248,joy,3,12.096774193548386,NRC lexicon via tidytext/textdata
ch03_p005,"Ch. 3: World War Two, passage 5",3,World War Two,5,248,negative,20,80.64516129032258,NRC lexicon via tidytext/textdata
ch03_p005,"Ch. 3: World War Two, passage 5",3,World War Two,5,248,positive,14,56.45161290322581,NRC lexicon via tidytext/textdata
ch03_p005,"Ch. 3: World War Two, passage 5",3,World War Two,5,248,sadness,3,12.096774193548386,NRC lexicon via tidytext/textdata
ch03_p005,"Ch. 3: World War Two, passage 5",3,World War Two,5,248,surprise,3,12.096774193548386,NRC lexicon via tidytext/textdata
ch03_p005,"Ch. 3: World War Two, passage 5",3,World War Two,5,248,trust,11,44.35483870967742,NRC lexicon via tidytext/textdata
ch03_p006,"Ch. 3: World War Two, passage 6",3,World War Two,6,238,anger,8,33.61344537815126,NRC lexicon via tidytext/textdata
ch03_p006,"Ch. 3: World War Two, passage 6",3,World War Two,6,238,anticipation,8,33.61344537815126,NRC lexicon via tidytext/textdata
ch03_p006,"Ch. 3: World War Two, passage 6",3,World War Two,6,238,disgust,3,12.605042016806722,NRC lexicon via tidytext/textdata
ch03_p006,"Ch. 3: World War Two, passage 6",3,World War Two,6,238,fear,6,25.210084033613445,NRC lexicon via tidytext/textdata
ch03_p006,"Ch. 3: World War Two, passage 6",3,World War Two,6,238,joy,2,8.403361344537815,NRC lexicon via tidytext/textdata
ch03_p006,"Ch. 3: World War Two, passage 6",3,World War Two,6,238,negative,12,50.42016806722689,NRC lexicon via tidytext/textdata
ch03_p006,"Ch. 3: World War Two, passage 6",3,World War Two,6,238,positive,11,46.21848739495798,NRC lexicon via tidytext/textdata
ch03_p006,"Ch. 3: World War Two, passage 6",3,World War Two,6,238,sadness,6,25.210084033613445,NRC lexicon via tidytext/textdata
ch03_p006,"Ch. 3: World War Two, passage 6",3,World War Two,6,238,surprise,1,4.201680672268908,NRC lexicon via tidytext/textdata
ch03_p006,"Ch. 3: World War Two, passage 6",3,World War Two,6,238,trust,7,29.41176470588235,NRC lexicon via tidytext/textdata
ch03_p007,"Ch. 3: World War Two, passage 7",3,World War Two,7,241,anger,3,12.448132780082986,NRC lexicon via tidytext/textdata
ch03_p007,"Ch. 3: World War Two, passage 7",3,World War Two,7,241,anticipation,5,20.74688796680498,NRC lexicon via tidytext/textdata
ch03_p007,"Ch. 3: World War Two, passage 7",3,World War Two,7,241,disgust,0,0,NRC lexicon via tidytext/textdata
ch03_p007,"Ch. 3: World War Two, passage 7",3,World War Two,7,241,fear,6,24.896265560165972,NRC lexicon via tidytext/textdata
ch03_p007,"Ch. 3: World War Two, passage 7",3,World War Two,7,241,joy,0,0,NRC lexicon via tidytext/textdata
ch03_p007,"Ch. 3: World War Two, passage 7",3,World War Two,7,241,negative,11,45.64315352697095,NRC lexicon via tidytext/textdata
ch03_p007,"Ch. 3: World War Two, passage 7",3,World War Two,7,241,positive,8,33.19502074688797,NRC lexicon via tidytext/textdata
ch03_p007,"Ch. 3: World War Two, passage 7",3,World War Two,7,241,sadness,4,16.597510373443985,NRC lexicon via tidytext/textdata
ch03_p007,"Ch. 3: World War Two, passage 7",3,World War Two,7,241,surprise,2,8.298755186721992,NRC lexicon via tidytext/textdata
ch03_p007,"Ch. 3: World War Two, passage 7",3,World War Two,7,241,trust,4,16.597510373443985,NRC lexicon via tidytext/textdata
ch03_p008,"Ch. 3: World War Two, passage 8",3,World War Two,8,233,anger,7,30.042918454935624,NRC lexicon via tidytext/textdata
ch03_p008,"Ch. 3: World War Two, passage 8",3,World War Two,8,233,anticipation,10,42.918454935622314,NRC lexicon via tidytext/textdata
ch03_p008,"Ch. 3: World War Two, passage 8",3,World War Two,8,233,disgust,2,8.583690987124463,NRC lexicon via tidytext/textdata
ch03_p008,"Ch. 3: World War Two, passage 8",3,World War Two,8,233,fear,5,21.459227467811157,NRC lexicon via tidytext/textdata
ch03_p008,"Ch. 3: World War Two, passage 8",3,World War Two,8,233,joy,5,21.459227467811157,NRC lexicon via tidytext/textdata
ch03_p008,"Ch. 3: World War Two, passage 8",3,World War Two,8,233,negative,7,30.042918454935624,NRC lexicon via tidytext/textdata
ch03_p008,"Ch. 3: World War Two, passage 8",3,World War Two,8,233,positive,16,68.6695278969957,NRC lexicon via tidytext/textdata
ch03_p008,"Ch. 3: World War Two, passage 8",3,World War Two,8,233,sadness,1,4.291845493562231,NRC lexicon via tidytext/textdata
ch03_p008,"Ch. 3: World War Two, passage 8",3,World War Two,8,233,surprise,4,17.167381974248926,NRC lexicon via tidytext/textdata
ch03_p008,"Ch. 3: World War Two, passage 8",3,World War Two,8,233,trust,6,25.751072961373392,NRC lexicon via tidytext/textdata
ch03_p009,"Ch. 3: World War Two, passage 9",3,World War Two,9,232,anger,4,17.241379310344826,NRC lexicon via tidytext/textdata
ch03_p009,"Ch. 3: World War Two, passage 9",3,World War Two,9,232,anticipation,3,12.931034482758621,NRC lexicon via tidytext/textdata
ch03_p009,"Ch. 3: World War Two, passage 9",3,World War Two,9,232,disgust,2,8.620689655172413,NRC lexicon via tidytext/textdata
ch03_p009,"Ch. 3: World War Two, passage 9",3,World War Two,9,232,fear,3,12.931034482758621,NRC lexicon via tidytext/textdata
ch03_p009,"Ch. 3: World War Two, passage 9",3,World War Two,9,232,joy,0,0,NRC lexicon via tidytext/textdata
ch03_p009,"Ch. 3: World War Two, passage 9",3,World War Two,9,232,negative,5,21.551724137931036,NRC lexicon via tidytext/textdata
ch03_p009,"Ch. 3: World War Two, passage 9",3,World War Two,9,232,positive,11,47.41379310344827,NRC lexicon via tidytext/textdata
ch03_p009,"Ch. 3: World War Two, passage 9",3,World War Two,9,232,sadness,6,25.862068965517242,NRC lexicon via tidytext/textdata
ch03_p009,"Ch. 3: World War Two, passage 9",3,World War Two,9,232,surprise,2,8.620689655172413,NRC lexicon via tidytext/textdata
ch03_p009,"Ch. 3: World War Two, passage 9",3,World War Two,9,232,trust,4,17.241379310344826,NRC lexicon via tidytext/textdata
ch03_p010,"Ch. 3: World War Two, passage 10",3,World War Two,10,245,anger,3,12.244897959183673,NRC lexicon via tidytext/textdata
ch03_p010,"Ch. 3: World War Two, passage 10",3,World War Two,10,245,anticipation,7,28.57142857142857,NRC lexicon via tidytext/textdata
ch03_p010,"Ch. 3: World War Two, passage 10",3,World War Two,10,245,disgust,1,4.081632653061225,NRC lexicon via tidytext/textdata
ch03_p010,"Ch. 3: World War Two, passage 10",3,World War Two,10,245,fear,5,20.408163265306122,NRC lexicon via tidytext/textdata
ch03_p010,"Ch. 3: World War Two, passage 10",3,World War Two,10,245,joy,2,8.16326530612245,NRC lexicon via tidytext/textdata
ch03_p010,"Ch. 3: World War Two, passage 10",3,World War Two,10,245,negative,6,24.489795918367346,NRC lexicon via tidytext/textdata
ch03_p010,"Ch. 3: World War Two, passage 10",3,World War Two,10,245,positive,11,44.897959183673464,NRC lexicon via tidytext/textdata
ch03_p010,"Ch. 3: World War Two, passage 10",3,World War Two,10,245,sadness,5,20.408163265306122,NRC lexicon via tidytext/textdata
ch03_p010,"Ch. 3: World War Two, passage 10",3,World War Two,10,245,surprise,0,0,NRC lexicon via tidytext/textdata
ch03_p010,"Ch. 3: World War Two, passage 10",3,World War Two,10,245,trust,7,28.57142857142857,NRC lexicon via tidytext/textdata
ch03_p011,"Ch. 3: World War Two, passage 11",3,World War Two,11,238,anger,5,21.008403361344538,NRC lexicon via tidytext/textdata
ch03_p011,"Ch. 3: World War Two, passage 11",3,World War Two,11,238,anticipation,2,8.403361344537815,NRC lexicon via tidytext/textdata
ch03_p011,"Ch. 3: World War Two, passage 11",3,World War Two,11,238,disgust,1,4.201680672268908,NRC lexicon via tidytext/textdata
ch03_p011,"Ch. 3: World War Two, passage 11",3,World War Two,11,238,fear,5,21.008403361344538,NRC lexicon via tidytext/textdata
ch03_p011,"Ch. 3: World War Two, passage 11",3,World War Two,11,238,joy,2,8.403361344537815,NRC lexicon via tidytext/textdata
ch03_p011,"Ch. 3: World War Two, passage 11",3,World War Two,11,238,negative,8,33.61344537815126,NRC lexicon via tidytext/textdata
ch03_p011,"Ch. 3: World War Two, passage 11",3,World War Two,11,238,positive,7,29.41176470588235,NRC lexicon via tidytext/textdata
ch03_p011,"Ch. 3: World War Two, passage 11",3,World War Two,11,238,sadness,6,25.210084033613445,NRC lexicon via tidytext/textdata
ch03_p011,"Ch. 3: World War Two, passage 11",3,World War Two,11,238,surprise,1,4.201680672268908,NRC lexicon via tidytext/textdata
ch03_p011,"Ch. 3: World War Two, passage 11",3,World War Two,11,238,trust,4,16.80672268907563,NRC lexicon via tidytext/textdata
ch03_p012,"Ch. 3: World War Two, passage 12",3,World War Two,12,69,anger,0,0,NRC lexicon via tidytext/textdata
ch03_p012,"Ch. 3: World War Two, passage 12",3,World War Two,12,69,anticipation,3,43.47826086956522,NRC lexicon via tidytext/textdata
ch03_p012,"Ch. 3: World War Two, passage 12",3,World War Two,12,69,disgust,1,14.492753623188406,NRC lexicon via tidytext/textdata
ch03_p012,"Ch. 3: World War Two, passage 12",3,World War Two,12,69,fear,0,0,NRC lexicon via tidytext/textdata
ch03_p012,"Ch. 3: World War Two, passage 12",3,World War Two,12,69,joy,6,86.95652173913044,NRC lexicon via tidytext/textdata
ch03_p012,"Ch. 3: World War Two, passage 12",3,World War Two,12,69,negative,0,0,NRC lexicon via tidytext/textdata
ch03_p012,"Ch. 3: World War Two, passage 12",3,World War Two,12,69,positive,6,86.95652173913044,NRC lexicon via tidytext/textdata
ch03_p012,"Ch. 3: World War Two, passage 12",3,World War Two,12,69,sadness,0,0,NRC lexicon via tidytext/textdata
ch03_p012,"Ch. 3: World War Two, passage 12",3,World War Two,12,69,surprise,3,43.47826086956522,NRC lexicon via tidytext/textdata
ch03_p012,"Ch. 3: World War Two, passage 12",3,World War Two,12,69,trust,5,72.46376811594203,NRC lexicon via tidytext/textdata
ch04_p001,"Ch. 4: My College Years BYU and Colombia, passage 1",4,My College Years BYU and Colombia,1,230,anger,0,0,NRC lexicon via tidytext/textdata
ch04_p001,"Ch. 4: My College Years BYU and Colombia, passage 1",4,My College Years BYU and Colombia,1,230,anticipation,8,34.78260869565217,NRC lexicon via tidytext/textdata
ch04_p001,"Ch. 4: My College Years BYU and Colombia, passage 1",4,My College Years BYU and Colombia,1,230,disgust,0,0,NRC lexicon via tidytext/textdata
ch04_p001,"Ch. 4: My College Years BYU and Colombia, passage 1",4,My College Years BYU and Colombia,1,230,fear,1,4.3478260869565215,NRC lexicon via tidytext/textdata
ch04_p001,"Ch. 4: My College Years BYU and Colombia, passage 1",4,My College Years BYU and Colombia,1,230,joy,4,17.391304347826086,NRC lexicon via tidytext/textdata
ch04_p001,"Ch. 4: My College Years BYU and Colombia, passage 1",4,My College Years BYU and Colombia,1,230,negative,1,4.3478260869565215,NRC lexicon via tidytext/textdata
ch04_p001,"Ch. 4: My College Years BYU and Colombia, passage 1",4,My College Years BYU and Colombia,1,230,positive,11,47.82608695652174,NRC lexicon via tidytext/textdata
ch04_p001,"Ch. 4: My College Years BYU and Colombia, passage 1",4,My College Years BYU and Colombia,1,230,sadness,0,0,NRC lexicon via tidytext/textdata
ch04_p001,"Ch. 4: My College Years BYU and Colombia, passage 1",4,My College Years BYU and Colombia,1,230,surprise,1,4.3478260869565215,NRC lexicon via tidytext/textdata
ch04_p001,"Ch. 4: My College Years BYU and Colombia, passage 1",4,My College Years BYU and Colombia,1,230,trust,12,52.17391304347826,NRC lexicon via tidytext/textdata
ch04_p002,"Ch. 4: My College Years BYU and Colombia, passage 2",4,My College Years BYU and Colombia,2,222,anger,0,0,NRC lexicon via tidytext/textdata
ch04_p002,"Ch. 4: My College Years BYU and Colombia, passage 2",4,My College Years BYU and Colombia,2,222,anticipation,3,13.513513513513514,NRC lexicon via tidytext/textdata
ch04_p002,"Ch. 4: My College Years BYU and Colombia, passage 2",4,My College Years BYU and Colombia,2,222,disgust,0,0,NRC lexicon via tidytext/textdata
ch04_p002,"Ch. 4: My College Years BYU and Colombia, passage 2",4,My College Years BYU and Colombia,2,222,fear,2,9.00900900900901,NRC lexicon via tidytext/textdata
ch04_p002,"Ch. 4: My College Years BYU and Colombia, passage 2",4,My College Years BYU and Colombia,2,222,joy,1,4.504504504504505,NRC lexicon via tidytext/textdata
ch04_p002,"Ch. 4: My College Years BYU and Colombia, passage 2",4,My College Years BYU and Colombia,2,222,negative,4,18.01801801801802,NRC lexicon via tidytext/textdata
ch04_p002,"Ch. 4: My College Years BYU and Colombia, passage 2",4,My College Years BYU and Colombia,2,222,positive,8,36.03603603603604,NRC lexicon via tidytext/textdata
ch04_p002,"Ch. 4: My College Years BYU and Colombia, passage 2",4,My College Years BYU and Colombia,2,222,sadness,2,9.00900900900901,NRC lexicon via tidytext/textdata
ch04_p002,"Ch. 4: My College Years BYU and Colombia, passage 2",4,My College Years BYU and Colombia,2,222,surprise,0,0,NRC lexicon via tidytext/textdata
ch04_p002,"Ch. 4: My College Years BYU and Colombia, passage 2",4,My College Years BYU and Colombia,2,222,trust,4,18.01801801801802,NRC lexicon via tidytext/textdata
ch04_p003,"Ch. 4: My College Years BYU and Colombia, passage 3",4,My College Years BYU and Colombia,3,249,anger,0,0,NRC lexicon via tidytext/textdata
ch04_p003,"Ch. 4: My College Years BYU and Colombia, passage 3",4,My College Years BYU and Colombia,3,249,anticipation,8,32.128514056224894,NRC lexicon via tidytext/textdata
ch04_p003,"Ch. 4: My College Years BYU and Colombia, passage 3",4,My College Years BYU and Colombia,3,249,disgust,2,8.032128514056224,NRC lexicon via tidytext/textdata
ch04_p003,"Ch. 4: My College Years BYU and Colombia, passage 3",4,My College Years BYU and Colombia,3,249,fear,1,4.016064257028112,NRC lexicon via tidytext/textdata
ch04_p003,"Ch. 4: My College Years BYU and Colombia, passage 3",4,My College Years BYU and Colombia,3,249,joy,5,20.080321285140563,NRC lexicon via tidytext/textdata
ch04_p003,"Ch. 4: My College Years BYU and Colombia, passage 3",4,My College Years BYU and Colombia,3,249,negative,4,16.064257028112447,NRC lexicon via tidytext/textdata
ch04_p003,"Ch. 4: My College Years BYU and Colombia, passage 3",4,My College Years BYU and Colombia,3,249,positive,10,40.16064257028113,NRC lexicon via tidytext/textdata
ch04_p003,"Ch. 4: My College Years BYU and Colombia, passage 3",4,My College Years BYU and Colombia,3,249,sadness,2,8.032128514056224,NRC lexicon via tidytext/textdata
ch04_p003,"Ch. 4: My College Years BYU and Colombia, passage 3",4,My College Years BYU and Colombia,3,249,surprise,3,12.048192771084338,NRC lexicon via tidytext/textdata
ch04_p003,"Ch. 4: My College Years BYU and Colombia, passage 3",4,My College Years BYU and Colombia,3,249,trust,8,32.128514056224894,NRC lexicon via tidytext/textdata
ch04_p004,"Ch. 4: My College Years BYU and Colombia, passage 4",4,My College Years BYU and Colombia,4,236,anger,1,4.237288135593221,NRC lexicon via tidytext/textdata
ch04_p004,"Ch. 4: My College Years BYU and Colombia, passage 4",4,My College Years BYU and Colombia,4,236,anticipation,9,38.13559322033898,NRC lexicon via tidytext/textdata
ch04_p004,"Ch. 4: My College Years BYU and Colombia, passage 4",4,My College Years BYU and Colombia,4,236,disgust,2,8.474576271186441,NRC lexicon via tidytext/textdata
ch04_p004,"Ch. 4: My College Years BYU and Colombia, passage 4",4,My College Years BYU and Colombia,4,236,fear,8,33.898305084745765,NRC lexicon via tidytext/textdata
ch04_p004,"Ch. 4: My College Years BYU and Colombia, passage 4",4,My College Years BYU and Colombia,4,236,joy,7,29.661016949152543,NRC lexicon via tidytext/textdata
ch04_p004,"Ch. 4: My College Years BYU and Colombia, passage 4",4,My College Years BYU and Colombia,4,236,negative,9,38.13559322033898,NRC lexicon via tidytext/textdata
ch04_p004,"Ch. 4: My College Years BYU and Colombia, passage 4",4,My College Years BYU and Colombia,4,236,positive,19,80.50847457627118,NRC lexicon via tidytext/textdata
ch04_p004,"Ch. 4: My College Years BYU and Colombia, passage 4",4,My College Years BYU and Colombia,4,236,sadness,7,29.661016949152543,NRC lexicon via tidytext/textdata
ch04_p004,"Ch. 4: My College Years BYU and Colombia, passage 4",4,My College Years BYU and Colombia,4,236,surprise,3,12.711864406779663,NRC lexicon via tidytext/textdata
ch04_p004,"Ch. 4: My College Years BYU and Colombia, passage 4",4,My College Years BYU and Colombia,4,236,trust,15,63.559322033898304,NRC lexicon via tidytext/textdata
ch04_p005,"Ch. 4: My College Years BYU and Colombia, passage 5",4,My College Years BYU and Colombia,5,230,anger,0,0,NRC lexicon via tidytext/textdata
ch04_p005,"Ch. 4: My College Years BYU and Colombia, passage 5",4,My College Years BYU and Colombia,5,230,anticipation,5,21.73913043478261,NRC lexicon via tidytext/textdata
ch04_p005,"Ch. 4: My College Years BYU and Colombia, passage 5",4,My College Years BYU and Colombia,5,230,disgust,2,8.695652173913043,NRC lexicon via tidytext/textdata
ch04_p005,"Ch. 4: My College Years BYU and Colombia, passage 5",4,My College Years BYU and Colombia,5,230,fear,2,8.695652173913043,NRC lexicon via tidytext/textdata
ch04_p005,"Ch. 4: My College Years BYU and Colombia, passage 5",4,My College Years BYU and Colombia,5,230,joy,4,17.391304347826086,NRC lexicon via tidytext/textdata
ch04_p005,"Ch. 4: My College Years BYU and Colombia, passage 5",4,My College Years BYU and Colombia,5,230,negative,5,21.73913043478261,NRC lexicon via tidytext/textdata
ch04_p005,"Ch. 4: My College Years BYU and Colombia, passage 5",4,My College Years BYU and Colombia,5,230,positive,8,34.78260869565217,NRC lexicon via tidytext/textdata
ch04_p005,"Ch. 4: My College Years BYU and Colombia, passage 5",4,My College Years BYU and Colombia,5,230,sadness,6,26.08695652173913,NRC lexicon via tidytext/textdata
ch04_p005,"Ch. 4: My College Years BYU and Colombia, passage 5",4,My College Years BYU and Colombia,5,230,surprise,1,4.3478260869565215,NRC lexicon via tidytext/textdata
ch04_p005,"Ch. 4: My College Years BYU and Colombia, passage 5",4,My College Years BYU and Colombia,5,230,trust,9,39.130434782608695,NRC lexicon via tidytext/textdata
ch04_p006,"Ch. 4: My College Years BYU and Colombia, passage 6",4,My College Years BYU and Colombia,6,261,anger,0,0,NRC lexicon via tidytext/textdata
ch04_p006,"Ch. 4: My College Years BYU and Colombia, passage 6",4,My College Years BYU and Colombia,6,261,anticipation,4,15.32567049808429,NRC lexicon via tidytext/textdata
ch04_p006,"Ch. 4: My College Years BYU and Colombia, passage 6",4,My College Years BYU and Colombia,6,261,disgust,0,0,NRC lexicon via tidytext/textdata
ch04_p006,"Ch. 4: My College Years BYU and Colombia, passage 6",4,My College Years BYU and Colombia,6,261,fear,0,0,NRC lexicon via tidytext/textdata
ch04_p006,"Ch. 4: My College Years BYU and Colombia, passage 6",4,My College Years BYU and Colombia,6,261,joy,1,3.8314176245210727,NRC lexicon via tidytext/textdata
ch04_p006,"Ch. 4: My College Years BYU and Colombia, passage 6",4,My College Years BYU and Colombia,6,261,negative,2,7.662835249042145,NRC lexicon via tidytext/textdata
ch04_p006,"Ch. 4: My College Years BYU and Colombia, passage 6",4,My College Years BYU and Colombia,6,261,positive,17,65.13409961685824,NRC lexicon via tidytext/textdata
ch04_p006,"Ch. 4: My College Years BYU and Colombia, passage 6",4,My College Years BYU and Colombia,6,261,sadness,0,0,NRC lexicon via tidytext/textdata
ch04_p006,"Ch. 4: My College Years BYU and Colombia, passage 6",4,My College Years BYU and Colombia,6,261,surprise,0,0,NRC lexicon via tidytext/textdata
ch04_p006,"Ch. 4: My College Years BYU and Colombia, passage 6",4,My College Years BYU and Colombia,6,261,trust,11,42.145593869731805,NRC lexicon via tidytext/textdata
ch04_p007,"Ch. 4: My College Years BYU and Colombia, passage 7",4,My College Years BYU and Colombia,7,261,anger,2,7.662835249042145,NRC lexicon via tidytext/textdata
ch04_p007,"Ch. 4: My College Years BYU and Colombia, passage 7",4,My College Years BYU and Colombia,7,261,anticipation,10,38.314176245210724,NRC lexicon via tidytext/textdata
ch04_p007,"Ch. 4: My College Years BYU and Colombia, passage 7",4,My College Years BYU and Colombia,7,261,disgust,1,3.8314176245210727,NRC lexicon via tidytext/textdata
ch04_p007,"Ch. 4: My College Years BYU and Colombia, passage 7",4,My College Years BYU and Colombia,7,261,fear,2,7.662835249042145,NRC lexicon via tidytext/textdata
ch04_p007,"Ch. 4: My College Years BYU and Colombia, passage 7",4,My College Years BYU and Colombia,7,261,joy,7,26.819923371647512,NRC lexicon via tidytext/textdata
ch04_p007,"Ch. 4: My College Years BYU and Colombia, passage 7",4,My College Years BYU and Colombia,7,261,negative,3,11.494252873563218,NRC lexicon via tidytext/textdata
ch04_p007,"Ch. 4: My College Years BYU and Colombia, passage 7",4,My College Years BYU and Colombia,7,261,positive,19,72.79693486590038,NRC lexicon via tidytext/textdata
ch04_p007,"Ch. 4: My College Years BYU and Colombia, passage 7",4,My College Years BYU and Colombia,7,261,sadness,1,3.8314176245210727,NRC lexicon via tidytext/textdata
ch04_p007,"Ch. 4: My College Years BYU and Colombia, passage 7",4,My College Years BYU and Colombia,7,261,surprise,1,3.8314176245210727,NRC lexicon via tidytext/textdata
ch04_p007,"Ch. 4: My College Years BYU and Colombia, passage 7",4,My College Years BYU and Colombia,7,261,trust,9,34.48275862068965,NRC lexicon via tidytext/textdata
ch04_p008,"Ch. 4: My College Years BYU and Colombia, passage 8",4,My College Years BYU and Colombia,8,232,anger,2,8.620689655172413,NRC lexicon via tidytext/textdata
ch04_p008,"Ch. 4: My College Years BYU and Colombia, passage 8",4,My College Years BYU and Colombia,8,232,anticipation,9,38.793103448275865,NRC lexicon via tidytext/textdata
ch04_p008,"Ch. 4: My College Years BYU and Colombia, passage 8",4,My College Years BYU and Colombia,8,232,disgust,2,8.620689655172413,NRC lexicon via tidytext/textdata
ch04_p008,"Ch. 4: My College Years BYU and Colombia, passage 8",4,My College Years BYU and Colombia,8,232,fear,3,12.931034482758621,NRC lexicon via tidytext/textdata
ch04_p008,"Ch. 4: My College Years BYU and Colombia, passage 8",4,My College Years BYU and Colombia,8,232,joy,5,21.551724137931036,NRC lexicon via tidytext/textdata
ch04_p008,"Ch. 4: My College Years BYU and Colombia, passage 8",4,My College Years BYU and Colombia,8,232,negative,5,21.551724137931036,NRC lexicon via tidytext/textdata
ch04_p008,"Ch. 4: My College Years BYU and Colombia, passage 8",4,My College Years BYU and Colombia,8,232,positive,15,64.65517241379311,NRC lexicon via tidytext/textdata
ch04_p008,"Ch. 4: My College Years BYU and Colombia, passage 8",4,My College Years BYU and Colombia,8,232,sadness,1,4.310344827586206,NRC lexicon via tidytext/textdata
ch04_p008,"Ch. 4: My College Years BYU and Colombia, passage 8",4,My College Years BYU and Colombia,8,232,surprise,3,12.931034482758621,NRC lexicon via tidytext/textdata
ch04_p008,"Ch. 4: My College Years BYU and Colombia, passage 8",4,My College Years BYU and Colombia,8,232,trust,6,25.862068965517242,NRC lexicon via tidytext/textdata
ch04_p009,"Ch. 4: My College Years BYU and Colombia, passage 9",4,My College Years BYU and Colombia,9,249,anger,0,0,NRC lexicon via tidytext/textdata
ch04_p009,"Ch. 4: My College Years BYU and Colombia, passage 9",4,My College Years BYU and Colombia,9,249,anticipation,4,16.064257028112447,NRC lexicon via tidytext/textdata
ch04_p009,"Ch. 4: My College Years BYU and Colombia, passage 9",4,My College Years BYU and Colombia,9,249,disgust,0,0,NRC lexicon via tidytext/textdata
ch04_p009,"Ch. 4: My College Years BYU and Colombia, passage 9",4,My College Years BYU and Colombia,9,249,fear,0,0,NRC lexicon via tidytext/textdata
ch04_p009,"Ch. 4: My College Years BYU and Colombia, passage 9",4,My College Years BYU and Colombia,9,249,joy,0,0,NRC lexicon via tidytext/textdata
ch04_p009,"Ch. 4: My College Years BYU and Colombia, passage 9",4,My College Years BYU and Colombia,9,249,negative,2,8.032128514056224,NRC lexicon via tidytext/textdata
ch04_p009,"Ch. 4: My College Years BYU and Colombia, passage 9",4,My College Years BYU and Colombia,9,249,positive,8,32.128514056224894,NRC lexicon via tidytext/textdata
ch04_p009,"Ch. 4: My College Years BYU and Colombia, passage 9",4,My College Years BYU and Colombia,9,249,sadness,0,0,NRC lexicon via tidytext/textdata
ch04_p009,"Ch. 4: My College Years BYU and Colombia, passage 9",4,My College Years BYU and Colombia,9,249,surprise,0,0,NRC lexicon via tidytext/textdata
ch04_p009,"Ch. 4: My College Years BYU and Colombia, passage 9",4,My College Years BYU and Colombia,9,249,trust,4,16.064257028112447,NRC lexicon via tidytext/textdata
ch04_p010,"Ch. 4: My College Years BYU and Colombia, passage 10",4,My College Years BYU and Colombia,10,230,anger,0,0,NRC lexicon via tidytext/textdata
ch04_p010,"Ch. 4: My College Years BYU and Colombia, passage 10",4,My College Years BYU and Colombia,10,230,anticipation,9,39.130434782608695,NRC lexicon via tidytext/textdata
ch04_p010,"Ch. 4: My College Years BYU and Colombia, passage 10",4,My College Years BYU and Colombia,10,230,disgust,0,0,NRC lexicon via tidytext/textdata
ch04_p010,"Ch. 4: My College Years BYU and Colombia, passage 10",4,My College Years BYU and Colombia,10,230,fear,2,8.695652173913043,NRC lexicon via tidytext/textdata
ch04_p010,"Ch. 4: My College Years BYU and Colombia, passage 10",4,My College Years BYU and Colombia,10,230,joy,5,21.73913043478261,NRC lexicon via tidytext/textdata
ch04_p010,"Ch. 4: My College Years BYU and Colombia, passage 10",4,My College Years BYU and Colombia,10,230,negative,0,0,NRC lexicon via tidytext/textdata
ch04_p010,"Ch. 4: My College Years BYU and Colombia, passage 10",4,My College Years BYU and Colombia,10,230,positive,17,73.91304347826087,NRC lexicon via tidytext/textdata
ch04_p010,"Ch. 4: My College Years BYU and Colombia, passage 10",4,My College Years BYU and Colombia,10,230,sadness,0,0,NRC lexicon via tidytext/textdata
ch04_p010,"Ch. 4: My College Years BYU and Colombia, passage 10",4,My College Years BYU and Colombia,10,230,surprise,4,17.391304347826086,NRC lexicon via tidytext/textdata
ch04_p010,"Ch. 4: My College Years BYU and Colombia, passage 10",4,My College Years BYU and Colombia,10,230,trust,10,43.47826086956522,NRC lexicon via tidytext/textdata
ch04_p011,"Ch. 4: My College Years BYU and Colombia, passage 11",4,My College Years BYU and Colombia,11,233,anger,3,12.875536480686696,NRC lexicon via tidytext/textdata
ch04_p011,"Ch. 4: My College Years BYU and Colombia, passage 11",4,My College Years BYU and Colombia,11,233,anticipation,7,30.042918454935624,NRC lexicon via tidytext/textdata
ch04_p011,"Ch. 4: My College Years BYU and Colombia, passage 11",4,My College Years BYU and Colombia,11,233,disgust,1,4.291845493562231,NRC lexicon via tidytext/textdata
ch04_p011,"Ch. 4: My College Years BYU and Colombia, passage 11",4,My College Years BYU and Colombia,11,233,fear,2,8.583690987124463,NRC lexicon via tidytext/textdata
ch04_p011,"Ch. 4: My College Years BYU and Colombia, passage 11",4,My College Years BYU and Colombia,11,233,joy,4,17.167381974248926,NRC lexicon via tidytext/textdata
ch04_p011,"Ch. 4: My College Years BYU and Colombia, passage 11",4,My College Years BYU and Colombia,11,233,negative,5,21.459227467811157,NRC lexicon via tidytext/textdata
ch04_p011,"Ch. 4: My College Years BYU and Colombia, passage 11",4,My College Years BYU and Colombia,11,233,positive,10,42.918454935622314,NRC lexicon via tidytext/textdata
ch04_p011,"Ch. 4: My College Years BYU and Colombia, passage 11",4,My College Years BYU and Colombia,11,233,sadness,5,21.459227467811157,NRC lexicon via tidytext/textdata
ch04_p011,"Ch. 4: My College Years BYU and Colombia, passage 11",4,My College Years BYU and Colombia,11,233,surprise,5,21.459227467811157,NRC lexicon via tidytext/textdata
ch04_p011,"Ch. 4: My College Years BYU and Colombia, passage 11",4,My College Years BYU and Colombia,11,233,trust,8,34.33476394849785,NRC lexicon via tidytext/textdata
ch04_p012,"Ch. 4: My College Years BYU and Colombia, passage 12",4,My College Years BYU and Colombia,12,248,anger,1,4.032258064516129,NRC lexicon via tidytext/textdata
ch04_p012,"Ch. 4: My College Years BYU and Colombia, passage 12",4,My College Years BYU and Colombia,12,248,anticipation,11,44.35483870967742,NRC lexicon via tidytext/textdata
ch04_p012,"Ch. 4: My College Years BYU and Colombia, passage 12",4,My College Years BYU and Colombia,12,248,disgust,0,0,NRC lexicon via tidytext/textdata
ch04_p012,"Ch. 4: My College Years BYU and Colombia, passage 12",4,My College Years BYU and Colombia,12,248,fear,4,16.129032258064516,NRC lexicon via tidytext/textdata
ch04_p012,"Ch. 4: My College Years BYU and Colombia, passage 12",4,My College Years BYU and Colombia,12,248,joy,10,40.32258064516129,NRC lexicon via tidytext/textdata
ch04_p012,"Ch. 4: My College Years BYU and Colombia, passage 12",4,My College Years BYU and Colombia,12,248,negative,4,16.129032258064516,NRC lexicon via tidytext/textdata
ch04_p012,"Ch. 4: My College Years BYU and Colombia, passage 12",4,My College Years BYU and Colombia,12,248,positive,17,68.54838709677419,NRC lexicon via tidytext/textdata
ch04_p012,"Ch. 4: My College Years BYU and Colombia, passage 12",4,My College Years BYU and Colombia,12,248,sadness,6,24.193548387096772,NRC lexicon via tidytext/textdata
ch04_p012,"Ch. 4: My College Years BYU and Colombia, passage 12",4,My College Years BYU and Colombia,12,248,surprise,2,8.064516129032258,NRC lexicon via tidytext/textdata
ch04_p012,"Ch. 4: My College Years BYU and Colombia, passage 12",4,My College Years BYU and Colombia,12,248,trust,14,56.45161290322581,NRC lexicon via tidytext/textdata
ch04_p013,"Ch. 4: My College Years BYU and Colombia, passage 13",4,My College Years BYU and Colombia,13,246,anger,3,12.195121951219512,NRC lexicon via tidytext/textdata
ch04_p013,"Ch. 4: My College Years BYU and Colombia, passage 13",4,My College Years BYU and Colombia,13,246,anticipation,6,24.390243902439025,NRC lexicon via tidytext/textdata
ch04_p013,"Ch. 4: My College Years BYU and Colombia, passage 13",4,My College Years BYU and Colombia,13,246,disgust,1,4.065040650406504,NRC lexicon via tidytext/textdata
ch04_p013,"Ch. 4: My College Years BYU and Colombia, passage 13",4,My College Years BYU and Colombia,13,246,fear,2,8.130081300813009,NRC lexicon via tidytext/textdata
ch04_p013,"Ch. 4: My College Years BYU and Colombia, passage 13",4,My College Years BYU and Colombia,13,246,joy,3,12.195121951219512,NRC lexicon via tidytext/textdata
ch04_p013,"Ch. 4: My College Years BYU and Colombia, passage 13",4,My College Years BYU and Colombia,13,246,negative,2,8.130081300813009,NRC lexicon via tidytext/textdata
ch04_p013,"Ch. 4: My College Years BYU and Colombia, passage 13",4,My College Years BYU and Colombia,13,246,positive,19,77.23577235772358,NRC lexicon via tidytext/textdata
ch04_p013,"Ch. 4: My College Years BYU and Colombia, passage 13",4,My College Years BYU and Colombia,13,246,sadness,2,8.130081300813009,NRC lexicon via tidytext/textdata
ch04_p013,"Ch. 4: My College Years BYU and Colombia, passage 13",4,My College Years BYU and Colombia,13,246,surprise,2,8.130081300813009,NRC lexicon via tidytext/textdata
ch04_p013,"Ch. 4: My College Years BYU and Colombia, passage 13",4,My College Years BYU and Colombia,13,246,trust,9,36.58536585365854,NRC lexicon via tidytext/textdata
ch04_p014,"Ch. 4: My College Years BYU and Colombia, passage 14",4,My College Years BYU and Colombia,14,241,anger,3,12.448132780082986,NRC lexicon via tidytext/textdata
ch04_p014,"Ch. 4: My College Years BYU and Colombia, passage 14",4,My College Years BYU and Colombia,14,241,anticipation,10,41.49377593360996,NRC lexicon via tidytext/textdata
ch04_p014,"Ch. 4: My College Years BYU and Colombia, passage 14",4,My College Years BYU and Colombia,14,241,disgust,2,8.298755186721992,NRC lexicon via tidytext/textdata
ch04_p014,"Ch. 4: My College Years BYU and Colombia, passage 14",4,My College Years BYU and Colombia,14,241,fear,5,20.74688796680498,NRC lexicon via tidytext/textdata
ch04_p014,"Ch. 4: My College Years BYU and Colombia, passage 14",4,My College Years BYU and Colombia,14,241,joy,6,24.896265560165972,NRC lexicon via tidytext/textdata
ch04_p014,"Ch. 4: My College Years BYU and Colombia, passage 14",4,My College Years BYU and Colombia,14,241,negative,8,33.19502074688797,NRC lexicon via tidytext/textdata
ch04_p014,"Ch. 4: My College Years BYU and Colombia, passage 14",4,My College Years BYU and Colombia,14,241,positive,11,45.64315352697095,NRC lexicon via tidytext/textdata
ch04_p014,"Ch. 4: My College Years BYU and Colombia, passage 14",4,My College Years BYU and Colombia,14,241,sadness,3,12.448132780082986,NRC lexicon via tidytext/textdata
ch04_p014,"Ch. 4: My College Years BYU and Colombia, passage 14",4,My College Years BYU and Colombia,14,241,surprise,5,20.74688796680498,NRC lexicon via tidytext/textdata
ch04_p014,"Ch. 4: My College Years BYU and Colombia, passage 14",4,My College Years BYU and Colombia,14,241,trust,9,37.344398340248965,NRC lexicon via tidytext/textdata
ch04_p015,"Ch. 4: My College Years BYU and Colombia, passage 15",4,My College Years BYU and Colombia,15,243,anger,0,0,NRC lexicon via tidytext/textdata
ch04_p015,"Ch. 4: My College Years BYU and Colombia, passage 15",4,My College Years BYU and Colombia,15,243,anticipation,6,24.691358024691358,NRC lexicon via tidytext/textdata
ch04_p015,"Ch. 4: My College Years BYU and Colombia, passage 15",4,My College Years BYU and Colombia,15,243,disgust,0,0,NRC lexicon via tidytext/textdata
ch04_p015,"Ch. 4: My College Years BYU and Colombia, passage 15",4,My College Years BYU and Colombia,15,243,fear,0,0,NRC lexicon via tidytext/textdata
ch04_p015,"Ch. 4: My College Years BYU and Colombia, passage 15",4,My College Years BYU and Colombia,15,243,joy,2,8.23045267489712,NRC lexicon via tidytext/textdata
ch04_p015,"Ch. 4: My College Years BYU and Colombia, passage 15",4,My College Years BYU and Colombia,15,243,negative,2,8.23045267489712,NRC lexicon via tidytext/textdata
ch04_p015,"Ch. 4: My College Years BYU and Colombia, passage 15",4,My College Years BYU and Colombia,15,243,positive,9,37.03703703703704,NRC lexicon via tidytext/textdata
ch04_p015,"Ch. 4: My College Years BYU and Colombia, passage 15",4,My College Years BYU and Colombia,15,243,sadness,1,4.11522633744856,NRC lexicon via tidytext/textdata
ch04_p015,"Ch. 4: My College Years BYU and Colombia, passage 15",4,My College Years BYU and Colombia,15,243,surprise,1,4.11522633744856,NRC lexicon via tidytext/textdata
ch04_p015,"Ch. 4: My College Years BYU and Colombia, passage 15",4,My College Years BYU and Colombia,15,243,trust,9,37.03703703703704,NRC lexicon via tidytext/textdata
ch04_p016,"Ch. 4: My College Years BYU and Colombia, passage 16",4,My College Years BYU and Colombia,16,255,anger,5,19.607843137254903,NRC lexicon via tidytext/textdata
ch04_p016,"Ch. 4: My College Years BYU and Colombia, passage 16",4,My College Years BYU and Colombia,16,255,anticipation,12,47.05882352941176,NRC lexicon via tidytext/textdata
ch04_p016,"Ch. 4: My College Years BYU and Colombia, passage 16",4,My College Years BYU and Colombia,16,255,disgust,1,3.9215686274509802,NRC lexicon via tidytext/textdata
ch04_p016,"Ch. 4: My College Years BYU and Colombia, passage 16",4,My College Years BYU and Colombia,16,255,fear,11,43.13725490196078,NRC lexicon via tidytext/textdata
ch04_p016,"Ch. 4: My College Years BYU and Colombia, passage 16",4,My College Years BYU and Colombia,16,255,joy,5,19.607843137254903,NRC lexicon via tidytext/textdata
ch04_p016,"Ch. 4: My College Years BYU and Colombia, passage 16",4,My College Years BYU and Colombia,16,255,negative,10,39.21568627450981,NRC lexicon via tidytext/textdata
ch04_p016,"Ch. 4: My College Years BYU and Colombia, passage 16",4,My College Years BYU and Colombia,16,255,positive,22,86.27450980392156,NRC lexicon via tidytext/textdata
ch04_p016,"Ch. 4: My College Years BYU and Colombia, passage 16",4,My College Years BYU and Colombia,16,255,sadness,3,11.76470588235294,NRC lexicon via tidytext/textdata
ch04_p016,"Ch. 4: My College Years BYU and Colombia, passage 16",4,My College Years BYU and Colombia,16,255,surprise,5,19.607843137254903,NRC lexicon via tidytext/textdata
ch04_p016,"Ch. 4: My College Years BYU and Colombia, passage 16",4,My College Years BYU and Colombia,16,255,trust,13,50.98039215686274,NRC lexicon via tidytext/textdata
ch04_p017,"Ch. 4: My College Years BYU and Colombia, passage 17",4,My College Years BYU and Colombia,17,238,anger,1,4.201680672268908,NRC lexicon via tidytext/textdata
ch04_p017,"Ch. 4: My College Years BYU and Colombia, passage 17",4,My College Years BYU and Colombia,17,238,anticipation,4,16.80672268907563,NRC lexicon via tidytext/textdata
ch04_p017,"Ch. 4: My College Years BYU and Colombia, passage 17",4,My College Years BYU and Colombia,17,238,disgust,0,0,NRC lexicon via tidytext/textdata
ch04_p017,"Ch. 4: My College Years BYU and Colombia, passage 17",4,My College Years BYU and Colombia,17,238,fear,1,4.201680672268908,NRC lexicon via tidytext/textdata
ch04_p017,"Ch. 4: My College Years BYU and Colombia, passage 17",4,My College Years BYU and Colombia,17,238,joy,1,4.201680672268908,NRC lexicon via tidytext/textdata
ch04_p017,"Ch. 4: My College Years BYU and Colombia, passage 17",4,My College Years BYU and Colombia,17,238,negative,3,12.605042016806722,NRC lexicon via tidytext/textdata
ch04_p017,"Ch. 4: My College Years BYU and Colombia, passage 17",4,My College Years BYU and Colombia,17,238,positive,9,37.81512605042017,NRC lexicon via tidytext/textdata
ch04_p017,"Ch. 4: My College Years BYU and Colombia, passage 17",4,My College Years BYU and Colombia,17,238,sadness,2,8.403361344537815,NRC lexicon via tidytext/textdata
ch04_p017,"Ch. 4: My College Years BYU and Colombia, passage 17",4,My College Years BYU and Colombia,17,238,surprise,3,12.605042016806722,NRC lexicon via tidytext/textdata
ch04_p017,"Ch. 4: My College Years BYU and Colombia, passage 17",4,My College Years BYU and Colombia,17,238,trust,7,29.41176470588235,NRC lexicon via tidytext/textdata
ch04_p018,"Ch. 4: My College Years BYU and Colombia, passage 18",4,My College Years BYU and Colombia,18,248,anger,0,0,NRC lexicon via tidytext/textdata
ch04_p018,"Ch. 4: My College Years BYU and Colombia, passage 18",4,My College Years BYU and Colombia,18,248,anticipation,5,20.161290322580644,NRC lexicon via tidytext/textdata
ch04_p018,"Ch. 4: My College Years BYU and Colombia, passage 18",4,My College Years BYU and Colombia,18,248,disgust,1,4.032258064516129,NRC lexicon via tidytext/textdata
ch04_p018,"Ch. 4: My College Years BYU and Colombia, passage 18",4,My College Years BYU and Colombia,18,248,fear,0,0,NRC lexicon via tidytext/textdata
ch04_p018,"Ch. 4: My College Years BYU and Colombia, passage 18",4,My College Years BYU and Colombia,18,248,joy,6,24.193548387096772,NRC lexicon via tidytext/textdata
ch04_p018,"Ch. 4: My College Years BYU and Colombia, passage 18",4,My College Years BYU and Colombia,18,248,negative,2,8.064516129032258,NRC lexicon via tidytext/textdata
ch04_p018,"Ch. 4: My College Years BYU and Colombia, passage 18",4,My College Years BYU and Colombia,18,248,positive,14,56.45161290322581,NRC lexicon via tidytext/textdata
ch04_p018,"Ch. 4: My College Years BYU and Colombia, passage 18",4,My College Years BYU and Colombia,18,248,sadness,1,4.032258064516129,NRC lexicon via tidytext/textdata
ch04_p018,"Ch. 4: My College Years BYU and Colombia, passage 18",4,My College Years BYU and Colombia,18,248,surprise,4,16.129032258064516,NRC lexicon via tidytext/textdata
ch04_p018,"Ch. 4: My College Years BYU and Colombia, passage 18",4,My College Years BYU and Colombia,18,248,trust,7,28.225806451612904,NRC lexicon via tidytext/textdata
ch05_p001,"Ch. 5: The CIA, passage 1",5,The CIA,1,261,anger,2,7.662835249042145,NRC lexicon via tidytext/textdata
ch05_p001,"Ch. 5: The CIA, passage 1",5,The CIA,1,261,anticipation,6,22.988505747126435,NRC lexicon via tidytext/textdata
ch05_p001,"Ch. 5: The CIA, passage 1",5,The CIA,1,261,disgust,1,3.8314176245210727,NRC lexicon via tidytext/textdata
ch05_p001,"Ch. 5: The CIA, passage 1",5,The CIA,1,261,fear,9,34.48275862068965,NRC lexicon via tidytext/textdata
ch05_p001,"Ch. 5: The CIA, passage 1",5,The CIA,1,261,joy,7,26.819923371647512,NRC lexicon via tidytext/textdata
ch05_p001,"Ch. 5: The CIA, passage 1",5,The CIA,1,261,negative,6,22.988505747126435,NRC lexicon via tidytext/textdata
ch05_p001,"Ch. 5: The CIA, passage 1",5,The CIA,1,261,positive,13,49.808429118773944,NRC lexicon via tidytext/textdata
ch05_p001,"Ch. 5: The CIA, passage 1",5,The CIA,1,261,sadness,1,3.8314176245210727,NRC lexicon via tidytext/textdata
ch05_p001,"Ch. 5: The CIA, passage 1",5,The CIA,1,261,surprise,4,15.32567049808429,NRC lexicon via tidytext/textdata
ch05_p001,"Ch. 5: The CIA, passage 1",5,The CIA,1,261,trust,7,26.819923371647512,NRC lexicon via tidytext/textdata
ch05_p002,"Ch. 5: The CIA, passage 2",5,The CIA,2,264,anger,5,18.93939393939394,NRC lexicon via tidytext/textdata
ch05_p002,"Ch. 5: The CIA, passage 2",5,The CIA,2,264,anticipation,6,22.727272727272727,NRC lexicon via tidytext/textdata
ch05_p002,"Ch. 5: The CIA, passage 2",5,The CIA,2,264,disgust,0,0,NRC lexicon via tidytext/textdata
ch05_p002,"Ch. 5: The CIA, passage 2",5,The CIA,2,264,fear,8,30.303030303030305,NRC lexicon via tidytext/textdata
ch05_p002,"Ch. 5: The CIA, passage 2",5,The CIA,2,264,joy,6,22.727272727272727,NRC lexicon via tidytext/textdata
ch05_p002,"Ch. 5: The CIA, passage 2",5,The CIA,2,264,negative,7,26.515151515151516,NRC lexicon via tidytext/textdata
ch05_p002,"Ch. 5: The CIA, passage 2",5,The CIA,2,264,positive,15,56.81818181818181,NRC lexicon via tidytext/textdata
ch05_p002,"Ch. 5: The CIA, passage 2",5,The CIA,2,264,sadness,2,7.575757575757576,NRC lexicon via tidytext/textdata
ch05_p002,"Ch. 5: The CIA, passage 2",5,The CIA,2,264,surprise,4,15.151515151515152,NRC lexicon via tidytext/textdata
ch05_p002,"Ch. 5: The CIA, passage 2",5,The CIA,2,264,trust,10,37.87878787878788,NRC lexicon via tidytext/textdata
ch05_p003,"Ch. 5: The CIA, passage 3",5,The CIA,3,246,anger,2,8.130081300813009,NRC lexicon via tidytext/textdata
ch05_p003,"Ch. 5: The CIA, passage 3",5,The CIA,3,246,anticipation,4,16.260162601626018,NRC lexicon via tidytext/textdata
ch05_p003,"Ch. 5: The CIA, passage 3",5,The CIA,3,246,disgust,2,8.130081300813009,NRC lexicon via tidytext/textdata
ch05_p003,"Ch. 5: The CIA, passage 3",5,The CIA,3,246,fear,5,20.32520325203252,NRC lexicon via tidytext/textdata
ch05_p003,"Ch. 5: The CIA, passage 3",5,The CIA,3,246,joy,3,12.195121951219512,NRC lexicon via tidytext/textdata
ch05_p003,"Ch. 5: The CIA, passage 3",5,The CIA,3,246,negative,9,36.58536585365854,NRC lexicon via tidytext/textdata
ch05_p003,"Ch. 5: The CIA, passage 3",5,The CIA,3,246,positive,16,65.04065040650407,NRC lexicon via tidytext/textdata
ch05_p003,"Ch. 5: The CIA, passage 3",5,The CIA,3,246,sadness,2,8.130081300813009,NRC lexicon via tidytext/textdata
ch05_p003,"Ch. 5: The CIA, passage 3",5,The CIA,3,246,surprise,2,8.130081300813009,NRC lexicon via tidytext/textdata
ch05_p003,"Ch. 5: The CIA, passage 3",5,The CIA,3,246,trust,9,36.58536585365854,NRC lexicon via tidytext/textdata
ch05_p004,"Ch. 5: The CIA, passage 4",5,The CIA,4,258,anger,1,3.875968992248062,NRC lexicon via tidytext/textdata
ch05_p004,"Ch. 5: The CIA, passage 4",5,The CIA,4,258,anticipation,2,7.751937984496124,NRC lexicon via tidytext/textdata
ch05_p004,"Ch. 5: The CIA, passage 4",5,The CIA,4,258,disgust,1,3.875968992248062,NRC lexicon via tidytext/textdata
ch05_p004,"Ch. 5: The CIA, passage 4",5,The CIA,4,258,fear,5,19.37984496124031,NRC lexicon via tidytext/textdata
ch05_p004,"Ch. 5: The CIA, passage 4",5,The CIA,4,258,joy,2,7.751937984496124,NRC lexicon via tidytext/textdata
ch05_p004,"Ch. 5: The CIA, passage 4",5,The CIA,4,258,negative,4,15.503875968992247,NRC lexicon via tidytext/textdata
ch05_p004,"Ch. 5: The CIA, passage 4",5,The CIA,4,258,positive,13,50.3875968992248,NRC lexicon via tidytext/textdata
ch05_p004,"Ch. 5: The CIA, passage 4",5,The CIA,4,258,sadness,1,3.875968992248062,NRC lexicon via tidytext/textdata
ch05_p004,"Ch. 5: The CIA, passage 4",5,The CIA,4,258,surprise,0,0,NRC lexicon via tidytext/textdata
ch05_p004,"Ch. 5: The CIA, passage 4",5,The CIA,4,258,trust,5,19.37984496124031,NRC lexicon via tidytext/textdata
ch05_p005,"Ch. 5: The CIA, passage 5",5,The CIA,5,261,anger,2,7.662835249042145,NRC lexicon via tidytext/textdata
ch05_p005,"Ch. 5: The CIA, passage 5",5,The CIA,5,261,anticipation,1,3.8314176245210727,NRC lexicon via tidytext/textdata
ch05_p005,"Ch. 5: The CIA, passage 5",5,The CIA,5,261,disgust,0,0,NRC lexicon via tidytext/textdata
ch05_p005,"Ch. 5: The CIA, passage 5",5,The CIA,5,261,fear,2,7.662835249042145,NRC lexicon via tidytext/textdata
ch05_p005,"Ch. 5: The CIA, passage 5",5,The CIA,5,261,joy,1,3.8314176245210727,NRC lexicon via tidytext/textdata
ch05_p005,"Ch. 5: The CIA, passage 5",5,The CIA,5,261,negative,6,22.988505747126435,NRC lexicon via tidytext/textdata
ch05_p005,"Ch. 5: The CIA, passage 5",5,The CIA,5,261,positive,8,30.65134099616858,NRC lexicon via tidytext/textdata
ch05_p005,"Ch. 5: The CIA, passage 5",5,The CIA,5,261,sadness,1,3.8314176245210727,NRC lexicon via tidytext/textdata
ch05_p005,"Ch. 5: The CIA, passage 5",5,The CIA,5,261,surprise,0,0,NRC lexicon via tidytext/textdata
ch05_p005,"Ch. 5: The CIA, passage 5",5,The CIA,5,261,trust,7,26.819923371647512,NRC lexicon via tidytext/textdata
ch05_p006,"Ch. 5: The CIA, passage 6",5,The CIA,6,245,anger,0,0,NRC lexicon via tidytext/textdata
ch05_p006,"Ch. 5: The CIA, passage 6",5,The CIA,6,245,anticipation,7,28.57142857142857,NRC lexicon via tidytext/textdata
ch05_p006,"Ch. 5: The CIA, passage 6",5,The CIA,6,245,disgust,0,0,NRC lexicon via tidytext/textdata
ch05_p006,"Ch. 5: The CIA, passage 6",5,The CIA,6,245,fear,4,16.3265306122449,NRC lexicon via tidytext/textdata
ch05_p006,"Ch. 5: The CIA, passage 6",5,The CIA,6,245,joy,5,20.408163265306122,NRC lexicon via tidytext/textdata
ch05_p006,"Ch. 5: The CIA, passage 6",5,The CIA,6,245,negative,0,0,NRC lexicon via tidytext/textdata
ch05_p006,"Ch. 5: The CIA, passage 6",5,The CIA,6,245,positive,7,28.57142857142857,NRC lexicon via tidytext/textdata
ch05_p006,"Ch. 5: The CIA, passage 6",5,The CIA,6,245,sadness,3,12.244897959183673,NRC lexicon via tidytext/textdata
ch05_p006,"Ch. 5: The CIA, passage 6",5,The CIA,6,245,surprise,3,12.244897959183673,NRC lexicon via tidytext/textdata
ch05_p006,"Ch. 5: The CIA, passage 6",5,The CIA,6,245,trust,12,48.97959183673469,NRC lexicon via tidytext/textdata
ch05_p007,"Ch. 5: The CIA, passage 7",5,The CIA,7,230,anger,1,4.3478260869565215,NRC lexicon via tidytext/textdata
ch05_p007,"Ch. 5: The CIA, passage 7",5,The CIA,7,230,anticipation,6,26.08695652173913,NRC lexicon via tidytext/textdata
ch05_p007,"Ch. 5: The CIA, passage 7",5,The CIA,7,230,disgust,2,8.695652173913043,NRC lexicon via tidytext/textdata
ch05_p007,"Ch. 5: The CIA, passage 7",5,The CIA,7,230,fear,2,8.695652173913043,NRC lexicon via tidytext/textdata
ch05_p007,"Ch. 5: The CIA, passage 7",5,The CIA,7,230,joy,4,17.391304347826086,NRC lexicon via tidytext/textdata
ch05_p007,"Ch. 5: The CIA, passage 7",5,The CIA,7,230,negative,3,13.043478260869565,NRC lexicon via tidytext/textdata
ch05_p007,"Ch. 5: The CIA, passage 7",5,The CIA,7,230,positive,11,47.82608695652174,NRC lexicon via tidytext/textdata
ch05_p007,"Ch. 5: The CIA, passage 7",5,The CIA,7,230,sadness,1,4.3478260869565215,NRC lexicon via tidytext/textdata
ch05_p007,"Ch. 5: The CIA, passage 7",5,The CIA,7,230,surprise,1,4.3478260869565215,NRC lexicon via tidytext/textdata
ch05_p007,"Ch. 5: The CIA, passage 7",5,The CIA,7,230,trust,7,30.434782608695652,NRC lexicon via tidytext/textdata
ch05_p008,"Ch. 5: The CIA, passage 8",5,The CIA,8,237,anger,1,4.219409282700422,NRC lexicon via tidytext/textdata
ch05_p008,"Ch. 5: The CIA, passage 8",5,The CIA,8,237,anticipation,8,33.755274261603375,NRC lexicon via tidytext/textdata
ch05_p008,"Ch. 5: The CIA, passage 8",5,The CIA,8,237,disgust,2,8.438818565400844,NRC lexicon via tidytext/textdata
ch05_p008,"Ch. 5: The CIA, passage 8",5,The CIA,8,237,fear,3,12.658227848101266,NRC lexicon via tidytext/textdata
ch05_p008,"Ch. 5: The CIA, passage 8",5,The CIA,8,237,joy,5,21.09704641350211,NRC lexicon via tidytext/textdata
ch05_p008,"Ch. 5: The CIA, passage 8",5,The CIA,8,237,negative,5,21.09704641350211,NRC lexicon via tidytext/textdata
ch05_p008,"Ch. 5: The CIA, passage 8",5,The CIA,8,237,positive,14,59.07172995780591,NRC lexicon via tidytext/textdata
ch05_p008,"Ch. 5: The CIA, passage 8",5,The CIA,8,237,sadness,3,12.658227848101266,NRC lexicon via tidytext/textdata
ch05_p008,"Ch. 5: The CIA, passage 8",5,The CIA,8,237,surprise,1,4.219409282700422,NRC lexicon via tidytext/textdata
ch05_p008,"Ch. 5: The CIA, passage 8",5,The CIA,8,237,trust,5,21.09704641350211,NRC lexicon via tidytext/textdata
ch05_p009,"Ch. 5: The CIA, passage 9",5,The CIA,9,232,anger,3,12.931034482758621,NRC lexicon via tidytext/textdata
ch05_p009,"Ch. 5: The CIA, passage 9",5,The CIA,9,232,anticipation,2,8.620689655172413,NRC lexicon via tidytext/textdata
ch05_p009,"Ch. 5: The CIA, passage 9",5,The CIA,9,232,disgust,1,4.310344827586206,NRC lexicon via tidytext/textdata
ch05_p009,"Ch. 5: The CIA, passage 9",5,The CIA,9,232,fear,1,4.310344827586206,NRC lexicon via tidytext/textdata
ch05_p009,"Ch. 5: The CIA, passage 9",5,The CIA,9,232,joy,3,12.931034482758621,NRC lexicon via tidytext/textdata
ch05_p009,"Ch. 5: The CIA, passage 9",5,The CIA,9,232,negative,5,21.551724137931036,NRC lexicon via tidytext/textdata
ch05_p009,"Ch. 5: The CIA, passage 9",5,The CIA,9,232,positive,11,47.41379310344827,NRC lexicon via tidytext/textdata
ch05_p009,"Ch. 5: The CIA, passage 9",5,The CIA,9,232,sadness,4,17.241379310344826,NRC lexicon via tidytext/textdata
ch05_p009,"Ch. 5: The CIA, passage 9",5,The CIA,9,232,surprise,0,0,NRC lexicon via tidytext/textdata
ch05_p009,"Ch. 5: The CIA, passage 9",5,The CIA,9,232,trust,5,21.551724137931036,NRC lexicon via tidytext/textdata
ch05_p010,"Ch. 5: The CIA, passage 10",5,The CIA,10,261,anger,4,15.32567049808429,NRC lexicon via tidytext/textdata
ch05_p010,"Ch. 5: The CIA, passage 10",5,The CIA,10,261,anticipation,1,3.8314176245210727,NRC lexicon via tidytext/textdata
ch05_p010,"Ch. 5: The CIA, passage 10",5,The CIA,10,261,disgust,0,0,NRC lexicon via tidytext/textdata
ch05_p010,"Ch. 5: The CIA, passage 10",5,The CIA,10,261,fear,6,22.988505747126435,NRC lexicon via tidytext/textdata
ch05_p010,"Ch. 5: The CIA, passage 10",5,The CIA,10,261,joy,0,0,NRC lexicon via tidytext/textdata
ch05_p010,"Ch. 5: The CIA, passage 10",5,The CIA,10,261,negative,11,42.145593869731805,NRC lexicon via tidytext/textdata
ch05_p010,"Ch. 5: The CIA, passage 10",5,The CIA,10,261,positive,12,45.97701149425287,NRC lexicon via tidytext/textdata
ch05_p010,"Ch. 5: The CIA, passage 10",5,The CIA,10,261,sadness,2,7.662835249042145,NRC lexicon via tidytext/textdata
ch05_p010,"Ch. 5: The CIA, passage 10",5,The CIA,10,261,surprise,0,0,NRC lexicon via tidytext/textdata
ch05_p010,"Ch. 5: The CIA, passage 10",5,The CIA,10,261,trust,8,30.65134099616858,NRC lexicon via tidytext/textdata
ch05_p011,"Ch. 5: The CIA, passage 11",5,The CIA,11,262,anger,0,0,NRC lexicon via tidytext/textdata
ch05_p011,"Ch. 5: The CIA, passage 11",5,The CIA,11,262,anticipation,3,11.450381679389313,NRC lexicon via tidytext/textdata
ch05_p011,"Ch. 5: The CIA, passage 11",5,The CIA,11,262,disgust,0,0,NRC lexicon via tidytext/textdata
ch05_p011,"Ch. 5: The CIA, passage 11",5,The CIA,11,262,fear,3,11.450381679389313,NRC lexicon via tidytext/textdata
ch05_p011,"Ch. 5: The CIA, passage 11",5,The CIA,11,262,joy,3,11.450381679389313,NRC lexicon via tidytext/textdata
ch05_p011,"Ch. 5: The CIA, passage 11",5,The CIA,11,262,negative,1,3.8167938931297707,NRC lexicon via tidytext/textdata
ch05_p011,"Ch. 5: The CIA, passage 11",5,The CIA,11,262,positive,8,30.534351145038165,NRC lexicon via tidytext/textdata
ch05_p011,"Ch. 5: The CIA, passage 11",5,The CIA,11,262,sadness,0,0,NRC lexicon via tidytext/textdata
ch05_p011,"Ch. 5: The CIA, passage 11",5,The CIA,11,262,surprise,1,3.8167938931297707,NRC lexicon via tidytext/textdata
ch05_p011,"Ch. 5: The CIA, passage 11",5,The CIA,11,262,trust,4,15.267175572519083,NRC lexicon via tidytext/textdata
ch05_p012,"Ch. 5: The CIA, passage 12",5,The CIA,12,280,anger,1,3.571428571428571,NRC lexicon via tidytext/textdata
ch05_p012,"Ch. 5: The CIA, passage 12",5,The CIA,12,280,anticipation,5,17.857142857142858,NRC lexicon via tidytext/textdata
ch05_p012,"Ch. 5: The CIA, passage 12",5,The CIA,12,280,disgust,1,3.571428571428571,NRC lexicon via tidytext/textdata
ch05_p012,"Ch. 5: The CIA, passage 12",5,The CIA,12,280,fear,1,3.571428571428571,NRC lexicon via tidytext/textdata
ch05_p012,"Ch. 5: The CIA, passage 12",5,The CIA,12,280,joy,3,10.714285714285714,NRC lexicon via tidytext/textdata
ch05_p012,"Ch. 5: The CIA, passage 12",5,The CIA,12,280,negative,3,10.714285714285714,NRC lexicon via tidytext/textdata
ch05_p012,"Ch. 5: The CIA, passage 12",5,The CIA,12,280,positive,10,35.714285714285715,NRC lexicon via tidytext/textdata
ch05_p012,"Ch. 5: The CIA, passage 12",5,The CIA,12,280,sadness,0,0,NRC lexicon via tidytext/textdata
ch05_p012,"Ch. 5: The CIA, passage 12",5,The CIA,12,280,surprise,3,10.714285714285714,NRC lexicon via tidytext/textdata
ch05_p012,"Ch. 5: The CIA, passage 12",5,The CIA,12,280,trust,6,21.428571428571427,NRC lexicon via tidytext/textdata
ch05_p013,"Ch. 5: The CIA, passage 13",5,The CIA,13,235,anger,0,0,NRC lexicon via tidytext/textdata
ch05_p013,"Ch. 5: The CIA, passage 13",5,The CIA,13,235,anticipation,8,34.04255319148936,NRC lexicon via tidytext/textdata
ch05_p013,"Ch. 5: The CIA, passage 13",5,The CIA,13,235,disgust,1,4.25531914893617,NRC lexicon via tidytext/textdata
ch05_p013,"Ch. 5: The CIA, passage 13",5,The CIA,13,235,fear,5,21.27659574468085,NRC lexicon via tidytext/textdata
ch05_p013,"Ch. 5: The CIA, passage 13",5,The CIA,13,235,joy,7,29.787234042553195,NRC lexicon via tidytext/textdata
ch05_p013,"Ch. 5: The CIA, passage 13",5,The CIA,13,235,negative,1,4.25531914893617,NRC lexicon via tidytext/textdata
ch05_p013,"Ch. 5: The CIA, passage 13",5,The CIA,13,235,positive,8,34.04255319148936,NRC lexicon via tidytext/textdata
ch05_p013,"Ch. 5: The CIA, passage 13",5,The CIA,13,235,sadness,4,17.02127659574468,NRC lexicon via tidytext/textdata
ch05_p013,"Ch. 5: The CIA, passage 13",5,The CIA,13,235,surprise,3,12.76595744680851,NRC lexicon via tidytext/textdata
ch05_p013,"Ch. 5: The CIA, passage 13",5,The CIA,13,235,trust,6,25.53191489361702,NRC lexicon via tidytext/textdata
ch05_p014,"Ch. 5: The CIA, passage 14",5,The CIA,14,231,anger,2,8.658008658008658,NRC lexicon via tidytext/textdata
ch05_p014,"Ch. 5: The CIA, passage 14",5,The CIA,14,231,anticipation,6,25.974025974025977,NRC lexicon via tidytext/textdata
ch05_p014,"Ch. 5: The CIA, passage 14",5,The CIA,14,231,disgust,1,4.329004329004329,NRC lexicon via tidytext/textdata
ch05_p014,"Ch. 5: The CIA, passage 14",5,The CIA,14,231,fear,2,8.658008658008658,NRC lexicon via tidytext/textdata
ch05_p014,"Ch. 5: The CIA, passage 14",5,The CIA,14,231,joy,6,25.974025974025977,NRC lexicon via tidytext/textdata
ch05_p014,"Ch. 5: The CIA, passage 14",5,The CIA,14,231,negative,3,12.987012987012989,NRC lexicon via tidytext/textdata
ch05_p014,"Ch. 5: The CIA, passage 14",5,The CIA,14,231,positive,17,73.5930735930736,NRC lexicon via tidytext/textdata
ch05_p014,"Ch. 5: The CIA, passage 14",5,The CIA,14,231,sadness,2,8.658008658008658,NRC lexicon via tidytext/textdata
ch05_p014,"Ch. 5: The CIA, passage 14",5,The CIA,14,231,surprise,5,21.645021645021643,NRC lexicon via tidytext/textdata
ch05_p014,"Ch. 5: The CIA, passage 14",5,The CIA,14,231,trust,8,34.63203463203463,NRC lexicon via tidytext/textdata
ch05_p015,"Ch. 5: The CIA, passage 15",5,The CIA,15,261,anger,0,0,NRC lexicon via tidytext/textdata
ch05_p015,"Ch. 5: The CIA, passage 15",5,The CIA,15,261,anticipation,5,19.157088122605362,NRC lexicon via tidytext/textdata
ch05_p015,"Ch. 5: The CIA, passage 15",5,The CIA,15,261,disgust,0,0,NRC lexicon via tidytext/textdata
ch05_p015,"Ch. 5: The CIA, passage 15",5,The CIA,15,261,fear,2,7.662835249042145,NRC lexicon via tidytext/textdata
ch05_p015,"Ch. 5: The CIA, passage 15",5,The CIA,15,261,joy,5,19.157088122605362,NRC lexicon via tidytext/textdata
ch05_p015,"Ch. 5: The CIA, passage 15",5,The CIA,15,261,negative,2,7.662835249042145,NRC lexicon via tidytext/textdata
ch05_p015,"Ch. 5: The CIA, passage 15",5,The CIA,15,261,positive,10,38.314176245210724,NRC lexicon via tidytext/textdata
ch05_p015,"Ch. 5: The CIA, passage 15",5,The CIA,15,261,sadness,1,3.8314176245210727,NRC lexicon via tidytext/textdata
ch05_p015,"Ch. 5: The CIA, passage 15",5,The CIA,15,261,surprise,2,7.662835249042145,NRC lexicon via tidytext/textdata
ch05_p015,"Ch. 5: The CIA, passage 15",5,The CIA,15,261,trust,6,22.988505747126435,NRC lexicon via tidytext/textdata
ch05_p016,"Ch. 5: The CIA, passage 16",5,The CIA,16,242,anger,1,4.132231404958678,NRC lexicon via tidytext/textdata
ch05_p016,"Ch. 5: The CIA, passage 16",5,The CIA,16,242,anticipation,1,4.132231404958678,NRC lexicon via tidytext/textdata
ch05_p016,"Ch. 5: The CIA, passage 16",5,The CIA,16,242,disgust,1,4.132231404958678,NRC lexicon via tidytext/textdata
ch05_p016,"Ch. 5: The CIA, passage 16",5,The CIA,16,242,fear,0,0,NRC lexicon via tidytext/textdata
ch05_p016,"Ch. 5: The CIA, passage 16",5,The CIA,16,242,joy,4,16.528925619834713,NRC lexicon via tidytext/textdata
ch05_p016,"Ch. 5: The CIA, passage 16",5,The CIA,16,242,negative,4,16.528925619834713,NRC lexicon via tidytext/textdata
ch05_p016,"Ch. 5: The CIA, passage 16",5,The CIA,16,242,positive,12,49.586776859504134,NRC lexicon via tidytext/textdata
ch05_p016,"Ch. 5: The CIA, passage 16",5,The CIA,16,242,sadness,1,4.132231404958678,NRC lexicon via tidytext/textdata
ch05_p016,"Ch. 5: The CIA, passage 16",5,The CIA,16,242,surprise,0,0,NRC lexicon via tidytext/textdata
ch05_p016,"Ch. 5: The CIA, passage 16",5,The CIA,16,242,trust,3,12.396694214876034,NRC lexicon via tidytext/textdata
ch05_p017,"Ch. 5: The CIA, passage 17",5,The CIA,17,255,anger,5,19.607843137254903,NRC lexicon via tidytext/textdata
ch05_p017,"Ch. 5: The CIA, passage 17",5,The CIA,17,255,anticipation,10,39.21568627450981,NRC lexicon via tidytext/textdata
ch05_p017,"Ch. 5: The CIA, passage 17",5,The CIA,17,255,disgust,3,11.76470588235294,NRC lexicon via tidytext/textdata
ch05_p017,"Ch. 5: The CIA, passage 17",5,The CIA,17,255,fear,2,7.8431372549019605,NRC lexicon via tidytext/textdata
ch05_p017,"Ch. 5: The CIA, passage 17",5,The CIA,17,255,joy,11,43.13725490196078,NRC lexicon via tidytext/textdata
ch05_p017,"Ch. 5: The CIA, passage 17",5,The CIA,17,255,negative,5,19.607843137254903,NRC lexicon via tidytext/textdata
ch05_p017,"Ch. 5: The CIA, passage 17",5,The CIA,17,255,positive,15,58.8235294117647,NRC lexicon via tidytext/textdata
ch05_p017,"Ch. 5: The CIA, passage 17",5,The CIA,17,255,sadness,4,15.686274509803921,NRC lexicon via tidytext/textdata
ch05_p017,"Ch. 5: The CIA, passage 17",5,The CIA,17,255,surprise,6,23.52941176470588,NRC lexicon via tidytext/textdata
ch05_p017,"Ch. 5: The CIA, passage 17",5,The CIA,17,255,trust,10,39.21568627450981,NRC lexicon via tidytext/textdata
ch05_p018,"Ch. 5: The CIA, passage 18",5,The CIA,18,235,anger,5,21.27659574468085,NRC lexicon via tidytext/textdata
ch05_p018,"Ch. 5: The CIA, passage 18",5,The CIA,18,235,anticipation,4,17.02127659574468,NRC lexicon via tidytext/textdata
ch05_p018,"Ch. 5: The CIA, passage 18",5,The CIA,18,235,disgust,3,12.76595744680851,NRC lexicon via tidytext/textdata
ch05_p018,"Ch. 5: The CIA, passage 18",5,The CIA,18,235,fear,10,42.5531914893617,NRC lexicon via tidytext/textdata
ch05_p018,"Ch. 5: The CIA, passage 18",5,The CIA,18,235,joy,2,8.51063829787234,NRC lexicon via tidytext/textdata
ch05_p018,"Ch. 5: The CIA, passage 18",5,The CIA,18,235,negative,12,51.06382978723404,NRC lexicon via tidytext/textdata
ch05_p018,"Ch. 5: The CIA, passage 18",5,The CIA,18,235,positive,8,34.04255319148936,NRC lexicon via tidytext/textdata
ch05_p018,"Ch. 5: The CIA, passage 18",5,The CIA,18,235,sadness,6,25.53191489361702,NRC lexicon via tidytext/textdata
ch05_p018,"Ch. 5: The CIA, passage 18",5,The CIA,18,235,surprise,1,4.25531914893617,NRC lexicon via tidytext/textdata
ch05_p018,"Ch. 5: The CIA, passage 18",5,The CIA,18,235,trust,5,21.27659574468085,NRC lexicon via tidytext/textdata
ch05_p019,"Ch. 5: The CIA, passage 19",5,The CIA,19,235,anger,5,21.27659574468085,NRC lexicon via tidytext/textdata
ch05_p019,"Ch. 5: The CIA, passage 19",5,The CIA,19,235,anticipation,10,42.5531914893617,NRC lexicon via tidytext/textdata
ch05_p019,"Ch. 5: The CIA, passage 19",5,The CIA,19,235,disgust,1,4.25531914893617,NRC lexicon via tidytext/textdata
ch05_p019,"Ch. 5: The CIA, passage 19",5,The CIA,19,235,fear,6,25.53191489361702,NRC lexicon via tidytext/textdata
ch05_p019,"Ch. 5: The CIA, passage 19",5,The CIA,19,235,joy,6,25.53191489361702,NRC lexicon via tidytext/textdata
ch05_p019,"Ch. 5: The CIA, passage 19",5,The CIA,19,235,negative,10,42.5531914893617,NRC lexicon via tidytext/textdata
ch05_p019,"Ch. 5: The CIA, passage 19",5,The CIA,19,235,positive,18,76.59574468085107,NRC lexicon via tidytext/textdata
ch05_p019,"Ch. 5: The CIA, passage 19",5,The CIA,19,235,sadness,2,8.51063829787234,NRC lexicon via tidytext/textdata
ch05_p019,"Ch. 5: The CIA, passage 19",5,The CIA,19,235,surprise,4,17.02127659574468,NRC lexicon via tidytext/textdata
ch05_p019,"Ch. 5: The CIA, passage 19",5,The CIA,19,235,trust,11,46.80851063829787,NRC lexicon via tidytext/textdata
ch05_p020,"Ch. 5: The CIA, passage 20",5,The CIA,20,237,anger,3,12.658227848101266,NRC lexicon via tidytext/textdata
ch05_p020,"Ch. 5: The CIA, passage 20",5,The CIA,20,237,anticipation,5,21.09704641350211,NRC lexicon via tidytext/textdata
ch05_p020,"Ch. 5: The CIA, passage 20",5,The CIA,20,237,disgust,2,8.438818565400844,NRC lexicon via tidytext/textdata
ch05_p020,"Ch. 5: The CIA, passage 20",5,The CIA,20,237,fear,1,4.219409282700422,NRC lexicon via tidytext/textdata
ch05_p020,"Ch. 5: The CIA, passage 20",5,The CIA,20,237,joy,5,21.09704641350211,NRC lexicon via tidytext/textdata
ch05_p020,"Ch. 5: The CIA, passage 20",5,The CIA,20,237,negative,3,12.658227848101266,NRC lexicon via tidytext/textdata
ch05_p020,"Ch. 5: The CIA, passage 20",5,The CIA,20,237,positive,14,59.07172995780591,NRC lexicon via tidytext/textdata
ch05_p020,"Ch. 5: The CIA, passage 20",5,The CIA,20,237,sadness,3,12.658227848101266,NRC lexicon via tidytext/textdata
ch05_p020,"Ch. 5: The CIA, passage 20",5,The CIA,20,237,surprise,3,12.658227848101266,NRC lexicon via tidytext/textdata
ch05_p020,"Ch. 5: The CIA, passage 20",5,The CIA,20,237,trust,10,42.19409282700422,NRC lexicon via tidytext/textdata
ch05_p021,"Ch. 5: The CIA, passage 21",5,The CIA,21,249,anger,0,0,NRC lexicon via tidytext/textdata
ch05_p021,"Ch. 5: The CIA, passage 21",5,The CIA,21,249,anticipation,6,24.096385542168676,NRC lexicon via tidytext/textdata
ch05_p021,"Ch. 5: The CIA, passage 21",5,The CIA,21,249,disgust,0,0,NRC lexicon via tidytext/textdata
ch05_p021,"Ch. 5: The CIA, passage 21",5,The CIA,21,249,fear,1,4.016064257028112,NRC lexicon via tidytext/textdata
ch05_p021,"Ch. 5: The CIA, passage 21",5,The CIA,21,249,joy,4,16.064257028112447,NRC lexicon via tidytext/textdata
ch05_p021,"Ch. 5: The CIA, passage 21",5,The CIA,21,249,negative,4,16.064257028112447,NRC lexicon via tidytext/textdata
ch05_p021,"Ch. 5: The CIA, passage 21",5,The CIA,21,249,positive,13,52.20883534136546,NRC lexicon via tidytext/textdata
ch05_p021,"Ch. 5: The CIA, passage 21",5,The CIA,21,249,sadness,2,8.032128514056224,NRC lexicon via tidytext/textdata
ch05_p021,"Ch. 5: The CIA, passage 21",5,The CIA,21,249,surprise,3,12.048192771084338,NRC lexicon via tidytext/textdata
ch05_p021,"Ch. 5: The CIA, passage 21",5,The CIA,21,249,trust,4,16.064257028112447,NRC lexicon via tidytext/textdata
ch05_p022,"Ch. 5: The CIA, passage 22",5,The CIA,22,257,anger,1,3.8910505836575875,NRC lexicon via tidytext/textdata
ch05_p022,"Ch. 5: The CIA, passage 22",5,The CIA,22,257,anticipation,5,19.45525291828794,NRC lexicon via tidytext/textdata
ch05_p022,"Ch. 5: The CIA, passage 22",5,The CIA,22,257,disgust,0,0,NRC lexicon via tidytext/textdata
ch05_p022,"Ch. 5: The CIA, passage 22",5,The CIA,22,257,fear,1,3.8910505836575875,NRC lexicon via tidytext/textdata
ch05_p022,"Ch. 5: The CIA, passage 22",5,The CIA,22,257,joy,2,7.782101167315175,NRC lexicon via tidytext/textdata
ch05_p022,"Ch. 5: The CIA, passage 22",5,The CIA,22,257,negative,4,15.56420233463035,NRC lexicon via tidytext/textdata
ch05_p022,"Ch. 5: The CIA, passage 22",5,The CIA,22,257,positive,9,35.01945525291829,NRC lexicon via tidytext/textdata
ch05_p022,"Ch. 5: The CIA, passage 22",5,The CIA,22,257,sadness,1,3.8910505836575875,NRC lexicon via tidytext/textdata
ch05_p022,"Ch. 5: The CIA, passage 22",5,The CIA,22,257,surprise,1,3.8910505836575875,NRC lexicon via tidytext/textdata
ch05_p022,"Ch. 5: The CIA, passage 22",5,The CIA,22,257,trust,2,7.782101167315175,NRC lexicon via tidytext/textdata
ch05_p023,"Ch. 5: The CIA, passage 23",5,The CIA,23,233,anger,1,4.291845493562231,NRC lexicon via tidytext/textdata
ch05_p023,"Ch. 5: The CIA, passage 23",5,The CIA,23,233,anticipation,6,25.751072961373392,NRC lexicon via tidytext/textdata
ch05_p023,"Ch. 5: The CIA, passage 23",5,The CIA,23,233,disgust,1,4.291845493562231,NRC lexicon via tidytext/textdata
ch05_p023,"Ch. 5: The CIA, passage 23",5,The CIA,23,233,fear,6,25.751072961373392,NRC lexicon via tidytext/textdata
ch05_p023,"Ch. 5: The CIA, passage 23",5,The CIA,23,233,joy,6,25.751072961373392,NRC lexicon via tidytext/textdata
ch05_p023,"Ch. 5: The CIA, passage 23",5,The CIA,23,233,negative,5,21.459227467811157,NRC lexicon via tidytext/textdata
ch05_p023,"Ch. 5: The CIA, passage 23",5,The CIA,23,233,positive,15,64.37768240343347,NRC lexicon via tidytext/textdata
ch05_p023,"Ch. 5: The CIA, passage 23",5,The CIA,23,233,sadness,1,4.291845493562231,NRC lexicon via tidytext/textdata
ch05_p023,"Ch. 5: The CIA, passage 23",5,The CIA,23,233,surprise,3,12.875536480686696,NRC lexicon via tidytext/textdata
ch05_p023,"Ch. 5: The CIA, passage 23",5,The CIA,23,233,trust,8,34.33476394849785,NRC lexicon via tidytext/textdata
ch05_p024,"Ch. 5: The CIA, passage 24",5,The CIA,24,234,anger,0,0,NRC lexicon via tidytext/textdata
ch05_p024,"Ch. 5: The CIA, passage 24",5,The CIA,24,234,anticipation,5,21.367521367521366,NRC lexicon via tidytext/textdata
ch05_p024,"Ch. 5: The CIA, passage 24",5,The CIA,24,234,disgust,0,0,NRC lexicon via tidytext/textdata
ch05_p024,"Ch. 5: The CIA, passage 24",5,The CIA,24,234,fear,0,0,NRC lexicon via tidytext/textdata
ch05_p024,"Ch. 5: The CIA, passage 24",5,The CIA,24,234,joy,3,12.82051282051282,NRC lexicon via tidytext/textdata
ch05_p024,"Ch. 5: The CIA, passage 24",5,The CIA,24,234,negative,3,12.82051282051282,NRC lexicon via tidytext/textdata
ch05_p024,"Ch. 5: The CIA, passage 24",5,The CIA,24,234,positive,8,34.188034188034194,NRC lexicon via tidytext/textdata
ch05_p024,"Ch. 5: The CIA, passage 24",5,The CIA,24,234,sadness,2,8.547008547008549,NRC lexicon via tidytext/textdata
ch05_p024,"Ch. 5: The CIA, passage 24",5,The CIA,24,234,surprise,1,4.273504273504274,NRC lexicon via tidytext/textdata
ch05_p024,"Ch. 5: The CIA, passage 24",5,The CIA,24,234,trust,3,12.82051282051282,NRC lexicon via tidytext/textdata
ch05_p025,"Ch. 5: The CIA, passage 25",5,The CIA,25,234,anger,1,4.273504273504274,NRC lexicon via tidytext/textdata
ch05_p025,"Ch. 5: The CIA, passage 25",5,The CIA,25,234,anticipation,5,21.367521367521366,NRC lexicon via tidytext/textdata
ch05_p025,"Ch. 5: The CIA, passage 25",5,The CIA,25,234,disgust,0,0,NRC lexicon via tidytext/textdata
ch05_p025,"Ch. 5: The CIA, passage 25",5,The CIA,25,234,fear,2,8.547008547008549,NRC lexicon via tidytext/textdata
ch05_p025,"Ch. 5: The CIA, passage 25",5,The CIA,25,234,joy,5,21.367521367521366,NRC lexicon via tidytext/textdata
ch05_p025,"Ch. 5: The CIA, passage 25",5,The CIA,25,234,negative,5,21.367521367521366,NRC lexicon via tidytext/textdata
ch05_p025,"Ch. 5: The CIA, passage 25",5,The CIA,25,234,positive,10,42.73504273504273,NRC lexicon via tidytext/textdata
ch05_p025,"Ch. 5: The CIA, passage 25",5,The CIA,25,234,sadness,2,8.547008547008549,NRC lexicon via tidytext/textdata
ch05_p025,"Ch. 5: The CIA, passage 25",5,The CIA,25,234,surprise,5,21.367521367521366,NRC lexicon via tidytext/textdata
ch05_p025,"Ch. 5: The CIA, passage 25",5,The CIA,25,234,trust,5,21.367521367521366,NRC lexicon via tidytext/textdata
ch05_p026,"Ch. 5: The CIA, passage 26",5,The CIA,26,236,anger,0,0,NRC lexicon via tidytext/textdata
ch05_p026,"Ch. 5: The CIA, passage 26",5,The CIA,26,236,anticipation,6,25.423728813559325,NRC lexicon via tidytext/textdata
ch05_p026,"Ch. 5: The CIA, passage 26",5,The CIA,26,236,disgust,0,0,NRC lexicon via tidytext/textdata
ch05_p026,"Ch. 5: The CIA, passage 26",5,The CIA,26,236,fear,1,4.237288135593221,NRC lexicon via tidytext/textdata
ch05_p026,"Ch. 5: The CIA, passage 26",5,The CIA,26,236,joy,5,21.1864406779661,NRC lexicon via tidytext/textdata
ch05_p026,"Ch. 5: The CIA, passage 26",5,The CIA,26,236,negative,5,21.1864406779661,NRC lexicon via tidytext/textdata
ch05_p026,"Ch. 5: The CIA, passage 26",5,The CIA,26,236,positive,22,93.22033898305085,NRC lexicon via tidytext/textdata
ch05_p026,"Ch. 5: The CIA, passage 26",5,The CIA,26,236,sadness,2,8.474576271186441,NRC lexicon via tidytext/textdata
ch05_p026,"Ch. 5: The CIA, passage 26",5,The CIA,26,236,surprise,1,4.237288135593221,NRC lexicon via tidytext/textdata
ch05_p026,"Ch. 5: The CIA, passage 26",5,The CIA,26,236,trust,13,55.08474576271186,NRC lexicon via tidytext/textdata
ch05_p027,"Ch. 5: The CIA, passage 27",5,The CIA,27,110,anger,2,18.18181818181818,NRC lexicon via tidytext/textdata
ch05_p027,"Ch. 5: The CIA, passage 27",5,The CIA,27,110,anticipation,3,27.27272727272727,NRC lexicon via tidytext/textdata
ch05_p027,"Ch. 5: The CIA, passage 27",5,The CIA,27,110,disgust,1,9.09090909090909,NRC lexicon via tidytext/textdata
ch05_p027,"Ch. 5: The CIA, passage 27",5,The CIA,27,110,fear,3,27.27272727272727,NRC lexicon via tidytext/textdata
ch05_p027,"Ch. 5: The CIA, passage 27",5,The CIA,27,110,joy,3,27.27272727272727,NRC lexicon via tidytext/textdata
ch05_p027,"Ch. 5: The CIA, passage 27",5,The CIA,27,110,negative,3,27.27272727272727,NRC lexicon via tidytext/textdata
ch05_p027,"Ch. 5: The CIA, passage 27",5,The CIA,27,110,positive,7,63.63636363636363,NRC lexicon via tidytext/textdata
ch05_p027,"Ch. 5: The CIA, passage 27",5,The CIA,27,110,sadness,0,0,NRC lexicon via tidytext/textdata
ch05_p027,"Ch. 5: The CIA, passage 27",5,The CIA,27,110,surprise,0,0,NRC lexicon via tidytext/textdata
ch05_p027,"Ch. 5: The CIA, passage 27",5,The CIA,27,110,trust,9,81.81818181818181,NRC lexicon via tidytext/textdata
ch06_p001,"Ch. 6: Montevideo Uruguay, passage 1",6,Montevideo Uruguay,1,253,anger,0,0,NRC lexicon via tidytext/textdata
ch06_p001,"Ch. 6: Montevideo Uruguay, passage 1",6,Montevideo Uruguay,1,253,anticipation,4,15.810276679841897,NRC lexicon via tidytext/textdata
ch06_p001,"Ch. 6: Montevideo Uruguay, passage 1",6,Montevideo Uruguay,1,253,disgust,0,0,NRC lexicon via tidytext/textdata
ch06_p001,"Ch. 6: Montevideo Uruguay, passage 1",6,Montevideo Uruguay,1,253,fear,1,3.952569169960474,NRC lexicon via tidytext/textdata
ch06_p001,"Ch. 6: Montevideo Uruguay, passage 1",6,Montevideo Uruguay,1,253,joy,2,7.905138339920948,NRC lexicon via tidytext/textdata
ch06_p001,"Ch. 6: Montevideo Uruguay, passage 1",6,Montevideo Uruguay,1,253,negative,0,0,NRC lexicon via tidytext/textdata
ch06_p001,"Ch. 6: Montevideo Uruguay, passage 1",6,Montevideo Uruguay,1,253,positive,13,51.383399209486164,NRC lexicon via tidytext/textdata
ch06_p001,"Ch. 6: Montevideo Uruguay, passage 1",6,Montevideo Uruguay,1,253,sadness,0,0,NRC lexicon via tidytext/textdata
ch06_p001,"Ch. 6: Montevideo Uruguay, passage 1",6,Montevideo Uruguay,1,253,surprise,1,3.952569169960474,NRC lexicon via tidytext/textdata
ch06_p001,"Ch. 6: Montevideo Uruguay, passage 1",6,Montevideo Uruguay,1,253,trust,11,43.47826086956522,NRC lexicon via tidytext/textdata
ch06_p002,"Ch. 6: Montevideo Uruguay, passage 2",6,Montevideo Uruguay,2,259,anger,1,3.8610038610038613,NRC lexicon via tidytext/textdata
ch06_p002,"Ch. 6: Montevideo Uruguay, passage 2",6,Montevideo Uruguay,2,259,anticipation,3,11.583011583011583,NRC lexicon via tidytext/textdata
ch06_p002,"Ch. 6: Montevideo Uruguay, passage 2",6,Montevideo Uruguay,2,259,disgust,2,7.722007722007723,NRC lexicon via tidytext/textdata
ch06_p002,"Ch. 6: Montevideo Uruguay, passage 2",6,Montevideo Uruguay,2,259,fear,4,15.444015444015445,NRC lexicon via tidytext/textdata
ch06_p002,"Ch. 6: Montevideo Uruguay, passage 2",6,Montevideo Uruguay,2,259,joy,4,15.444015444015445,NRC lexicon via tidytext/textdata
ch06_p002,"Ch. 6: Montevideo Uruguay, passage 2",6,Montevideo Uruguay,2,259,negative,7,27.027027027027028,NRC lexicon via tidytext/textdata
ch06_p002,"Ch. 6: Montevideo Uruguay, passage 2",6,Montevideo Uruguay,2,259,positive,9,34.74903474903475,NRC lexicon via tidytext/textdata
ch06_p002,"Ch. 6: Montevideo Uruguay, passage 2",6,Montevideo Uruguay,2,259,sadness,2,7.722007722007723,NRC lexicon via tidytext/textdata
ch06_p002,"Ch. 6: Montevideo Uruguay, passage 2",6,Montevideo Uruguay,2,259,surprise,3,11.583011583011583,NRC lexicon via tidytext/textdata
ch06_p002,"Ch. 6: Montevideo Uruguay, passage 2",6,Montevideo Uruguay,2,259,trust,7,27.027027027027028,NRC lexicon via tidytext/textdata
ch06_p003,"Ch. 6: Montevideo Uruguay, passage 3",6,Montevideo Uruguay,3,241,anger,3,12.448132780082986,NRC lexicon via tidytext/textdata
ch06_p003,"Ch. 6: Montevideo Uruguay, passage 3",6,Montevideo Uruguay,3,241,anticipation,7,29.04564315352697,NRC lexicon via tidytext/textdata
ch06_p003,"Ch. 6: Montevideo Uruguay, passage 3",6,Montevideo Uruguay,3,241,disgust,2,8.298755186721992,NRC lexicon via tidytext/textdata
ch06_p003,"Ch. 6: Montevideo Uruguay, passage 3",6,Montevideo Uruguay,3,241,fear,6,24.896265560165972,NRC lexicon via tidytext/textdata
ch06_p003,"Ch. 6: Montevideo Uruguay, passage 3",6,Montevideo Uruguay,3,241,joy,5,20.74688796680498,NRC lexicon via tidytext/textdata
ch06_p003,"Ch. 6: Montevideo Uruguay, passage 3",6,Montevideo Uruguay,3,241,negative,4,16.597510373443985,NRC lexicon via tidytext/textdata
ch06_p003,"Ch. 6: Montevideo Uruguay, passage 3",6,Montevideo Uruguay,3,241,positive,14,58.09128630705394,NRC lexicon via tidytext/textdata
ch06_p003,"Ch. 6: Montevideo Uruguay, passage 3",6,Montevideo Uruguay,3,241,sadness,2,8.298755186721992,NRC lexicon via tidytext/textdata
ch06_p003,"Ch. 6: Montevideo Uruguay, passage 3",6,Montevideo Uruguay,3,241,surprise,2,8.298755186721992,NRC lexicon via tidytext/textdata
ch06_p003,"Ch. 6: Montevideo Uruguay, passage 3",6,Montevideo Uruguay,3,241,trust,7,29.04564315352697,NRC lexicon via tidytext/textdata
ch06_p004,"Ch. 6: Montevideo Uruguay, passage 4",6,Montevideo Uruguay,4,247,anger,0,0,NRC lexicon via tidytext/textdata
ch06_p004,"Ch. 6: Montevideo Uruguay, passage 4",6,Montevideo Uruguay,4,247,anticipation,10,40.48582995951417,NRC lexicon via tidytext/textdata
ch06_p004,"Ch. 6: Montevideo Uruguay, passage 4",6,Montevideo Uruguay,4,247,disgust,0,0,NRC lexicon via tidytext/textdata
ch06_p004,"Ch. 6: Montevideo Uruguay, passage 4",6,Montevideo Uruguay,4,247,fear,1,4.048582995951417,NRC lexicon via tidytext/textdata
ch06_p004,"Ch. 6: Montevideo Uruguay, passage 4",6,Montevideo Uruguay,4,247,joy,4,16.194331983805668,NRC lexicon via tidytext/textdata
ch06_p004,"Ch. 6: Montevideo Uruguay, passage 4",6,Montevideo Uruguay,4,247,negative,6,24.291497975708502,NRC lexicon via tidytext/textdata
ch06_p004,"Ch. 6: Montevideo Uruguay, passage 4",6,Montevideo Uruguay,4,247,positive,8,32.388663967611336,NRC lexicon via tidytext/textdata
ch06_p004,"Ch. 6: Montevideo Uruguay, passage 4",6,Montevideo Uruguay,4,247,sadness,2,8.097165991902834,NRC lexicon via tidytext/textdata
ch06_p004,"Ch. 6: Montevideo Uruguay, passage 4",6,Montevideo Uruguay,4,247,surprise,1,4.048582995951417,NRC lexicon via tidytext/textdata
ch06_p004,"Ch. 6: Montevideo Uruguay, passage 4",6,Montevideo Uruguay,4,247,trust,4,16.194331983805668,NRC lexicon via tidytext/textdata
ch06_p005,"Ch. 6: Montevideo Uruguay, passage 5",6,Montevideo Uruguay,5,268,anger,1,3.7313432835820897,NRC lexicon via tidytext/textdata
ch06_p005,"Ch. 6: Montevideo Uruguay, passage 5",6,Montevideo Uruguay,5,268,anticipation,6,22.388059701492537,NRC lexicon via tidytext/textdata
ch06_p005,"Ch. 6: Montevideo Uruguay, passage 5",6,Montevideo Uruguay,5,268,disgust,1,3.7313432835820897,NRC lexicon via tidytext/textdata
ch06_p005,"Ch. 6: Montevideo Uruguay, passage 5",6,Montevideo Uruguay,5,268,fear,3,11.194029850746269,NRC lexicon via tidytext/textdata
ch06_p005,"Ch. 6: Montevideo Uruguay, passage 5",6,Montevideo Uruguay,5,268,joy,6,22.388059701492537,NRC lexicon via tidytext/textdata
ch06_p005,"Ch. 6: Montevideo Uruguay, passage 5",6,Montevideo Uruguay,5,268,negative,2,7.462686567164179,NRC lexicon via tidytext/textdata
ch06_p005,"Ch. 6: Montevideo Uruguay, passage 5",6,Montevideo Uruguay,5,268,positive,12,44.776119402985074,NRC lexicon via tidytext/textdata
ch06_p005,"Ch. 6: Montevideo Uruguay, passage 5",6,Montevideo Uruguay,5,268,sadness,2,7.462686567164179,NRC lexicon via tidytext/textdata
ch06_p005,"Ch. 6: Montevideo Uruguay, passage 5",6,Montevideo Uruguay,5,268,surprise,1,3.7313432835820897,NRC lexicon via tidytext/textdata
ch06_p005,"Ch. 6: Montevideo Uruguay, passage 5",6,Montevideo Uruguay,5,268,trust,5,18.656716417910445,NRC lexicon via tidytext/textdata
ch06_p006,"Ch. 6: Montevideo Uruguay, passage 6",6,Montevideo Uruguay,6,235,anger,0,0,NRC lexicon via tidytext/textdata
ch06_p006,"Ch. 6: Montevideo Uruguay, passage 6",6,Montevideo Uruguay,6,235,anticipation,3,12.76595744680851,NRC lexicon via tidytext/textdata
ch06_p006,"Ch. 6: Montevideo Uruguay, passage 6",6,Montevideo Uruguay,6,235,disgust,0,0,NRC lexicon via tidytext/textdata
ch06_p006,"Ch. 6: Montevideo Uruguay, passage 6",6,Montevideo Uruguay,6,235,fear,1,4.25531914893617,NRC lexicon via tidytext/textdata
ch06_p006,"Ch. 6: Montevideo Uruguay, passage 6",6,Montevideo Uruguay,6,235,joy,1,4.25531914893617,NRC lexicon via tidytext/textdata
ch06_p006,"Ch. 6: Montevideo Uruguay, passage 6",6,Montevideo Uruguay,6,235,negative,2,8.51063829787234,NRC lexicon via tidytext/textdata
ch06_p006,"Ch. 6: Montevideo Uruguay, passage 6",6,Montevideo Uruguay,6,235,positive,8,34.04255319148936,NRC lexicon via tidytext/textdata
ch06_p006,"Ch. 6: Montevideo Uruguay, passage 6",6,Montevideo Uruguay,6,235,sadness,0,0,NRC lexicon via tidytext/textdata
ch06_p006,"Ch. 6: Montevideo Uruguay, passage 6",6,Montevideo Uruguay,6,235,surprise,2,8.51063829787234,NRC lexicon via tidytext/textdata
ch06_p006,"Ch. 6: Montevideo Uruguay, passage 6",6,Montevideo Uruguay,6,235,trust,7,29.787234042553195,NRC lexicon via tidytext/textdata
ch06_p007,"Ch. 6: Montevideo Uruguay, passage 7",6,Montevideo Uruguay,7,269,anger,6,22.304832713754646,NRC lexicon via tidytext/textdata
ch06_p007,"Ch. 6: Montevideo Uruguay, passage 7",6,Montevideo Uruguay,7,269,anticipation,6,22.304832713754646,NRC lexicon via tidytext/textdata
ch06_p007,"Ch. 6: Montevideo Uruguay, passage 7",6,Montevideo Uruguay,7,269,disgust,4,14.869888475836431,NRC lexicon via tidytext/textdata
ch06_p007,"Ch. 6: Montevideo Uruguay, passage 7",6,Montevideo Uruguay,7,269,fear,4,14.869888475836431,NRC lexicon via tidytext/textdata
ch06_p007,"Ch. 6: Montevideo Uruguay, passage 7",6,Montevideo Uruguay,7,269,joy,6,22.304832713754646,NRC lexicon via tidytext/textdata
ch06_p007,"Ch. 6: Montevideo Uruguay, passage 7",6,Montevideo Uruguay,7,269,negative,9,33.45724907063197,NRC lexicon via tidytext/textdata
ch06_p007,"Ch. 6: Montevideo Uruguay, passage 7",6,Montevideo Uruguay,7,269,positive,17,63.197026022304826,NRC lexicon via tidytext/textdata
ch06_p007,"Ch. 6: Montevideo Uruguay, passage 7",6,Montevideo Uruguay,7,269,sadness,5,18.58736059479554,NRC lexicon via tidytext/textdata
ch06_p007,"Ch. 6: Montevideo Uruguay, passage 7",6,Montevideo Uruguay,7,269,surprise,6,22.304832713754646,NRC lexicon via tidytext/textdata
ch06_p007,"Ch. 6: Montevideo Uruguay, passage 7",6,Montevideo Uruguay,7,269,trust,15,55.762081784386616,NRC lexicon via tidytext/textdata
ch06_p008,"Ch. 6: Montevideo Uruguay, passage 8",6,Montevideo Uruguay,8,263,anger,3,11.406844106463879,NRC lexicon via tidytext/textdata
ch06_p008,"Ch. 6: Montevideo Uruguay, passage 8",6,Montevideo Uruguay,8,263,anticipation,4,15.209125475285171,NRC lexicon via tidytext/textdata
ch06_p008,"Ch. 6: Montevideo Uruguay, passage 8",6,Montevideo Uruguay,8,263,disgust,2,7.604562737642586,NRC lexicon via tidytext/textdata
ch06_p008,"Ch. 6: Montevideo Uruguay, passage 8",6,Montevideo Uruguay,8,263,fear,4,15.209125475285171,NRC lexicon via tidytext/textdata
ch06_p008,"Ch. 6: Montevideo Uruguay, passage 8",6,Montevideo Uruguay,8,263,joy,4,15.209125475285171,NRC lexicon via tidytext/textdata
ch06_p008,"Ch. 6: Montevideo Uruguay, passage 8",6,Montevideo Uruguay,8,263,negative,13,49.42965779467681,NRC lexicon via tidytext/textdata
ch06_p008,"Ch. 6: Montevideo Uruguay, passage 8",6,Montevideo Uruguay,8,263,positive,13,49.42965779467681,NRC lexicon via tidytext/textdata
ch06_p008,"Ch. 6: Montevideo Uruguay, passage 8",6,Montevideo Uruguay,8,263,sadness,4,15.209125475285171,NRC lexicon via tidytext/textdata
ch06_p008,"Ch. 6: Montevideo Uruguay, passage 8",6,Montevideo Uruguay,8,263,surprise,2,7.604562737642586,NRC lexicon via tidytext/textdata
ch06_p008,"Ch. 6: Montevideo Uruguay, passage 8",6,Montevideo Uruguay,8,263,trust,13,49.42965779467681,NRC lexicon via tidytext/textdata
ch06_p009,"Ch. 6: Montevideo Uruguay, passage 9",6,Montevideo Uruguay,9,244,anger,5,20.491803278688522,NRC lexicon via tidytext/textdata
ch06_p009,"Ch. 6: Montevideo Uruguay, passage 9",6,Montevideo Uruguay,9,244,anticipation,4,16.393442622950822,NRC lexicon via tidytext/textdata
ch06_p009,"Ch. 6: Montevideo Uruguay, passage 9",6,Montevideo Uruguay,9,244,disgust,0,0,NRC lexicon via tidytext/textdata
ch06_p009,"Ch. 6: Montevideo Uruguay, passage 9",6,Montevideo Uruguay,9,244,fear,5,20.491803278688522,NRC lexicon via tidytext/textdata
ch06_p009,"Ch. 6: Montevideo Uruguay, passage 9",6,Montevideo Uruguay,9,244,joy,2,8.196721311475411,NRC lexicon via tidytext/textdata
ch06_p009,"Ch. 6: Montevideo Uruguay, passage 9",6,Montevideo Uruguay,9,244,negative,8,32.786885245901644,NRC lexicon via tidytext/textdata
ch06_p009,"Ch. 6: Montevideo Uruguay, passage 9",6,Montevideo Uruguay,9,244,positive,12,49.18032786885246,NRC lexicon via tidytext/textdata
ch06_p009,"Ch. 6: Montevideo Uruguay, passage 9",6,Montevideo Uruguay,9,244,sadness,1,4.0983606557377055,NRC lexicon via tidytext/textdata
ch06_p009,"Ch. 6: Montevideo Uruguay, passage 9",6,Montevideo Uruguay,9,244,surprise,2,8.196721311475411,NRC lexicon via tidytext/textdata
ch06_p009,"Ch. 6: Montevideo Uruguay, passage 9",6,Montevideo Uruguay,9,244,trust,6,24.59016393442623,NRC lexicon via tidytext/textdata
ch06_p010,"Ch. 6: Montevideo Uruguay, passage 10",6,Montevideo Uruguay,10,281,anger,3,10.676156583629894,NRC lexicon via tidytext/textdata
ch06_p010,"Ch. 6: Montevideo Uruguay, passage 10",6,Montevideo Uruguay,10,281,anticipation,5,17.793594306049823,NRC lexicon via tidytext/textdata
ch06_p010,"Ch. 6: Montevideo Uruguay, passage 10",6,Montevideo Uruguay,10,281,disgust,2,7.117437722419928,NRC lexicon via tidytext/textdata
ch06_p010,"Ch. 6: Montevideo Uruguay, passage 10",6,Montevideo Uruguay,10,281,fear,7,24.91103202846975,NRC lexicon via tidytext/textdata
ch06_p010,"Ch. 6: Montevideo Uruguay, passage 10",6,Montevideo Uruguay,10,281,joy,3,10.676156583629894,NRC lexicon via tidytext/textdata
ch06_p010,"Ch. 6: Montevideo Uruguay, passage 10",6,Montevideo Uruguay,10,281,negative,9,32.028469750889684,NRC lexicon via tidytext/textdata
ch06_p010,"Ch. 6: Montevideo Uruguay, passage 10",6,Montevideo Uruguay,10,281,positive,18,64.05693950177937,NRC lexicon via tidytext/textdata
ch06_p010,"Ch. 6: Montevideo Uruguay, passage 10",6,Montevideo Uruguay,10,281,sadness,4,14.234875444839856,NRC lexicon via tidytext/textdata
ch06_p010,"Ch. 6: Montevideo Uruguay, passage 10",6,Montevideo Uruguay,10,281,surprise,0,0,NRC lexicon via tidytext/textdata
ch06_p010,"Ch. 6: Montevideo Uruguay, passage 10",6,Montevideo Uruguay,10,281,trust,7,24.91103202846975,NRC lexicon via tidytext/textdata
ch06_p011,"Ch. 6: Montevideo Uruguay, passage 11",6,Montevideo Uruguay,11,239,anger,5,20.920502092050206,NRC lexicon via tidytext/textdata
ch06_p011,"Ch. 6: Montevideo Uruguay, passage 11",6,Montevideo Uruguay,11,239,anticipation,6,25.10460251046025,NRC lexicon via tidytext/textdata
ch06_p011,"Ch. 6: Montevideo Uruguay, passage 11",6,Montevideo Uruguay,11,239,disgust,1,4.184100418410042,NRC lexicon via tidytext/textdata
ch06_p011,"Ch. 6: Montevideo Uruguay, passage 11",6,Montevideo Uruguay,11,239,fear,10,41.84100418410041,NRC lexicon via tidytext/textdata
ch06_p011,"Ch. 6: Montevideo Uruguay, passage 11",6,Montevideo Uruguay,11,239,joy,2,8.368200836820083,NRC lexicon via tidytext/textdata
ch06_p011,"Ch. 6: Montevideo Uruguay, passage 11",6,Montevideo Uruguay,11,239,negative,8,33.47280334728033,NRC lexicon via tidytext/textdata
ch06_p011,"Ch. 6: Montevideo Uruguay, passage 11",6,Montevideo Uruguay,11,239,positive,8,33.47280334728033,NRC lexicon via tidytext/textdata
ch06_p011,"Ch. 6: Montevideo Uruguay, passage 11",6,Montevideo Uruguay,11,239,sadness,1,4.184100418410042,NRC lexicon via tidytext/textdata
ch06_p011,"Ch. 6: Montevideo Uruguay, passage 11",6,Montevideo Uruguay,11,239,surprise,5,20.920502092050206,NRC lexicon via tidytext/textdata
ch06_p011,"Ch. 6: Montevideo Uruguay, passage 11",6,Montevideo Uruguay,11,239,trust,6,25.10460251046025,NRC lexicon via tidytext/textdata
ch06_p012,"Ch. 6: Montevideo Uruguay, passage 12",6,Montevideo Uruguay,12,241,anger,2,8.298755186721992,NRC lexicon via tidytext/textdata
ch06_p012,"Ch. 6: Montevideo Uruguay, passage 12",6,Montevideo Uruguay,12,241,anticipation,8,33.19502074688797,NRC lexicon via tidytext/textdata
ch06_p012,"Ch. 6: Montevideo Uruguay, passage 12",6,Montevideo Uruguay,12,241,disgust,2,8.298755186721992,NRC lexicon via tidytext/textdata
ch06_p012,"Ch. 6: Montevideo Uruguay, passage 12",6,Montevideo Uruguay,12,241,fear,7,29.04564315352697,NRC lexicon via tidytext/textdata
ch06_p012,"Ch. 6: Montevideo Uruguay, passage 12",6,Montevideo Uruguay,12,241,joy,6,24.896265560165972,NRC lexicon via tidytext/textdata
ch06_p012,"Ch. 6: Montevideo Uruguay, passage 12",6,Montevideo Uruguay,12,241,negative,7,29.04564315352697,NRC lexicon via tidytext/textdata
ch06_p012,"Ch. 6: Montevideo Uruguay, passage 12",6,Montevideo Uruguay,12,241,positive,12,49.792531120331944,NRC lexicon via tidytext/textdata
ch06_p012,"Ch. 6: Montevideo Uruguay, passage 12",6,Montevideo Uruguay,12,241,sadness,9,37.344398340248965,NRC lexicon via tidytext/textdata
ch06_p012,"Ch. 6: Montevideo Uruguay, passage 12",6,Montevideo Uruguay,12,241,surprise,5,20.74688796680498,NRC lexicon via tidytext/textdata
ch06_p012,"Ch. 6: Montevideo Uruguay, passage 12",6,Montevideo Uruguay,12,241,trust,10,41.49377593360996,NRC lexicon via tidytext/textdata
ch06_p013,"Ch. 6: Montevideo Uruguay, passage 13",6,Montevideo Uruguay,13,236,anger,2,8.474576271186441,NRC lexicon via tidytext/textdata
ch06_p013,"Ch. 6: Montevideo Uruguay, passage 13",6,Montevideo Uruguay,13,236,anticipation,3,12.711864406779663,NRC lexicon via tidytext/textdata
ch06_p013,"Ch. 6: Montevideo Uruguay, passage 13",6,Montevideo Uruguay,13,236,disgust,1,4.237288135593221,NRC lexicon via tidytext/textdata
ch06_p013,"Ch. 6: Montevideo Uruguay, passage 13",6,Montevideo Uruguay,13,236,fear,3,12.711864406779663,NRC lexicon via tidytext/textdata
ch06_p013,"Ch. 6: Montevideo Uruguay, passage 13",6,Montevideo Uruguay,13,236,joy,2,8.474576271186441,NRC lexicon via tidytext/textdata
ch06_p013,"Ch. 6: Montevideo Uruguay, passage 13",6,Montevideo Uruguay,13,236,negative,6,25.423728813559325,NRC lexicon via tidytext/textdata
ch06_p013,"Ch. 6: Montevideo Uruguay, passage 13",6,Montevideo Uruguay,13,236,positive,7,29.661016949152543,NRC lexicon via tidytext/textdata
ch06_p013,"Ch. 6: Montevideo Uruguay, passage 13",6,Montevideo Uruguay,13,236,sadness,3,12.711864406779663,NRC lexicon via tidytext/textdata
ch06_p013,"Ch. 6: Montevideo Uruguay, passage 13",6,Montevideo Uruguay,13,236,surprise,1,4.237288135593221,NRC lexicon via tidytext/textdata
ch06_p013,"Ch. 6: Montevideo Uruguay, passage 13",6,Montevideo Uruguay,13,236,trust,8,33.898305084745765,NRC lexicon via tidytext/textdata
ch06_p014,"Ch. 6: Montevideo Uruguay, passage 14",6,Montevideo Uruguay,14,243,anger,0,0,NRC lexicon via tidytext/textdata
ch06_p014,"Ch. 6: Montevideo Uruguay, passage 14",6,Montevideo Uruguay,14,243,anticipation,2,8.23045267489712,NRC lexicon via tidytext/textdata
ch06_p014,"Ch. 6: Montevideo Uruguay, passage 14",6,Montevideo Uruguay,14,243,disgust,1,4.11522633744856,NRC lexicon via tidytext/textdata
ch06_p014,"Ch. 6: Montevideo Uruguay, passage 14",6,Montevideo Uruguay,14,243,fear,1,4.11522633744856,NRC lexicon via tidytext/textdata
ch06_p014,"Ch. 6: Montevideo Uruguay, passage 14",6,Montevideo Uruguay,14,243,joy,2,8.23045267489712,NRC lexicon via tidytext/textdata
ch06_p014,"Ch. 6: Montevideo Uruguay, passage 14",6,Montevideo Uruguay,14,243,negative,1,4.11522633744856,NRC lexicon via tidytext/textdata
ch06_p014,"Ch. 6: Montevideo Uruguay, passage 14",6,Montevideo Uruguay,14,243,positive,5,20.5761316872428,NRC lexicon via tidytext/textdata
ch06_p014,"Ch. 6: Montevideo Uruguay, passage 14",6,Montevideo Uruguay,14,243,sadness,0,0,NRC lexicon via tidytext/textdata
ch06_p014,"Ch. 6: Montevideo Uruguay, passage 14",6,Montevideo Uruguay,14,243,surprise,1,4.11522633744856,NRC lexicon via tidytext/textdata
ch06_p014,"Ch. 6: Montevideo Uruguay, passage 14",6,Montevideo Uruguay,14,243,trust,7,28.80658436213992,NRC lexicon via tidytext/textdata
ch06_p015,"Ch. 6: Montevideo Uruguay, passage 15",6,Montevideo Uruguay,15,237,anger,0,0,NRC lexicon via tidytext/textdata
ch06_p015,"Ch. 6: Montevideo Uruguay, passage 15",6,Montevideo Uruguay,15,237,anticipation,8,33.755274261603375,NRC lexicon via tidytext/textdata
ch06_p015,"Ch. 6: Montevideo Uruguay, passage 15",6,Montevideo Uruguay,15,237,disgust,2,8.438818565400844,NRC lexicon via tidytext/textdata
ch06_p015,"Ch. 6: Montevideo Uruguay, passage 15",6,Montevideo Uruguay,15,237,fear,1,4.219409282700422,NRC lexicon via tidytext/textdata
ch06_p015,"Ch. 6: Montevideo Uruguay, passage 15",6,Montevideo Uruguay,15,237,joy,4,16.877637130801688,NRC lexicon via tidytext/textdata
ch06_p015,"Ch. 6: Montevideo Uruguay, passage 15",6,Montevideo Uruguay,15,237,negative,4,16.877637130801688,NRC lexicon via tidytext/textdata
ch06_p015,"Ch. 6: Montevideo Uruguay, passage 15",6,Montevideo Uruguay,15,237,positive,15,63.29113924050633,NRC lexicon via tidytext/textdata
ch06_p015,"Ch. 6: Montevideo Uruguay, passage 15",6,Montevideo Uruguay,15,237,sadness,2,8.438818565400844,NRC lexicon via tidytext/textdata
ch06_p015,"Ch. 6: Montevideo Uruguay, passage 15",6,Montevideo Uruguay,15,237,surprise,2,8.438818565400844,NRC lexicon via tidytext/textdata
ch06_p015,"Ch. 6: Montevideo Uruguay, passage 15",6,Montevideo Uruguay,15,237,trust,9,37.9746835443038,NRC lexicon via tidytext/textdata
ch06_p016,"Ch. 6: Montevideo Uruguay, passage 16",6,Montevideo Uruguay,16,218,anger,0,0,NRC lexicon via tidytext/textdata
ch06_p016,"Ch. 6: Montevideo Uruguay, passage 16",6,Montevideo Uruguay,16,218,anticipation,4,18.34862385321101,NRC lexicon via tidytext/textdata
ch06_p016,"Ch. 6: Montevideo Uruguay, passage 16",6,Montevideo Uruguay,16,218,disgust,0,0,NRC lexicon via tidytext/textdata
ch06_p016,"Ch. 6: Montevideo Uruguay, passage 16",6,Montevideo Uruguay,16,218,fear,0,0,NRC lexicon via tidytext/textdata
ch06_p016,"Ch. 6: Montevideo Uruguay, passage 16",6,Montevideo Uruguay,16,218,joy,4,18.34862385321101,NRC lexicon via tidytext/textdata
ch06_p016,"Ch. 6: Montevideo Uruguay, passage 16",6,Montevideo Uruguay,16,218,negative,2,9.174311926605505,NRC lexicon via tidytext/textdata
ch06_p016,"Ch. 6: Montevideo Uruguay, passage 16",6,Montevideo Uruguay,16,218,positive,9,41.284403669724774,NRC lexicon via tidytext/textdata
ch06_p016,"Ch. 6: Montevideo Uruguay, passage 16",6,Montevideo Uruguay,16,218,sadness,3,13.761467889908257,NRC lexicon via tidytext/textdata
ch06_p016,"Ch. 6: Montevideo Uruguay, passage 16",6,Montevideo Uruguay,16,218,surprise,3,13.761467889908257,NRC lexicon via tidytext/textdata
ch06_p016,"Ch. 6: Montevideo Uruguay, passage 16",6,Montevideo Uruguay,16,218,trust,5,22.93577981651376,NRC lexicon via tidytext/textdata
ch07_p001,"Ch. 7: Headquarters Duty, passage 1",7,Headquarters Duty,1,235,anger,1,4.25531914893617,NRC lexicon via tidytext/textdata
ch07_p001,"Ch. 7: Headquarters Duty, passage 1",7,Headquarters Duty,1,235,anticipation,9,38.297872340425535,NRC lexicon via tidytext/textdata
ch07_p001,"Ch. 7: Headquarters Duty, passage 1",7,Headquarters Duty,1,235,disgust,0,0,NRC lexicon via tidytext/textdata
ch07_p001,"Ch. 7: Headquarters Duty, passage 1",7,Headquarters Duty,1,235,fear,1,4.25531914893617,NRC lexicon via tidytext/textdata
ch07_p001,"Ch. 7: Headquarters Duty, passage 1",7,Headquarters Duty,1,235,joy,4,17.02127659574468,NRC lexicon via tidytext/textdata
ch07_p001,"Ch. 7: Headquarters Duty, passage 1",7,Headquarters Duty,1,235,negative,3,12.76595744680851,NRC lexicon via tidytext/textdata
ch07_p001,"Ch. 7: Headquarters Duty, passage 1",7,Headquarters Duty,1,235,positive,14,59.57446808510639,NRC lexicon via tidytext/textdata
ch07_p001,"Ch. 7: Headquarters Duty, passage 1",7,Headquarters Duty,1,235,sadness,0,0,NRC lexicon via tidytext/textdata
ch07_p001,"Ch. 7: Headquarters Duty, passage 1",7,Headquarters Duty,1,235,surprise,2,8.51063829787234,NRC lexicon via tidytext/textdata
ch07_p001,"Ch. 7: Headquarters Duty, passage 1",7,Headquarters Duty,1,235,trust,9,38.297872340425535,NRC lexicon via tidytext/textdata
ch07_p002,"Ch. 7: Headquarters Duty, passage 2",7,Headquarters Duty,2,238,anger,0,0,NRC lexicon via tidytext/textdata
ch07_p002,"Ch. 7: Headquarters Duty, passage 2",7,Headquarters Duty,2,238,anticipation,8,33.61344537815126,NRC lexicon via tidytext/textdata
ch07_p002,"Ch. 7: Headquarters Duty, passage 2",7,Headquarters Duty,2,238,disgust,0,0,NRC lexicon via tidytext/textdata
ch07_p002,"Ch. 7: Headquarters Duty, passage 2",7,Headquarters Duty,2,238,fear,5,21.008403361344538,NRC lexicon via tidytext/textdata
ch07_p002,"Ch. 7: Headquarters Duty, passage 2",7,Headquarters Duty,2,238,joy,8,33.61344537815126,NRC lexicon via tidytext/textdata
ch07_p002,"Ch. 7: Headquarters Duty, passage 2",7,Headquarters Duty,2,238,negative,2,8.403361344537815,NRC lexicon via tidytext/textdata
ch07_p002,"Ch. 7: Headquarters Duty, passage 2",7,Headquarters Duty,2,238,positive,19,79.83193277310924,NRC lexicon via tidytext/textdata
ch07_p002,"Ch. 7: Headquarters Duty, passage 2",7,Headquarters Duty,2,238,sadness,2,8.403361344537815,NRC lexicon via tidytext/textdata
ch07_p002,"Ch. 7: Headquarters Duty, passage 2",7,Headquarters Duty,2,238,surprise,0,0,NRC lexicon via tidytext/textdata
ch07_p002,"Ch. 7: Headquarters Duty, passage 2",7,Headquarters Duty,2,238,trust,14,58.8235294117647,NRC lexicon via tidytext/textdata
ch07_p003,"Ch. 7: Headquarters Duty, passage 3",7,Headquarters Duty,3,266,anger,5,18.796992481203006,NRC lexicon via tidytext/textdata
ch07_p003,"Ch. 7: Headquarters Duty, passage 3",7,Headquarters Duty,3,266,anticipation,6,22.55639097744361,NRC lexicon via tidytext/textdata
ch07_p003,"Ch. 7: Headquarters Duty, passage 3",7,Headquarters Duty,3,266,disgust,1,3.7593984962406015,NRC lexicon via tidytext/textdata
ch07_p003,"Ch. 7: Headquarters Duty, passage 3",7,Headquarters Duty,3,266,fear,9,33.83458646616541,NRC lexicon via tidytext/textdata
ch07_p003,"Ch. 7: Headquarters Duty, passage 3",7,Headquarters Duty,3,266,joy,1,3.7593984962406015,NRC lexicon via tidytext/textdata
ch07_p003,"Ch. 7: Headquarters Duty, passage 3",7,Headquarters Duty,3,266,negative,8,30.075187969924812,NRC lexicon via tidytext/textdata
ch07_p003,"Ch. 7: Headquarters Duty, passage 3",7,Headquarters Duty,3,266,positive,9,33.83458646616541,NRC lexicon via tidytext/textdata
ch07_p003,"Ch. 7: Headquarters Duty, passage 3",7,Headquarters Duty,3,266,sadness,6,22.55639097744361,NRC lexicon via tidytext/textdata
ch07_p003,"Ch. 7: Headquarters Duty, passage 3",7,Headquarters Duty,3,266,surprise,5,18.796992481203006,NRC lexicon via tidytext/textdata
ch07_p003,"Ch. 7: Headquarters Duty, passage 3",7,Headquarters Duty,3,266,trust,9,33.83458646616541,NRC lexicon via tidytext/textdata
ch07_p004,"Ch. 7: Headquarters Duty, passage 4",7,Headquarters Duty,4,290,anger,3,10.344827586206897,NRC lexicon via tidytext/textdata
ch07_p004,"Ch. 7: Headquarters Duty, passage 4",7,Headquarters Duty,4,290,anticipation,10,34.48275862068965,NRC lexicon via tidytext/textdata
ch07_p004,"Ch. 7: Headquarters Duty, passage 4",7,Headquarters Duty,4,290,disgust,3,10.344827586206897,NRC lexicon via tidytext/textdata
ch07_p004,"Ch. 7: Headquarters Duty, passage 4",7,Headquarters Duty,4,290,fear,12,41.37931034482759,NRC lexicon via tidytext/textdata
ch07_p004,"Ch. 7: Headquarters Duty, passage 4",7,Headquarters Duty,4,290,joy,10,34.48275862068965,NRC lexicon via tidytext/textdata
ch07_p004,"Ch. 7: Headquarters Duty, passage 4",7,Headquarters Duty,4,290,negative,6,20.689655172413794,NRC lexicon via tidytext/textdata
ch07_p004,"Ch. 7: Headquarters Duty, passage 4",7,Headquarters Duty,4,290,positive,27,93.10344827586208,NRC lexicon via tidytext/textdata
ch07_p004,"Ch. 7: Headquarters Duty, passage 4",7,Headquarters Duty,4,290,sadness,2,6.896551724137931,NRC lexicon via tidytext/textdata
ch07_p004,"Ch. 7: Headquarters Duty, passage 4",7,Headquarters Duty,4,290,surprise,3,10.344827586206897,NRC lexicon via tidytext/textdata
ch07_p004,"Ch. 7: Headquarters Duty, passage 4",7,Headquarters Duty,4,290,trust,14,48.275862068965516,NRC lexicon via tidytext/textdata
ch07_p005,"Ch. 7: Headquarters Duty, passage 5",7,Headquarters Duty,5,249,anger,1,4.016064257028112,NRC lexicon via tidytext/textdata
ch07_p005,"Ch. 7: Headquarters Duty, passage 5",7,Headquarters Duty,5,249,anticipation,4,16.064257028112447,NRC lexicon via tidytext/textdata
ch07_p005,"Ch. 7: Headquarters Duty, passage 5",7,Headquarters Duty,5,249,disgust,0,0,NRC lexicon via tidytext/textdata
ch07_p005,"Ch. 7: Headquarters Duty, passage 5",7,Headquarters Duty,5,249,fear,7,28.112449799196785,NRC lexicon via tidytext/textdata
ch07_p005,"Ch. 7: Headquarters Duty, passage 5",7,Headquarters Duty,5,249,joy,0,0,NRC lexicon via tidytext/textdata
ch07_p005,"Ch. 7: Headquarters Duty, passage 5",7,Headquarters Duty,5,249,negative,9,36.144578313253014,NRC lexicon via tidytext/textdata
ch07_p005,"Ch. 7: Headquarters Duty, passage 5",7,Headquarters Duty,5,249,positive,2,8.032128514056224,NRC lexicon via tidytext/textdata
ch07_p005,"Ch. 7: Headquarters Duty, passage 5",7,Headquarters Duty,5,249,sadness,9,36.144578313253014,NRC lexicon via tidytext/textdata
ch07_p005,"Ch. 7: Headquarters Duty, passage 5",7,Headquarters Duty,5,249,surprise,4,16.064257028112447,NRC lexicon via tidytext/textdata
ch07_p005,"Ch. 7: Headquarters Duty, passage 5",7,Headquarters Duty,5,249,trust,4,16.064257028112447,NRC lexicon via tidytext/textdata
ch07_p006,"Ch. 7: Headquarters Duty, passage 6",7,Headquarters Duty,6,234,anger,3,12.82051282051282,NRC lexicon via tidytext/textdata
ch07_p006,"Ch. 7: Headquarters Duty, passage 6",7,Headquarters Duty,6,234,anticipation,2,8.547008547008549,NRC lexicon via tidytext/textdata
ch07_p006,"Ch. 7: Headquarters Duty, passage 6",7,Headquarters Duty,6,234,disgust,1,4.273504273504274,NRC lexicon via tidytext/textdata
ch07_p006,"Ch. 7: Headquarters Duty, passage 6",7,Headquarters Duty,6,234,fear,5,21.367521367521366,NRC lexicon via tidytext/textdata
ch07_p006,"Ch. 7: Headquarters Duty, passage 6",7,Headquarters Duty,6,234,joy,5,21.367521367521366,NRC lexicon via tidytext/textdata
ch07_p006,"Ch. 7: Headquarters Duty, passage 6",7,Headquarters Duty,6,234,negative,6,25.64102564102564,NRC lexicon via tidytext/textdata
ch07_p006,"Ch. 7: Headquarters Duty, passage 6",7,Headquarters Duty,6,234,positive,11,47.008547008547005,NRC lexicon via tidytext/textdata
ch07_p006,"Ch. 7: Headquarters Duty, passage 6",7,Headquarters Duty,6,234,sadness,2,8.547008547008549,NRC lexicon via tidytext/textdata
ch07_p006,"Ch. 7: Headquarters Duty, passage 6",7,Headquarters Duty,6,234,surprise,1,4.273504273504274,NRC lexicon via tidytext/textdata
ch07_p006,"Ch. 7: Headquarters Duty, passage 6",7,Headquarters Duty,6,234,trust,7,29.914529914529915,NRC lexicon via tidytext/textdata
ch07_p007,"Ch. 7: Headquarters Duty, passage 7",7,Headquarters Duty,7,238,anger,1,4.201680672268908,NRC lexicon via tidytext/textdata
ch07_p007,"Ch. 7: Headquarters Duty, passage 7",7,Headquarters Duty,7,238,anticipation,12,50.42016806722689,NRC lexicon via tidytext/textdata
ch07_p007,"Ch. 7: Headquarters Duty, passage 7",7,Headquarters Duty,7,238,disgust,1,4.201680672268908,NRC lexicon via tidytext/textdata
ch07_p007,"Ch. 7: Headquarters Duty, passage 7",7,Headquarters Duty,7,238,fear,3,12.605042016806722,NRC lexicon via tidytext/textdata
ch07_p007,"Ch. 7: Headquarters Duty, passage 7",7,Headquarters Duty,7,238,joy,4,16.80672268907563,NRC lexicon via tidytext/textdata
ch07_p007,"Ch. 7: Headquarters Duty, passage 7",7,Headquarters Duty,7,238,negative,5,21.008403361344538,NRC lexicon via tidytext/textdata
ch07_p007,"Ch. 7: Headquarters Duty, passage 7",7,Headquarters Duty,7,238,positive,10,42.016806722689076,NRC lexicon via tidytext/textdata
ch07_p007,"Ch. 7: Headquarters Duty, passage 7",7,Headquarters Duty,7,238,sadness,4,16.80672268907563,NRC lexicon via tidytext/textdata
ch07_p007,"Ch. 7: Headquarters Duty, passage 7",7,Headquarters Duty,7,238,surprise,3,12.605042016806722,NRC lexicon via tidytext/textdata
ch07_p007,"Ch. 7: Headquarters Duty, passage 7",7,Headquarters Duty,7,238,trust,9,37.81512605042017,NRC lexicon via tidytext/textdata
ch07_p008,"Ch. 7: Headquarters Duty, passage 8",7,Headquarters Duty,8,259,anger,3,11.583011583011583,NRC lexicon via tidytext/textdata
ch07_p008,"Ch. 7: Headquarters Duty, passage 8",7,Headquarters Duty,8,259,anticipation,2,7.722007722007723,NRC lexicon via tidytext/textdata
ch07_p008,"Ch. 7: Headquarters Duty, passage 8",7,Headquarters Duty,8,259,disgust,2,7.722007722007723,NRC lexicon via tidytext/textdata
ch07_p008,"Ch. 7: Headquarters Duty, passage 8",7,Headquarters Duty,8,259,fear,5,19.305019305019304,NRC lexicon via tidytext/textdata
ch07_p008,"Ch. 7: Headquarters Duty, passage 8",7,Headquarters Duty,8,259,joy,3,11.583011583011583,NRC lexicon via tidytext/textdata
ch07_p008,"Ch. 7: Headquarters Duty, passage 8",7,Headquarters Duty,8,259,negative,7,27.027027027027028,NRC lexicon via tidytext/textdata
ch07_p008,"Ch. 7: Headquarters Duty, passage 8",7,Headquarters Duty,8,259,positive,8,30.88803088803089,NRC lexicon via tidytext/textdata
ch07_p008,"Ch. 7: Headquarters Duty, passage 8",7,Headquarters Duty,8,259,sadness,4,15.444015444015445,NRC lexicon via tidytext/textdata
ch07_p008,"Ch. 7: Headquarters Duty, passage 8",7,Headquarters Duty,8,259,surprise,2,7.722007722007723,NRC lexicon via tidytext/textdata
ch07_p008,"Ch. 7: Headquarters Duty, passage 8",7,Headquarters Duty,8,259,trust,5,19.305019305019304,NRC lexicon via tidytext/textdata
ch07_p009,"Ch. 7: Headquarters Duty, passage 9",7,Headquarters Duty,9,229,anger,1,4.366812227074235,NRC lexicon via tidytext/textdata
ch07_p009,"Ch. 7: Headquarters Duty, passage 9",7,Headquarters Duty,9,229,anticipation,1,4.366812227074235,NRC lexicon via tidytext/textdata
ch07_p009,"Ch. 7: Headquarters Duty, passage 9",7,Headquarters Duty,9,229,disgust,1,4.366812227074235,NRC lexicon via tidytext/textdata
ch07_p009,"Ch. 7: Headquarters Duty, passage 9",7,Headquarters Duty,9,229,fear,3,13.100436681222707,NRC lexicon via tidytext/textdata
ch07_p009,"Ch. 7: Headquarters Duty, passage 9",7,Headquarters Duty,9,229,joy,0,0,NRC lexicon via tidytext/textdata
ch07_p009,"Ch. 7: Headquarters Duty, passage 9",7,Headquarters Duty,9,229,negative,3,13.100436681222707,NRC lexicon via tidytext/textdata
ch07_p009,"Ch. 7: Headquarters Duty, passage 9",7,Headquarters Duty,9,229,positive,12,52.40174672489083,NRC lexicon via tidytext/textdata
ch07_p009,"Ch. 7: Headquarters Duty, passage 9",7,Headquarters Duty,9,229,sadness,2,8.73362445414847,NRC lexicon via tidytext/textdata
ch07_p009,"Ch. 7: Headquarters Duty, passage 9",7,Headquarters Duty,9,229,surprise,0,0,NRC lexicon via tidytext/textdata
ch07_p009,"Ch. 7: Headquarters Duty, passage 9",7,Headquarters Duty,9,229,trust,4,17.46724890829694,NRC lexicon via tidytext/textdata
ch07_p010,"Ch. 7: Headquarters Duty, passage 10",7,Headquarters Duty,10,274,anger,2,7.299270072992701,NRC lexicon via tidytext/textdata
ch07_p010,"Ch. 7: Headquarters Duty, passage 10",7,Headquarters Duty,10,274,anticipation,5,18.24817518248175,NRC lexicon via tidytext/textdata
ch07_p010,"Ch. 7: Headquarters Duty, passage 10",7,Headquarters Duty,10,274,disgust,1,3.6496350364963503,NRC lexicon via tidytext/textdata
ch07_p010,"Ch. 7: Headquarters Duty, passage 10",7,Headquarters Duty,10,274,fear,7,25.547445255474454,NRC lexicon via tidytext/textdata
ch07_p010,"Ch. 7: Headquarters Duty, passage 10",7,Headquarters Duty,10,274,joy,9,32.846715328467155,NRC lexicon via tidytext/textdata
ch07_p010,"Ch. 7: Headquarters Duty, passage 10",7,Headquarters Duty,10,274,negative,5,18.24817518248175,NRC lexicon via tidytext/textdata
ch07_p010,"Ch. 7: Headquarters Duty, passage 10",7,Headquarters Duty,10,274,positive,22,80.2919708029197,NRC lexicon via tidytext/textdata
ch07_p010,"Ch. 7: Headquarters Duty, passage 10",7,Headquarters Duty,10,274,sadness,4,14.598540145985401,NRC lexicon via tidytext/textdata
ch07_p010,"Ch. 7: Headquarters Duty, passage 10",7,Headquarters Duty,10,274,surprise,3,10.948905109489052,NRC lexicon via tidytext/textdata
ch07_p010,"Ch. 7: Headquarters Duty, passage 10",7,Headquarters Duty,10,274,trust,16,58.394160583941606,NRC lexicon via tidytext/textdata
ch07_p011,"Ch. 7: Headquarters Duty, passage 11",7,Headquarters Duty,11,247,anger,0,0,NRC lexicon via tidytext/textdata
ch07_p011,"Ch. 7: Headquarters Duty, passage 11",7,Headquarters Duty,11,247,anticipation,13,52.63157894736842,NRC lexicon via tidytext/textdata
ch07_p011,"Ch. 7: Headquarters Duty, passage 11",7,Headquarters Duty,11,247,disgust,0,0,NRC lexicon via tidytext/textdata
ch07_p011,"Ch. 7: Headquarters Duty, passage 11",7,Headquarters Duty,11,247,fear,1,4.048582995951417,NRC lexicon via tidytext/textdata
ch07_p011,"Ch. 7: Headquarters Duty, passage 11",7,Headquarters Duty,11,247,joy,11,44.534412955465584,NRC lexicon via tidytext/textdata
ch07_p011,"Ch. 7: Headquarters Duty, passage 11",7,Headquarters Duty,11,247,negative,3,12.145748987854251,NRC lexicon via tidytext/textdata
ch07_p011,"Ch. 7: Headquarters Duty, passage 11",7,Headquarters Duty,11,247,positive,16,64.77732793522267,NRC lexicon via tidytext/textdata
ch07_p011,"Ch. 7: Headquarters Duty, passage 11",7,Headquarters Duty,11,247,sadness,0,0,NRC lexicon via tidytext/textdata
ch07_p011,"Ch. 7: Headquarters Duty, passage 11",7,Headquarters Duty,11,247,surprise,6,24.291497975708502,NRC lexicon via tidytext/textdata
ch07_p011,"Ch. 7: Headquarters Duty, passage 11",7,Headquarters Duty,11,247,trust,9,36.43724696356275,NRC lexicon via tidytext/textdata
ch07_p012,"Ch. 7: Headquarters Duty, passage 12",7,Headquarters Duty,12,245,anger,2,8.16326530612245,NRC lexicon via tidytext/textdata
ch07_p012,"Ch. 7: Headquarters Duty, passage 12",7,Headquarters Duty,12,245,anticipation,4,16.3265306122449,NRC lexicon via tidytext/textdata
ch07_p012,"Ch. 7: Headquarters Duty, passage 12",7,Headquarters Duty,12,245,disgust,2,8.16326530612245,NRC lexicon via tidytext/textdata
ch07_p012,"Ch. 7: Headquarters Duty, passage 12",7,Headquarters Duty,12,245,fear,4,16.3265306122449,NRC lexicon via tidytext/textdata
ch07_p012,"Ch. 7: Headquarters Duty, passage 12",7,Headquarters Duty,12,245,joy,1,4.081632653061225,NRC lexicon via tidytext/textdata
ch07_p012,"Ch. 7: Headquarters Duty, passage 12",7,Headquarters Duty,12,245,negative,5,20.408163265306122,NRC lexicon via tidytext/textdata
ch07_p012,"Ch. 7: Headquarters Duty, passage 12",7,Headquarters Duty,12,245,positive,10,40.816326530612244,NRC lexicon via tidytext/textdata
ch07_p012,"Ch. 7: Headquarters Duty, passage 12",7,Headquarters Duty,12,245,sadness,3,12.244897959183673,NRC lexicon via tidytext/textdata
ch07_p012,"Ch. 7: Headquarters Duty, passage 12",7,Headquarters Duty,12,245,surprise,0,0,NRC lexicon via tidytext/textdata
ch07_p012,"Ch. 7: Headquarters Duty, passage 12",7,Headquarters Duty,12,245,trust,5,20.408163265306122,NRC lexicon via tidytext/textdata
ch07_p013,"Ch. 7: Headquarters Duty, passage 13",7,Headquarters Duty,13,244,anger,2,8.196721311475411,NRC lexicon via tidytext/textdata
ch07_p013,"Ch. 7: Headquarters Duty, passage 13",7,Headquarters Duty,13,244,anticipation,7,28.688524590163937,NRC lexicon via tidytext/textdata
ch07_p013,"Ch. 7: Headquarters Duty, passage 13",7,Headquarters Duty,13,244,disgust,4,16.393442622950822,NRC lexicon via tidytext/textdata
ch07_p013,"Ch. 7: Headquarters Duty, passage 13",7,Headquarters Duty,13,244,fear,1,4.0983606557377055,NRC lexicon via tidytext/textdata
ch07_p013,"Ch. 7: Headquarters Duty, passage 13",7,Headquarters Duty,13,244,joy,5,20.491803278688522,NRC lexicon via tidytext/textdata
ch07_p013,"Ch. 7: Headquarters Duty, passage 13",7,Headquarters Duty,13,244,negative,7,28.688524590163937,NRC lexicon via tidytext/textdata
ch07_p013,"Ch. 7: Headquarters Duty, passage 13",7,Headquarters Duty,13,244,positive,8,32.786885245901644,NRC lexicon via tidytext/textdata
ch07_p013,"Ch. 7: Headquarters Duty, passage 13",7,Headquarters Duty,13,244,sadness,4,16.393442622950822,NRC lexicon via tidytext/textdata
ch07_p013,"Ch. 7: Headquarters Duty, passage 13",7,Headquarters Duty,13,244,surprise,2,8.196721311475411,NRC lexicon via tidytext/textdata
ch07_p013,"Ch. 7: Headquarters Duty, passage 13",7,Headquarters Duty,13,244,trust,6,24.59016393442623,NRC lexicon via tidytext/textdata
ch07_p014,"Ch. 7: Headquarters Duty, passage 14",7,Headquarters Duty,14,248,anger,2,8.064516129032258,NRC lexicon via tidytext/textdata
ch07_p014,"Ch. 7: Headquarters Duty, passage 14",7,Headquarters Duty,14,248,anticipation,3,12.096774193548386,NRC lexicon via tidytext/textdata
ch07_p014,"Ch. 7: Headquarters Duty, passage 14",7,Headquarters Duty,14,248,disgust,0,0,NRC lexicon via tidytext/textdata
ch07_p014,"Ch. 7: Headquarters Duty, passage 14",7,Headquarters Duty,14,248,fear,2,8.064516129032258,NRC lexicon via tidytext/textdata
ch07_p014,"Ch. 7: Headquarters Duty, passage 14",7,Headquarters Duty,14,248,joy,3,12.096774193548386,NRC lexicon via tidytext/textdata
ch07_p014,"Ch. 7: Headquarters Duty, passage 14",7,Headquarters Duty,14,248,negative,1,4.032258064516129,NRC lexicon via tidytext/textdata
ch07_p014,"Ch. 7: Headquarters Duty, passage 14",7,Headquarters Duty,14,248,positive,12,48.387096774193544,NRC lexicon via tidytext/textdata
ch07_p014,"Ch. 7: Headquarters Duty, passage 14",7,Headquarters Duty,14,248,sadness,2,8.064516129032258,NRC lexicon via tidytext/textdata
ch07_p014,"Ch. 7: Headquarters Duty, passage 14",7,Headquarters Duty,14,248,surprise,0,0,NRC lexicon via tidytext/textdata
ch07_p014,"Ch. 7: Headquarters Duty, passage 14",7,Headquarters Duty,14,248,trust,5,20.161290322580644,NRC lexicon via tidytext/textdata
ch07_p015,"Ch. 7: Headquarters Duty, passage 15",7,Headquarters Duty,15,232,anger,2,8.620689655172413,NRC lexicon via tidytext/textdata
ch07_p015,"Ch. 7: Headquarters Duty, passage 15",7,Headquarters Duty,15,232,anticipation,11,47.41379310344827,NRC lexicon via tidytext/textdata
ch07_p015,"Ch. 7: Headquarters Duty, passage 15",7,Headquarters Duty,15,232,disgust,0,0,NRC lexicon via tidytext/textdata
ch07_p015,"Ch. 7: Headquarters Duty, passage 15",7,Headquarters Duty,15,232,fear,2,8.620689655172413,NRC lexicon via tidytext/textdata
ch07_p015,"Ch. 7: Headquarters Duty, passage 15",7,Headquarters Duty,15,232,joy,5,21.551724137931036,NRC lexicon via tidytext/textdata
ch07_p015,"Ch. 7: Headquarters Duty, passage 15",7,Headquarters Duty,15,232,negative,3,12.931034482758621,NRC lexicon via tidytext/textdata
ch07_p015,"Ch. 7: Headquarters Duty, passage 15",7,Headquarters Duty,15,232,positive,18,77.58620689655173,NRC lexicon via tidytext/textdata
ch07_p015,"Ch. 7: Headquarters Duty, passage 15",7,Headquarters Duty,15,232,sadness,3,12.931034482758621,NRC lexicon via tidytext/textdata
ch07_p015,"Ch. 7: Headquarters Duty, passage 15",7,Headquarters Duty,15,232,surprise,5,21.551724137931036,NRC lexicon via tidytext/textdata
ch07_p015,"Ch. 7: Headquarters Duty, passage 15",7,Headquarters Duty,15,232,trust,9,38.793103448275865,NRC lexicon via tidytext/textdata
ch07_p016,"Ch. 7: Headquarters Duty, passage 16",7,Headquarters Duty,16,250,anger,2,8,NRC lexicon via tidytext/textdata
ch07_p016,"Ch. 7: Headquarters Duty, passage 16",7,Headquarters Duty,16,250,anticipation,3,12,NRC lexicon via tidytext/textdata
ch07_p016,"Ch. 7: Headquarters Duty, passage 16",7,Headquarters Duty,16,250,disgust,1,4,NRC lexicon via tidytext/textdata
ch07_p016,"Ch. 7: Headquarters Duty, passage 16",7,Headquarters Duty,16,250,fear,1,4,NRC lexicon via tidytext/textdata
ch07_p016,"Ch. 7: Headquarters Duty, passage 16",7,Headquarters Duty,16,250,joy,4,16,NRC lexicon via tidytext/textdata
ch07_p016,"Ch. 7: Headquarters Duty, passage 16",7,Headquarters Duty,16,250,negative,4,16,NRC lexicon via tidytext/textdata
ch07_p016,"Ch. 7: Headquarters Duty, passage 16",7,Headquarters Duty,16,250,positive,11,44,NRC lexicon via tidytext/textdata
ch07_p016,"Ch. 7: Headquarters Duty, passage 16",7,Headquarters Duty,16,250,sadness,2,8,NRC lexicon via tidytext/textdata
ch07_p016,"Ch. 7: Headquarters Duty, passage 16",7,Headquarters Duty,16,250,surprise,2,8,NRC lexicon via tidytext/textdata
ch07_p016,"Ch. 7: Headquarters Duty, passage 16",7,Headquarters Duty,16,250,trust,7,28,NRC lexicon via tidytext/textdata
ch08_p001,"Ch. 8: Rio De Janeiro, passage 1",8,Rio De Janeiro,1,243,anger,0,0,NRC lexicon via tidytext/textdata
ch08_p001,"Ch. 8: Rio De Janeiro, passage 1",8,Rio De Janeiro,1,243,anticipation,5,20.5761316872428,NRC lexicon via tidytext/textdata
ch08_p001,"Ch. 8: Rio De Janeiro, passage 1",8,Rio De Janeiro,1,243,disgust,0,0,NRC lexicon via tidytext/textdata
ch08_p001,"Ch. 8: Rio De Janeiro, passage 1",8,Rio De Janeiro,1,243,fear,4,16.46090534979424,NRC lexicon via tidytext/textdata
ch08_p001,"Ch. 8: Rio De Janeiro, passage 1",8,Rio De Janeiro,1,243,joy,2,8.23045267489712,NRC lexicon via tidytext/textdata
ch08_p001,"Ch. 8: Rio De Janeiro, passage 1",8,Rio De Janeiro,1,243,negative,5,20.5761316872428,NRC lexicon via tidytext/textdata
ch08_p001,"Ch. 8: Rio De Janeiro, passage 1",8,Rio De Janeiro,1,243,positive,9,37.03703703703704,NRC lexicon via tidytext/textdata
ch08_p001,"Ch. 8: Rio De Janeiro, passage 1",8,Rio De Janeiro,1,243,sadness,4,16.46090534979424,NRC lexicon via tidytext/textdata
ch08_p001,"Ch. 8: Rio De Janeiro, passage 1",8,Rio De Janeiro,1,243,surprise,1,4.11522633744856,NRC lexicon via tidytext/textdata
ch08_p001,"Ch. 8: Rio De Janeiro, passage 1",8,Rio De Janeiro,1,243,trust,3,12.345679012345679,NRC lexicon via tidytext/textdata
ch08_p002,"Ch. 8: Rio De Janeiro, passage 2",8,Rio De Janeiro,2,236,anger,5,21.1864406779661,NRC lexicon via tidytext/textdata
ch08_p002,"Ch. 8: Rio De Janeiro, passage 2",8,Rio De Janeiro,2,236,anticipation,7,29.661016949152543,NRC lexicon via tidytext/textdata
ch08_p002,"Ch. 8: Rio De Janeiro, passage 2",8,Rio De Janeiro,2,236,disgust,2,8.474576271186441,NRC lexicon via tidytext/textdata
ch08_p002,"Ch. 8: Rio De Janeiro, passage 2",8,Rio De Janeiro,2,236,fear,4,16.949152542372882,NRC lexicon via tidytext/textdata
ch08_p002,"Ch. 8: Rio De Janeiro, passage 2",8,Rio De Janeiro,2,236,joy,6,25.423728813559325,NRC lexicon via tidytext/textdata
ch08_p002,"Ch. 8: Rio De Janeiro, passage 2",8,Rio De Janeiro,2,236,negative,4,16.949152542372882,NRC lexicon via tidytext/textdata
ch08_p002,"Ch. 8: Rio De Janeiro, passage 2",8,Rio De Janeiro,2,236,positive,10,42.3728813559322,NRC lexicon via tidytext/textdata
ch08_p002,"Ch. 8: Rio De Janeiro, passage 2",8,Rio De Janeiro,2,236,sadness,3,12.711864406779663,NRC lexicon via tidytext/textdata
ch08_p002,"Ch. 8: Rio De Janeiro, passage 2",8,Rio De Janeiro,2,236,surprise,2,8.474576271186441,NRC lexicon via tidytext/textdata
ch08_p002,"Ch. 8: Rio De Janeiro, passage 2",8,Rio De Janeiro,2,236,trust,8,33.898305084745765,NRC lexicon via tidytext/textdata
ch08_p003,"Ch. 8: Rio De Janeiro, passage 3",8,Rio De Janeiro,3,241,anger,2,8.298755186721992,NRC lexicon via tidytext/textdata
ch08_p003,"Ch. 8: Rio De Janeiro, passage 3",8,Rio De Janeiro,3,241,anticipation,6,24.896265560165972,NRC lexicon via tidytext/textdata
ch08_p003,"Ch. 8: Rio De Janeiro, passage 3",8,Rio De Janeiro,3,241,disgust,4,16.597510373443985,NRC lexicon via tidytext/textdata
ch08_p003,"Ch. 8: Rio De Janeiro, passage 3",8,Rio De Janeiro,3,241,fear,5,20.74688796680498,NRC lexicon via tidytext/textdata
ch08_p003,"Ch. 8: Rio De Janeiro, passage 3",8,Rio De Janeiro,3,241,joy,5,20.74688796680498,NRC lexicon via tidytext/textdata
ch08_p003,"Ch. 8: Rio De Janeiro, passage 3",8,Rio De Janeiro,3,241,negative,9,37.344398340248965,NRC lexicon via tidytext/textdata
ch08_p003,"Ch. 8: Rio De Janeiro, passage 3",8,Rio De Janeiro,3,241,positive,12,49.792531120331944,NRC lexicon via tidytext/textdata
ch08_p003,"Ch. 8: Rio De Janeiro, passage 3",8,Rio De Janeiro,3,241,sadness,7,29.04564315352697,NRC lexicon via tidytext/textdata
ch08_p003,"Ch. 8: Rio De Janeiro, passage 3",8,Rio De Janeiro,3,241,surprise,6,24.896265560165972,NRC lexicon via tidytext/textdata
ch08_p003,"Ch. 8: Rio De Janeiro, passage 3",8,Rio De Janeiro,3,241,trust,5,20.74688796680498,NRC lexicon via tidytext/textdata
ch08_p004,"Ch. 8: Rio De Janeiro, passage 4",8,Rio De Janeiro,4,244,anger,1,4.0983606557377055,NRC lexicon via tidytext/textdata
ch08_p004,"Ch. 8: Rio De Janeiro, passage 4",8,Rio De Janeiro,4,244,anticipation,5,20.491803278688522,NRC lexicon via tidytext/textdata
ch08_p004,"Ch. 8: Rio De Janeiro, passage 4",8,Rio De Janeiro,4,244,disgust,0,0,NRC lexicon via tidytext/textdata
ch08_p004,"Ch. 8: Rio De Janeiro, passage 4",8,Rio De Janeiro,4,244,fear,3,12.295081967213115,NRC lexicon via tidytext/textdata
ch08_p004,"Ch. 8: Rio De Janeiro, passage 4",8,Rio De Janeiro,4,244,joy,4,16.393442622950822,NRC lexicon via tidytext/textdata
ch08_p004,"Ch. 8: Rio De Janeiro, passage 4",8,Rio De Janeiro,4,244,negative,4,16.393442622950822,NRC lexicon via tidytext/textdata
ch08_p004,"Ch. 8: Rio De Janeiro, passage 4",8,Rio De Janeiro,4,244,positive,6,24.59016393442623,NRC lexicon via tidytext/textdata
ch08_p004,"Ch. 8: Rio De Janeiro, passage 4",8,Rio De Janeiro,4,244,sadness,2,8.196721311475411,NRC lexicon via tidytext/textdata
ch08_p004,"Ch. 8: Rio De Janeiro, passage 4",8,Rio De Janeiro,4,244,surprise,0,0,NRC lexicon via tidytext/textdata
ch08_p004,"Ch. 8: Rio De Janeiro, passage 4",8,Rio De Janeiro,4,244,trust,3,12.295081967213115,NRC lexicon via tidytext/textdata
ch08_p005,"Ch. 8: Rio De Janeiro, passage 5",8,Rio De Janeiro,5,267,anger,1,3.745318352059925,NRC lexicon via tidytext/textdata
ch08_p005,"Ch. 8: Rio De Janeiro, passage 5",8,Rio De Janeiro,5,267,anticipation,8,29.9625468164794,NRC lexicon via tidytext/textdata
ch08_p005,"Ch. 8: Rio De Janeiro, passage 5",8,Rio De Janeiro,5,267,disgust,0,0,NRC lexicon via tidytext/textdata
ch08_p005,"Ch. 8: Rio De Janeiro, passage 5",8,Rio De Janeiro,5,267,fear,2,7.49063670411985,NRC lexicon via tidytext/textdata
ch08_p005,"Ch. 8: Rio De Janeiro, passage 5",8,Rio De Janeiro,5,267,joy,5,18.726591760299627,NRC lexicon via tidytext/textdata
ch08_p005,"Ch. 8: Rio De Janeiro, passage 5",8,Rio De Janeiro,5,267,negative,2,7.49063670411985,NRC lexicon via tidytext/textdata
ch08_p005,"Ch. 8: Rio De Janeiro, passage 5",8,Rio De Janeiro,5,267,positive,12,44.9438202247191,NRC lexicon via tidytext/textdata
ch08_p005,"Ch. 8: Rio De Janeiro, passage 5",8,Rio De Janeiro,5,267,sadness,1,3.745318352059925,NRC lexicon via tidytext/textdata
ch08_p005,"Ch. 8: Rio De Janeiro, passage 5",8,Rio De Janeiro,5,267,surprise,1,3.745318352059925,NRC lexicon via tidytext/textdata
ch08_p005,"Ch. 8: Rio De Janeiro, passage 5",8,Rio De Janeiro,5,267,trust,10,37.453183520599254,NRC lexicon via tidytext/textdata
ch08_p006,"Ch. 8: Rio De Janeiro, passage 6",8,Rio De Janeiro,6,252,anger,0,0,NRC lexicon via tidytext/textdata
ch08_p006,"Ch. 8: Rio De Janeiro, passage 6",8,Rio De Janeiro,6,252,anticipation,1,3.968253968253968,NRC lexicon via tidytext/textdata
ch08_p006,"Ch. 8: Rio De Janeiro, passage 6",8,Rio De Janeiro,6,252,disgust,1,3.968253968253968,NRC lexicon via tidytext/textdata
ch08_p006,"Ch. 8: Rio De Janeiro, passage 6",8,Rio De Janeiro,6,252,fear,4,15.873015873015872,NRC lexicon via tidytext/textdata
ch08_p006,"Ch. 8: Rio De Janeiro, passage 6",8,Rio De Janeiro,6,252,joy,2,7.936507936507936,NRC lexicon via tidytext/textdata
ch08_p006,"Ch. 8: Rio De Janeiro, passage 6",8,Rio De Janeiro,6,252,negative,3,11.904761904761903,NRC lexicon via tidytext/textdata
ch08_p006,"Ch. 8: Rio De Janeiro, passage 6",8,Rio De Janeiro,6,252,positive,5,19.841269841269842,NRC lexicon via tidytext/textdata
ch08_p006,"Ch. 8: Rio De Janeiro, passage 6",8,Rio De Janeiro,6,252,sadness,0,0,NRC lexicon via tidytext/textdata
ch08_p006,"Ch. 8: Rio De Janeiro, passage 6",8,Rio De Janeiro,6,252,surprise,0,0,NRC lexicon via tidytext/textdata
ch08_p006,"Ch. 8: Rio De Janeiro, passage 6",8,Rio De Janeiro,6,252,trust,3,11.904761904761903,NRC lexicon via tidytext/textdata
ch08_p007,"Ch. 8: Rio De Janeiro, passage 7",8,Rio De Janeiro,7,234,anger,0,0,NRC lexicon via tidytext/textdata
ch08_p007,"Ch. 8: Rio De Janeiro, passage 7",8,Rio De Janeiro,7,234,anticipation,2,8.547008547008549,NRC lexicon via tidytext/textdata
ch08_p007,"Ch. 8: Rio De Janeiro, passage 7",8,Rio De Janeiro,7,234,disgust,0,0,NRC lexicon via tidytext/textdata
ch08_p007,"Ch. 8: Rio De Janeiro, passage 7",8,Rio De Janeiro,7,234,fear,2,8.547008547008549,NRC lexicon via tidytext/textdata
ch08_p007,"Ch. 8: Rio De Janeiro, passage 7",8,Rio De Janeiro,7,234,joy,1,4.273504273504274,NRC lexicon via tidytext/textdata
ch08_p007,"Ch. 8: Rio De Janeiro, passage 7",8,Rio De Janeiro,7,234,negative,3,12.82051282051282,NRC lexicon via tidytext/textdata
ch08_p007,"Ch. 8: Rio De Janeiro, passage 7",8,Rio De Janeiro,7,234,positive,10,42.73504273504273,NRC lexicon via tidytext/textdata
ch08_p007,"Ch. 8: Rio De Janeiro, passage 7",8,Rio De Janeiro,7,234,sadness,0,0,NRC lexicon via tidytext/textdata
ch08_p007,"Ch. 8: Rio De Janeiro, passage 7",8,Rio De Janeiro,7,234,surprise,3,12.82051282051282,NRC lexicon via tidytext/textdata
ch08_p007,"Ch. 8: Rio De Janeiro, passage 7",8,Rio De Janeiro,7,234,trust,7,29.914529914529915,NRC lexicon via tidytext/textdata
ch08_p008,"Ch. 8: Rio De Janeiro, passage 8",8,Rio De Janeiro,8,250,anger,2,8,NRC lexicon via tidytext/textdata
ch08_p008,"Ch. 8: Rio De Janeiro, passage 8",8,Rio De Janeiro,8,250,anticipation,3,12,NRC lexicon via tidytext/textdata
ch08_p008,"Ch. 8: Rio De Janeiro, passage 8",8,Rio De Janeiro,8,250,disgust,2,8,NRC lexicon via tidytext/textdata
ch08_p008,"Ch. 8: Rio De Janeiro, passage 8",8,Rio De Janeiro,8,250,fear,4,16,NRC lexicon via tidytext/textdata
ch08_p008,"Ch. 8: Rio De Janeiro, passage 8",8,Rio De Janeiro,8,250,joy,5,20,NRC lexicon via tidytext/textdata
ch08_p008,"Ch. 8: Rio De Janeiro, passage 8",8,Rio De Janeiro,8,250,negative,4,16,NRC lexicon via tidytext/textdata
ch08_p008,"Ch. 8: Rio De Janeiro, passage 8",8,Rio De Janeiro,8,250,positive,9,36,NRC lexicon via tidytext/textdata
ch08_p008,"Ch. 8: Rio De Janeiro, passage 8",8,Rio De Janeiro,8,250,sadness,3,12,NRC lexicon via tidytext/textdata
ch08_p008,"Ch. 8: Rio De Janeiro, passage 8",8,Rio De Janeiro,8,250,surprise,5,20,NRC lexicon via tidytext/textdata
ch08_p008,"Ch. 8: Rio De Janeiro, passage 8",8,Rio De Janeiro,8,250,trust,7,28,NRC lexicon via tidytext/textdata
ch08_p009,"Ch. 8: Rio De Janeiro, passage 9",8,Rio De Janeiro,9,233,anger,2,8.583690987124463,NRC lexicon via tidytext/textdata
ch08_p009,"Ch. 8: Rio De Janeiro, passage 9",8,Rio De Janeiro,9,233,anticipation,4,17.167381974248926,NRC lexicon via tidytext/textdata
ch08_p009,"Ch. 8: Rio De Janeiro, passage 9",8,Rio De Janeiro,9,233,disgust,0,0,NRC lexicon via tidytext/textdata
ch08_p009,"Ch. 8: Rio De Janeiro, passage 9",8,Rio De Janeiro,9,233,fear,1,4.291845493562231,NRC lexicon via tidytext/textdata
ch08_p009,"Ch. 8: Rio De Janeiro, passage 9",8,Rio De Janeiro,9,233,joy,1,4.291845493562231,NRC lexicon via tidytext/textdata
ch08_p009,"Ch. 8: Rio De Janeiro, passage 9",8,Rio De Janeiro,9,233,negative,4,17.167381974248926,NRC lexicon via tidytext/textdata
ch08_p009,"Ch. 8: Rio De Janeiro, passage 9",8,Rio De Janeiro,9,233,positive,16,68.6695278969957,NRC lexicon via tidytext/textdata
ch08_p009,"Ch. 8: Rio De Janeiro, passage 9",8,Rio De Janeiro,9,233,sadness,1,4.291845493562231,NRC lexicon via tidytext/textdata
ch08_p009,"Ch. 8: Rio De Janeiro, passage 9",8,Rio De Janeiro,9,233,surprise,1,4.291845493562231,NRC lexicon via tidytext/textdata
ch08_p009,"Ch. 8: Rio De Janeiro, passage 9",8,Rio De Janeiro,9,233,trust,13,55.79399141630902,NRC lexicon via tidytext/textdata
ch08_p010,"Ch. 8: Rio De Janeiro, passage 10",8,Rio De Janeiro,10,234,anger,0,0,NRC lexicon via tidytext/textdata
ch08_p010,"Ch. 8: Rio De Janeiro, passage 10",8,Rio De Janeiro,10,234,anticipation,4,17.094017094017097,NRC lexicon via tidytext/textdata
ch08_p010,"Ch. 8: Rio De Janeiro, passage 10",8,Rio De Janeiro,10,234,disgust,1,4.273504273504274,NRC lexicon via tidytext/textdata
ch08_p010,"Ch. 8: Rio De Janeiro, passage 10",8,Rio De Janeiro,10,234,fear,1,4.273504273504274,NRC lexicon via tidytext/textdata
ch08_p010,"Ch. 8: Rio De Janeiro, passage 10",8,Rio De Janeiro,10,234,joy,7,29.914529914529915,NRC lexicon via tidytext/textdata
ch08_p010,"Ch. 8: Rio De Janeiro, passage 10",8,Rio De Janeiro,10,234,negative,1,4.273504273504274,NRC lexicon via tidytext/textdata
ch08_p010,"Ch. 8: Rio De Janeiro, passage 10",8,Rio De Janeiro,10,234,positive,14,59.82905982905983,NRC lexicon via tidytext/textdata
ch08_p010,"Ch. 8: Rio De Janeiro, passage 10",8,Rio De Janeiro,10,234,sadness,0,0,NRC lexicon via tidytext/textdata
ch08_p010,"Ch. 8: Rio De Janeiro, passage 10",8,Rio De Janeiro,10,234,surprise,1,4.273504273504274,NRC lexicon via tidytext/textdata
ch08_p010,"Ch. 8: Rio De Janeiro, passage 10",8,Rio De Janeiro,10,234,trust,12,51.28205128205128,NRC lexicon via tidytext/textdata
ch08_p011,"Ch. 8: Rio De Janeiro, passage 11",8,Rio De Janeiro,11,239,anger,2,8.368200836820083,NRC lexicon via tidytext/textdata
ch08_p011,"Ch. 8: Rio De Janeiro, passage 11",8,Rio De Janeiro,11,239,anticipation,6,25.10460251046025,NRC lexicon via tidytext/textdata
ch08_p011,"Ch. 8: Rio De Janeiro, passage 11",8,Rio De Janeiro,11,239,disgust,2,8.368200836820083,NRC lexicon via tidytext/textdata
ch08_p011,"Ch. 8: Rio De Janeiro, passage 11",8,Rio De Janeiro,11,239,fear,1,4.184100418410042,NRC lexicon via tidytext/textdata
ch08_p011,"Ch. 8: Rio De Janeiro, passage 11",8,Rio De Janeiro,11,239,joy,3,12.552301255230125,NRC lexicon via tidytext/textdata
ch08_p011,"Ch. 8: Rio De Janeiro, passage 11",8,Rio De Janeiro,11,239,negative,3,12.552301255230125,NRC lexicon via tidytext/textdata
ch08_p011,"Ch. 8: Rio De Janeiro, passage 11",8,Rio De Janeiro,11,239,positive,6,25.10460251046025,NRC lexicon via tidytext/textdata
ch08_p011,"Ch. 8: Rio De Janeiro, passage 11",8,Rio De Janeiro,11,239,sadness,3,12.552301255230125,NRC lexicon via tidytext/textdata
ch08_p011,"Ch. 8: Rio De Janeiro, passage 11",8,Rio De Janeiro,11,239,surprise,2,8.368200836820083,NRC lexicon via tidytext/textdata
ch08_p011,"Ch. 8: Rio De Janeiro, passage 11",8,Rio De Janeiro,11,239,trust,3,12.552301255230125,NRC lexicon via tidytext/textdata
ch08_p012,"Ch. 8: Rio De Janeiro, passage 12",8,Rio De Janeiro,12,251,anger,2,7.968127490039841,NRC lexicon via tidytext/textdata
ch08_p012,"Ch. 8: Rio De Janeiro, passage 12",8,Rio De Janeiro,12,251,anticipation,6,23.904382470119522,NRC lexicon via tidytext/textdata
ch08_p012,"Ch. 8: Rio De Janeiro, passage 12",8,Rio De Janeiro,12,251,disgust,4,15.936254980079681,NRC lexicon via tidytext/textdata
ch08_p012,"Ch. 8: Rio De Janeiro, passage 12",8,Rio De Janeiro,12,251,fear,2,7.968127490039841,NRC lexicon via tidytext/textdata
ch08_p012,"Ch. 8: Rio De Janeiro, passage 12",8,Rio De Janeiro,12,251,joy,2,7.968127490039841,NRC lexicon via tidytext/textdata
ch08_p012,"Ch. 8: Rio De Janeiro, passage 12",8,Rio De Janeiro,12,251,negative,8,31.872509960159363,NRC lexicon via tidytext/textdata
ch08_p012,"Ch. 8: Rio De Janeiro, passage 12",8,Rio De Janeiro,12,251,positive,5,19.9203187250996,NRC lexicon via tidytext/textdata
ch08_p012,"Ch. 8: Rio De Janeiro, passage 12",8,Rio De Janeiro,12,251,sadness,3,11.952191235059761,NRC lexicon via tidytext/textdata
ch08_p012,"Ch. 8: Rio De Janeiro, passage 12",8,Rio De Janeiro,12,251,surprise,1,3.9840637450199203,NRC lexicon via tidytext/textdata
ch08_p012,"Ch. 8: Rio De Janeiro, passage 12",8,Rio De Janeiro,12,251,trust,3,11.952191235059761,NRC lexicon via tidytext/textdata
ch08_p013,"Ch. 8: Rio De Janeiro, passage 13",8,Rio De Janeiro,13,234,anger,2,8.547008547008549,NRC lexicon via tidytext/textdata
ch08_p013,"Ch. 8: Rio De Janeiro, passage 13",8,Rio De Janeiro,13,234,anticipation,4,17.094017094017097,NRC lexicon via tidytext/textdata
ch08_p013,"Ch. 8: Rio De Janeiro, passage 13",8,Rio De Janeiro,13,234,disgust,1,4.273504273504274,NRC lexicon via tidytext/textdata
ch08_p013,"Ch. 8: Rio De Janeiro, passage 13",8,Rio De Janeiro,13,234,fear,1,4.273504273504274,NRC lexicon via tidytext/textdata
ch08_p013,"Ch. 8: Rio De Janeiro, passage 13",8,Rio De Janeiro,13,234,joy,2,8.547008547008549,NRC lexicon via tidytext/textdata
ch08_p013,"Ch. 8: Rio De Janeiro, passage 13",8,Rio De Janeiro,13,234,negative,6,25.64102564102564,NRC lexicon via tidytext/textdata
ch08_p013,"Ch. 8: Rio De Janeiro, passage 13",8,Rio De Janeiro,13,234,positive,7,29.914529914529915,NRC lexicon via tidytext/textdata
ch08_p013,"Ch. 8: Rio De Janeiro, passage 13",8,Rio De Janeiro,13,234,sadness,5,21.367521367521366,NRC lexicon via tidytext/textdata
ch08_p013,"Ch. 8: Rio De Janeiro, passage 13",8,Rio De Janeiro,13,234,surprise,2,8.547008547008549,NRC lexicon via tidytext/textdata
ch08_p013,"Ch. 8: Rio De Janeiro, passage 13",8,Rio De Janeiro,13,234,trust,4,17.094017094017097,NRC lexicon via tidytext/textdata
ch09_p001,"Ch. 9: The McLean Va. Years, passage 1",9,The McLean Va. Years,1,248,anger,1,4.032258064516129,NRC lexicon via tidytext/textdata
ch09_p001,"Ch. 9: The McLean Va. Years, passage 1",9,The McLean Va. Years,1,248,anticipation,6,24.193548387096772,NRC lexicon via tidytext/textdata
ch09_p001,"Ch. 9: The McLean Va. Years, passage 1",9,The McLean Va. Years,1,248,disgust,2,8.064516129032258,NRC lexicon via tidytext/textdata
ch09_p001,"Ch. 9: The McLean Va. Years, passage 1",9,The McLean Va. Years,1,248,fear,1,4.032258064516129,NRC lexicon via tidytext/textdata
ch09_p001,"Ch. 9: The McLean Va. Years, passage 1",9,The McLean Va. Years,1,248,joy,3,12.096774193548386,NRC lexicon via tidytext/textdata
ch09_p001,"Ch. 9: The McLean Va. Years, passage 1",9,The McLean Va. Years,1,248,negative,3,12.096774193548386,NRC lexicon via tidytext/textdata
ch09_p001,"Ch. 9: The McLean Va. Years, passage 1",9,The McLean Va. Years,1,248,positive,9,36.29032258064517,NRC lexicon via tidytext/textdata
ch09_p001,"Ch. 9: The McLean Va. Years, passage 1",9,The McLean Va. Years,1,248,sadness,1,4.032258064516129,NRC lexicon via tidytext/textdata
ch09_p001,"Ch. 9: The McLean Va. Years, passage 1",9,The McLean Va. Years,1,248,surprise,3,12.096774193548386,NRC lexicon via tidytext/textdata
ch09_p001,"Ch. 9: The McLean Va. Years, passage 1",9,The McLean Va. Years,1,248,trust,8,32.25806451612903,NRC lexicon via tidytext/textdata
ch09_p002,"Ch. 9: The McLean Va. Years, passage 2",9,The McLean Va. Years,2,291,anger,3,10.309278350515465,NRC lexicon via tidytext/textdata
ch09_p002,"Ch. 9: The McLean Va. Years, passage 2",9,The McLean Va. Years,2,291,anticipation,4,13.745704467353951,NRC lexicon via tidytext/textdata
ch09_p002,"Ch. 9: The McLean Va. Years, passage 2",9,The McLean Va. Years,2,291,disgust,0,0,NRC lexicon via tidytext/textdata
ch09_p002,"Ch. 9: The McLean Va. Years, passage 2",9,The McLean Va. Years,2,291,fear,7,24.054982817869416,NRC lexicon via tidytext/textdata
ch09_p002,"Ch. 9: The McLean Va. Years, passage 2",9,The McLean Va. Years,2,291,joy,4,13.745704467353951,NRC lexicon via tidytext/textdata
ch09_p002,"Ch. 9: The McLean Va. Years, passage 2",9,The McLean Va. Years,2,291,negative,5,17.182130584192443,NRC lexicon via tidytext/textdata
ch09_p002,"Ch. 9: The McLean Va. Years, passage 2",9,The McLean Va. Years,2,291,positive,17,58.419243986254294,NRC lexicon via tidytext/textdata
ch09_p002,"Ch. 9: The McLean Va. Years, passage 2",9,The McLean Va. Years,2,291,sadness,2,6.8728522336769755,NRC lexicon via tidytext/textdata
ch09_p002,"Ch. 9: The McLean Va. Years, passage 2",9,The McLean Va. Years,2,291,surprise,1,3.4364261168384878,NRC lexicon via tidytext/textdata
ch09_p002,"Ch. 9: The McLean Va. Years, passage 2",9,The McLean Va. Years,2,291,trust,8,27.491408934707902,NRC lexicon via tidytext/textdata
ch09_p003,"Ch. 9: The McLean Va. Years, passage 3",9,The McLean Va. Years,3,294,anger,4,13.605442176870747,NRC lexicon via tidytext/textdata
ch09_p003,"Ch. 9: The McLean Va. Years, passage 3",9,The McLean Va. Years,3,294,anticipation,6,20.408163265306122,NRC lexicon via tidytext/textdata
ch09_p003,"Ch. 9: The McLean Va. Years, passage 3",9,The McLean Va. Years,3,294,disgust,1,3.401360544217687,NRC lexicon via tidytext/textdata
ch09_p003,"Ch. 9: The McLean Va. Years, passage 3",9,The McLean Va. Years,3,294,fear,3,10.204081632653061,NRC lexicon via tidytext/textdata
ch09_p003,"Ch. 9: The McLean Va. Years, passage 3",9,The McLean Va. Years,3,294,joy,2,6.802721088435374,NRC lexicon via tidytext/textdata
ch09_p003,"Ch. 9: The McLean Va. Years, passage 3",9,The McLean Va. Years,3,294,negative,5,17.006802721088437,NRC lexicon via tidytext/textdata
ch09_p003,"Ch. 9: The McLean Va. Years, passage 3",9,The McLean Va. Years,3,294,positive,19,64.62585034013605,NRC lexicon via tidytext/textdata
ch09_p003,"Ch. 9: The McLean Va. Years, passage 3",9,The McLean Va. Years,3,294,sadness,0,0,NRC lexicon via tidytext/textdata
ch09_p003,"Ch. 9: The McLean Va. Years, passage 3",9,The McLean Va. Years,3,294,surprise,0,0,NRC lexicon via tidytext/textdata
ch09_p003,"Ch. 9: The McLean Va. Years, passage 3",9,The McLean Va. Years,3,294,trust,12,40.816326530612244,NRC lexicon via tidytext/textdata
ch09_p004,"Ch. 9: The McLean Va. Years, passage 4",9,The McLean Va. Years,4,249,anger,4,16.064257028112447,NRC lexicon via tidytext/textdata
ch09_p004,"Ch. 9: The McLean Va. Years, passage 4",9,The McLean Va. Years,4,249,anticipation,2,8.032128514056224,NRC lexicon via tidytext/textdata
ch09_p004,"Ch. 9: The McLean Va. Years, passage 4",9,The McLean Va. Years,4,249,disgust,2,8.032128514056224,NRC lexicon via tidytext/textdata
ch09_p004,"Ch. 9: The McLean Va. Years, passage 4",9,The McLean Va. Years,4,249,fear,6,24.096385542168676,NRC lexicon via tidytext/textdata
ch09_p004,"Ch. 9: The McLean Va. Years, passage 4",9,The McLean Va. Years,4,249,joy,1,4.016064257028112,NRC lexicon via tidytext/textdata
ch09_p004,"Ch. 9: The McLean Va. Years, passage 4",9,The McLean Va. Years,4,249,negative,9,36.144578313253014,NRC lexicon via tidytext/textdata
ch09_p004,"Ch. 9: The McLean Va. Years, passage 4",9,The McLean Va. Years,4,249,positive,13,52.20883534136546,NRC lexicon via tidytext/textdata
ch09_p004,"Ch. 9: The McLean Va. Years, passage 4",9,The McLean Va. Years,4,249,sadness,4,16.064257028112447,NRC lexicon via tidytext/textdata
ch09_p004,"Ch. 9: The McLean Va. Years, passage 4",9,The McLean Va. Years,4,249,surprise,1,4.016064257028112,NRC lexicon via tidytext/textdata
ch09_p004,"Ch. 9: The McLean Va. Years, passage 4",9,The McLean Va. Years,4,249,trust,10,40.16064257028113,NRC lexicon via tidytext/textdata
ch09_p005,"Ch. 9: The McLean Va. Years, passage 5",9,The McLean Va. Years,5,243,anger,2,8.23045267489712,NRC lexicon via tidytext/textdata
ch09_p005,"Ch. 9: The McLean Va. Years, passage 5",9,The McLean Va. Years,5,243,anticipation,8,32.92181069958848,NRC lexicon via tidytext/textdata
ch09_p005,"Ch. 9: The McLean Va. Years, passage 5",9,The McLean Va. Years,5,243,disgust,0,0,NRC lexicon via tidytext/textdata
ch09_p005,"Ch. 9: The McLean Va. Years, passage 5",9,The McLean Va. Years,5,243,fear,1,4.11522633744856,NRC lexicon via tidytext/textdata
ch09_p005,"Ch. 9: The McLean Va. Years, passage 5",9,The McLean Va. Years,5,243,joy,2,8.23045267489712,NRC lexicon via tidytext/textdata
ch09_p005,"Ch. 9: The McLean Va. Years, passage 5",9,The McLean Va. Years,5,243,negative,5,20.5761316872428,NRC lexicon via tidytext/textdata
ch09_p005,"Ch. 9: The McLean Va. Years, passage 5",9,The McLean Va. Years,5,243,positive,12,49.382716049382715,NRC lexicon via tidytext/textdata
ch09_p005,"Ch. 9: The McLean Va. Years, passage 5",9,The McLean Va. Years,5,243,sadness,2,8.23045267489712,NRC lexicon via tidytext/textdata
ch09_p005,"Ch. 9: The McLean Va. Years, passage 5",9,The McLean Va. Years,5,243,surprise,1,4.11522633744856,NRC lexicon via tidytext/textdata
ch09_p005,"Ch. 9: The McLean Va. Years, passage 5",9,The McLean Va. Years,5,243,trust,7,28.80658436213992,NRC lexicon via tidytext/textdata
ch10_p001,"Ch. 10: Making a Career Change, passage 1",10,Making a Career Change,1,279,anger,0,0,NRC lexicon via tidytext/textdata
ch10_p001,"Ch. 10: Making a Career Change, passage 1",10,Making a Career Change,1,279,anticipation,8,28.67383512544803,NRC lexicon via tidytext/textdata
ch10_p001,"Ch. 10: Making a Career Change, passage 1",10,Making a Career Change,1,279,disgust,0,0,NRC lexicon via tidytext/textdata
ch10_p001,"Ch. 10: Making a Career Change, passage 1",10,Making a Career Change,1,279,fear,5,17.921146953405017,NRC lexicon via tidytext/textdata
ch10_p001,"Ch. 10: Making a Career Change, passage 1",10,Making a Career Change,1,279,joy,3,10.752688172043012,NRC lexicon via tidytext/textdata
ch10_p001,"Ch. 10: Making a Career Change, passage 1",10,Making a Career Change,1,279,negative,3,10.752688172043012,NRC lexicon via tidytext/textdata
ch10_p001,"Ch. 10: Making a Career Change, passage 1",10,Making a Career Change,1,279,positive,15,53.763440860215056,NRC lexicon via tidytext/textdata
ch10_p001,"Ch. 10: Making a Career Change, passage 1",10,Making a Career Change,1,279,sadness,0,0,NRC lexicon via tidytext/textdata
ch10_p001,"Ch. 10: Making a Career Change, passage 1",10,Making a Career Change,1,279,surprise,0,0,NRC lexicon via tidytext/textdata
ch10_p001,"Ch. 10: Making a Career Change, passage 1",10,Making a Career Change,1,279,trust,11,39.42652329749104,NRC lexicon via tidytext/textdata
ch10_p002,"Ch. 10: Making a Career Change, passage 2",10,Making a Career Change,2,231,anger,0,0,NRC lexicon via tidytext/textdata
ch10_p002,"Ch. 10: Making a Career Change, passage 2",10,Making a Career Change,2,231,anticipation,4,17.316017316017316,NRC lexicon via tidytext/textdata
ch10_p002,"Ch. 10: Making a Career Change, passage 2",10,Making a Career Change,2,231,disgust,0,0,NRC lexicon via tidytext/textdata
ch10_p002,"Ch. 10: Making a Career Change, passage 2",10,Making a Career Change,2,231,fear,1,4.329004329004329,NRC lexicon via tidytext/textdata
ch10_p002,"Ch. 10: Making a Career Change, passage 2",10,Making a Career Change,2,231,joy,2,8.658008658008658,NRC lexicon via tidytext/textdata
ch10_p002,"Ch. 10: Making a Career Change, passage 2",10,Making a Career Change,2,231,negative,1,4.329004329004329,NRC lexicon via tidytext/textdata
ch10_p002,"Ch. 10: Making a Career Change, passage 2",10,Making a Career Change,2,231,positive,13,56.27705627705628,NRC lexicon via tidytext/textdata
ch10_p002,"Ch. 10: Making a Career Change, passage 2",10,Making a Career Change,2,231,sadness,0,0,NRC lexicon via tidytext/textdata
ch10_p002,"Ch. 10: Making a Career Change, passage 2",10,Making a Career Change,2,231,surprise,1,4.329004329004329,NRC lexicon via tidytext/textdata
ch10_p002,"Ch. 10: Making a Career Change, passage 2",10,Making a Career Change,2,231,trust,6,25.974025974025977,NRC lexicon via tidytext/textdata
ch10_p003,"Ch. 10: Making a Career Change, passage 3",10,Making a Career Change,3,243,anger,4,16.46090534979424,NRC lexicon via tidytext/textdata
ch10_p003,"Ch. 10: Making a Career Change, passage 3",10,Making a Career Change,3,243,anticipation,10,41.1522633744856,NRC lexicon via tidytext/textdata
ch10_p003,"Ch. 10: Making a Career Change, passage 3",10,Making a Career Change,3,243,disgust,3,12.345679012345679,NRC lexicon via tidytext/textdata
ch10_p003,"Ch. 10: Making a Career Change, passage 3",10,Making a Career Change,3,243,fear,9,37.03703703703704,NRC lexicon via tidytext/textdata
ch10_p003,"Ch. 10: Making a Career Change, passage 3",10,Making a Career Change,3,243,joy,3,12.345679012345679,NRC lexicon via tidytext/textdata
ch10_p003,"Ch. 10: Making a Career Change, passage 3",10,Making a Career Change,3,243,negative,11,45.26748971193416,NRC lexicon via tidytext/textdata
ch10_p003,"Ch. 10: Making a Career Change, passage 3",10,Making a Career Change,3,243,positive,13,53.497942386831276,NRC lexicon via tidytext/textdata
ch10_p003,"Ch. 10: Making a Career Change, passage 3",10,Making a Career Change,3,243,sadness,8,32.92181069958848,NRC lexicon via tidytext/textdata
ch10_p003,"Ch. 10: Making a Career Change, passage 3",10,Making a Career Change,3,243,surprise,1,4.11522633744856,NRC lexicon via tidytext/textdata
ch10_p003,"Ch. 10: Making a Career Change, passage 3",10,Making a Career Change,3,243,trust,5,20.5761316872428,NRC lexicon via tidytext/textdata
ch10_p004,"Ch. 10: Making a Career Change, passage 4",10,Making a Career Change,4,240,anger,0,0,NRC lexicon via tidytext/textdata
ch10_p004,"Ch. 10: Making a Career Change, passage 4",10,Making a Career Change,4,240,anticipation,10,41.666666666666664,NRC lexicon via tidytext/textdata
ch10_p004,"Ch. 10: Making a Career Change, passage 4",10,Making a Career Change,4,240,disgust,0,0,NRC lexicon via tidytext/textdata
ch10_p004,"Ch. 10: Making a Career Change, passage 4",10,Making a Career Change,4,240,fear,3,12.5,NRC lexicon via tidytext/textdata
ch10_p004,"Ch. 10: Making a Career Change, passage 4",10,Making a Career Change,4,240,joy,2,8.333333333333334,NRC lexicon via tidytext/textdata
ch10_p004,"Ch. 10: Making a Career Change, passage 4",10,Making a Career Change,4,240,negative,4,16.666666666666668,NRC lexicon via tidytext/textdata
ch10_p004,"Ch. 10: Making a Career Change, passage 4",10,Making a Career Change,4,240,positive,9,37.5,NRC lexicon via tidytext/textdata
ch10_p004,"Ch. 10: Making a Career Change, passage 4",10,Making a Career Change,4,240,sadness,0,0,NRC lexicon via tidytext/textdata
ch10_p004,"Ch. 10: Making a Career Change, passage 4",10,Making a Career Change,4,240,surprise,2,8.333333333333334,NRC lexicon via tidytext/textdata
ch10_p004,"Ch. 10: Making a Career Change, passage 4",10,Making a Career Change,4,240,trust,8,33.333333333333336,NRC lexicon via tidytext/textdata
ch10_p005,"Ch. 10: Making a Career Change, passage 5",10,Making a Career Change,5,250,anger,1,4,NRC lexicon via tidytext/textdata
ch10_p005,"Ch. 10: Making a Career Change, passage 5",10,Making a Career Change,5,250,anticipation,6,24,NRC lexicon via tidytext/textdata
ch10_p005,"Ch. 10: Making a Career Change, passage 5",10,Making a Career Change,5,250,disgust,0,0,NRC lexicon via tidytext/textdata
ch10_p005,"Ch. 10: Making a Career Change, passage 5",10,Making a Career Change,5,250,fear,1,4,NRC lexicon via tidytext/textdata
ch10_p005,"Ch. 10: Making a Career Change, passage 5",10,Making a Career Change,5,250,joy,3,12,NRC lexicon via tidytext/textdata
ch10_p005,"Ch. 10: Making a Career Change, passage 5",10,Making a Career Change,5,250,negative,3,12,NRC lexicon via tidytext/textdata
ch10_p005,"Ch. 10: Making a Career Change, passage 5",10,Making a Career Change,5,250,positive,17,68,NRC lexicon via tidytext/textdata
ch10_p005,"Ch. 10: Making a Career Change, passage 5",10,Making a Career Change,5,250,sadness,1,4,NRC lexicon via tidytext/textdata
ch10_p005,"Ch. 10: Making a Career Change, passage 5",10,Making a Career Change,5,250,surprise,0,0,NRC lexicon via tidytext/textdata
ch10_p005,"Ch. 10: Making a Career Change, passage 5",10,Making a Career Change,5,250,trust,17,68,NRC lexicon via tidytext/textdata
ch10_p006,"Ch. 10: Making a Career Change, passage 6",10,Making a Career Change,6,303,anger,0,0,NRC lexicon via tidytext/textdata
ch10_p006,"Ch. 10: Making a Career Change, passage 6",10,Making a Career Change,6,303,anticipation,14,46.2046204620462,NRC lexicon via tidytext/textdata
ch10_p006,"Ch. 10: Making a Career Change, passage 6",10,Making a Career Change,6,303,disgust,0,0,NRC lexicon via tidytext/textdata
ch10_p006,"Ch. 10: Making a Career Change, passage 6",10,Making a Career Change,6,303,fear,1,3.3003300330033003,NRC lexicon via tidytext/textdata
ch10_p006,"Ch. 10: Making a Career Change, passage 6",10,Making a Career Change,6,303,joy,8,26.402640264026402,NRC lexicon via tidytext/textdata
ch10_p006,"Ch. 10: Making a Career Change, passage 6",10,Making a Career Change,6,303,negative,6,19.801980198019802,NRC lexicon via tidytext/textdata
ch10_p006,"Ch. 10: Making a Career Change, passage 6",10,Making a Career Change,6,303,positive,24,79.20792079207921,NRC lexicon via tidytext/textdata
ch10_p006,"Ch. 10: Making a Career Change, passage 6",10,Making a Career Change,6,303,sadness,2,6.600660066006601,NRC lexicon via tidytext/textdata
ch10_p006,"Ch. 10: Making a Career Change, passage 6",10,Making a Career Change,6,303,surprise,3,9.900990099009901,NRC lexicon via tidytext/textdata
ch10_p006,"Ch. 10: Making a Career Change, passage 6",10,Making a Career Change,6,303,trust,11,36.303630363036305,NRC lexicon via tidytext/textdata
ch10_p007,"Ch. 10: Making a Career Change, passage 7",10,Making a Career Change,7,248,anger,0,0,NRC lexicon via tidytext/textdata
ch10_p007,"Ch. 10: Making a Career Change, passage 7",10,Making a Career Change,7,248,anticipation,8,32.25806451612903,NRC lexicon via tidytext/textdata
ch10_p007,"Ch. 10: Making a Career Change, passage 7",10,Making a Career Change,7,248,disgust,0,0,NRC lexicon via tidytext/textdata
ch10_p007,"Ch. 10: Making a Career Change, passage 7",10,Making a Career Change,7,248,fear,3,12.096774193548386,NRC lexicon via tidytext/textdata
ch10_p007,"Ch. 10: Making a Career Change, passage 7",10,Making a Career Change,7,248,joy,2,8.064516129032258,NRC lexicon via tidytext/textdata
ch10_p007,"Ch. 10: Making a Career Change, passage 7",10,Making a Career Change,7,248,negative,3,12.096774193548386,NRC lexicon via tidytext/textdata
ch10_p007,"Ch. 10: Making a Career Change, passage 7",10,Making a Career Change,7,248,positive,11,44.35483870967742,NRC lexicon via tidytext/textdata
ch10_p007,"Ch. 10: Making a Career Change, passage 7",10,Making a Career Change,7,248,sadness,1,4.032258064516129,NRC lexicon via tidytext/textdata
ch10_p007,"Ch. 10: Making a Career Change, passage 7",10,Making a Career Change,7,248,surprise,1,4.032258064516129,NRC lexicon via tidytext/textdata
ch10_p007,"Ch. 10: Making a Career Change, passage 7",10,Making a Career Change,7,248,trust,9,36.29032258064517,NRC lexicon via tidytext/textdata
ch10_p008,"Ch. 10: Making a Career Change, passage 8",10,Making a Career Change,8,269,anger,1,3.717472118959108,NRC lexicon via tidytext/textdata
ch10_p008,"Ch. 10: Making a Career Change, passage 8",10,Making a Career Change,8,269,anticipation,3,11.152416356877323,NRC lexicon via tidytext/textdata
ch10_p008,"Ch. 10: Making a Career Change, passage 8",10,Making a Career Change,8,269,disgust,1,3.717472118959108,NRC lexicon via tidytext/textdata
ch10_p008,"Ch. 10: Making a Career Change, passage 8",10,Making a Career Change,8,269,fear,2,7.434944237918216,NRC lexicon via tidytext/textdata
ch10_p008,"Ch. 10: Making a Career Change, passage 8",10,Making a Career Change,8,269,joy,4,14.869888475836431,NRC lexicon via tidytext/textdata
ch10_p008,"Ch. 10: Making a Career Change, passage 8",10,Making a Career Change,8,269,negative,3,11.152416356877323,NRC lexicon via tidytext/textdata
ch10_p008,"Ch. 10: Making a Career Change, passage 8",10,Making a Career Change,8,269,positive,16,59.479553903345725,NRC lexicon via tidytext/textdata
ch10_p008,"Ch. 10: Making a Career Change, passage 8",10,Making a Career Change,8,269,sadness,1,3.717472118959108,NRC lexicon via tidytext/textdata
ch10_p008,"Ch. 10: Making a Career Change, passage 8",10,Making a Career Change,8,269,surprise,0,0,NRC lexicon via tidytext/textdata
ch10_p008,"Ch. 10: Making a Career Change, passage 8",10,Making a Career Change,8,269,trust,13,48.32713754646841,NRC lexicon via tidytext/textdata
ch10_p009,"Ch. 10: Making a Career Change, passage 9",10,Making a Career Change,9,241,anger,2,8.298755186721992,NRC lexicon via tidytext/textdata
ch10_p009,"Ch. 10: Making a Career Change, passage 9",10,Making a Career Change,9,241,anticipation,6,24.896265560165972,NRC lexicon via tidytext/textdata
ch10_p009,"Ch. 10: Making a Career Change, passage 9",10,Making a Career Change,9,241,disgust,1,4.149377593360996,NRC lexicon via tidytext/textdata
ch10_p009,"Ch. 10: Making a Career Change, passage 9",10,Making a Career Change,9,241,fear,1,4.149377593360996,NRC lexicon via tidytext/textdata
ch10_p009,"Ch. 10: Making a Career Change, passage 9",10,Making a Career Change,9,241,joy,4,16.597510373443985,NRC lexicon via tidytext/textdata
ch10_p009,"Ch. 10: Making a Career Change, passage 9",10,Making a Career Change,9,241,negative,3,12.448132780082986,NRC lexicon via tidytext/textdata
ch10_p009,"Ch. 10: Making a Career Change, passage 9",10,Making a Career Change,9,241,positive,17,70.53941908713693,NRC lexicon via tidytext/textdata
ch10_p009,"Ch. 10: Making a Career Change, passage 9",10,Making a Career Change,9,241,sadness,1,4.149377593360996,NRC lexicon via tidytext/textdata
ch10_p009,"Ch. 10: Making a Career Change, passage 9",10,Making a Career Change,9,241,surprise,1,4.149377593360996,NRC lexicon via tidytext/textdata
ch10_p009,"Ch. 10: Making a Career Change, passage 9",10,Making a Career Change,9,241,trust,16,66.39004149377594,NRC lexicon via tidytext/textdata
ch10_p010,"Ch. 10: Making a Career Change, passage 10",10,Making a Career Change,10,241,anger,2,8.298755186721992,NRC lexicon via tidytext/textdata
ch10_p010,"Ch. 10: Making a Career Change, passage 10",10,Making a Career Change,10,241,anticipation,4,16.597510373443985,NRC lexicon via tidytext/textdata
ch10_p010,"Ch. 10: Making a Career Change, passage 10",10,Making a Career Change,10,241,disgust,0,0,NRC lexicon via tidytext/textdata
ch10_p010,"Ch. 10: Making a Career Change, passage 10",10,Making a Career Change,10,241,fear,8,33.19502074688797,NRC lexicon via tidytext/textdata
ch10_p010,"Ch. 10: Making a Career Change, passage 10",10,Making a Career Change,10,241,joy,2,8.298755186721992,NRC lexicon via tidytext/textdata
ch10_p010,"Ch. 10: Making a Career Change, passage 10",10,Making a Career Change,10,241,negative,6,24.896265560165972,NRC lexicon via tidytext/textdata
ch10_p010,"Ch. 10: Making a Career Change, passage 10",10,Making a Career Change,10,241,positive,13,53.941908713692946,NRC lexicon via tidytext/textdata
ch10_p010,"Ch. 10: Making a Career Change, passage 10",10,Making a Career Change,10,241,sadness,2,8.298755186721992,NRC lexicon via tidytext/textdata
ch10_p010,"Ch. 10: Making a Career Change, passage 10",10,Making a Career Change,10,241,surprise,1,4.149377593360996,NRC lexicon via tidytext/textdata
ch10_p010,"Ch. 10: Making a Career Change, passage 10",10,Making a Career Change,10,241,trust,11,45.64315352697095,NRC lexicon via tidytext/textdata
ch10_p011,"Ch. 10: Making a Career Change, passage 11",10,Making a Career Change,11,187,anger,2,10.695187165775401,NRC lexicon via tidytext/textdata
ch10_p011,"Ch. 10: Making a Career Change, passage 11",10,Making a Career Change,11,187,anticipation,10,53.475935828877006,NRC lexicon via tidytext/textdata
ch10_p011,"Ch. 10: Making a Career Change, passage 11",10,Making a Career Change,11,187,disgust,1,5.347593582887701,NRC lexicon via tidytext/textdata
ch10_p011,"Ch. 10: Making a Career Change, passage 11",10,Making a Career Change,11,187,fear,10,53.475935828877006,NRC lexicon via tidytext/textdata
ch10_p011,"Ch. 10: Making a Career Change, passage 11",10,Making a Career Change,11,187,joy,11,58.8235294117647,NRC lexicon via tidytext/textdata
ch10_p011,"Ch. 10: Making a Career Change, passage 11",10,Making a Career Change,11,187,negative,8,42.780748663101605,NRC lexicon via tidytext/textdata
ch10_p011,"Ch. 10: Making a Career Change, passage 11",10,Making a Career Change,11,187,positive,20,106.95187165775401,NRC lexicon via tidytext/textdata
ch10_p011,"Ch. 10: Making a Career Change, passage 11",10,Making a Career Change,11,187,sadness,6,32.085561497326204,NRC lexicon via tidytext/textdata
ch10_p011,"Ch. 10: Making a Career Change, passage 11",10,Making a Career Change,11,187,surprise,4,21.390374331550802,NRC lexicon via tidytext/textdata
ch10_p011,"Ch. 10: Making a Career Change, passage 11",10,Making a Career Change,11,187,trust,15,80.21390374331551,NRC lexicon via tidytext/textdata
ch11_p001,"Ch. 11: Post Rio to Retirement, passage 1",11,Post Rio to Retirement,1,251,anger,0,0,NRC lexicon via tidytext/textdata
ch11_p001,"Ch. 11: Post Rio to Retirement, passage 1",11,Post Rio to Retirement,1,251,anticipation,7,27.888446215139442,NRC lexicon via tidytext/textdata
ch11_p001,"Ch. 11: Post Rio to Retirement, passage 1",11,Post Rio to Retirement,1,251,disgust,0,0,NRC lexicon via tidytext/textdata
ch11_p001,"Ch. 11: Post Rio to Retirement, passage 1",11,Post Rio to Retirement,1,251,fear,2,7.968127490039841,NRC lexicon via tidytext/textdata
ch11_p001,"Ch. 11: Post Rio to Retirement, passage 1",11,Post Rio to Retirement,1,251,joy,5,19.9203187250996,NRC lexicon via tidytext/textdata
ch11_p001,"Ch. 11: Post Rio to Retirement, passage 1",11,Post Rio to Retirement,1,251,negative,5,19.9203187250996,NRC lexicon via tidytext/textdata
ch11_p001,"Ch. 11: Post Rio to Retirement, passage 1",11,Post Rio to Retirement,1,251,positive,10,39.8406374501992,NRC lexicon via tidytext/textdata
ch11_p001,"Ch. 11: Post Rio to Retirement, passage 1",11,Post Rio to Retirement,1,251,sadness,2,7.968127490039841,NRC lexicon via tidytext/textdata
ch11_p001,"Ch. 11: Post Rio to Retirement, passage 1",11,Post Rio to Retirement,1,251,surprise,0,0,NRC lexicon via tidytext/textdata
ch11_p001,"Ch. 11: Post Rio to Retirement, passage 1",11,Post Rio to Retirement,1,251,trust,5,19.9203187250996,NRC lexicon via tidytext/textdata
ch11_p002,"Ch. 11: Post Rio to Retirement, passage 2",11,Post Rio to Retirement,2,237,anger,4,16.877637130801688,NRC lexicon via tidytext/textdata
ch11_p002,"Ch. 11: Post Rio to Retirement, passage 2",11,Post Rio to Retirement,2,237,anticipation,0,0,NRC lexicon via tidytext/textdata
ch11_p002,"Ch. 11: Post Rio to Retirement, passage 2",11,Post Rio to Retirement,2,237,disgust,2,8.438818565400844,NRC lexicon via tidytext/textdata
ch11_p002,"Ch. 11: Post Rio to Retirement, passage 2",11,Post Rio to Retirement,2,237,fear,3,12.658227848101266,NRC lexicon via tidytext/textdata
ch11_p002,"Ch. 11: Post Rio to Retirement, passage 2",11,Post Rio to Retirement,2,237,joy,1,4.219409282700422,NRC lexicon via tidytext/textdata
ch11_p002,"Ch. 11: Post Rio to Retirement, passage 2",11,Post Rio to Retirement,2,237,negative,8,33.755274261603375,NRC lexicon via tidytext/textdata
ch11_p002,"Ch. 11: Post Rio to Retirement, passage 2",11,Post Rio to Retirement,2,237,positive,14,59.07172995780591,NRC lexicon via tidytext/textdata
ch11_p002,"Ch. 11: Post Rio to Retirement, passage 2",11,Post Rio to Retirement,2,237,sadness,2,8.438818565400844,NRC lexicon via tidytext/textdata
ch11_p002,"Ch. 11: Post Rio to Retirement, passage 2",11,Post Rio to Retirement,2,237,surprise,2,8.438818565400844,NRC lexicon via tidytext/textdata
ch11_p002,"Ch. 11: Post Rio to Retirement, passage 2",11,Post Rio to Retirement,2,237,trust,5,21.09704641350211,NRC lexicon via tidytext/textdata
ch11_p003,"Ch. 11: Post Rio to Retirement, passage 3",11,Post Rio to Retirement,3,236,anger,1,4.237288135593221,NRC lexicon via tidytext/textdata
ch11_p003,"Ch. 11: Post Rio to Retirement, passage 3",11,Post Rio to Retirement,3,236,anticipation,7,29.661016949152543,NRC lexicon via tidytext/textdata
ch11_p003,"Ch. 11: Post Rio to Retirement, passage 3",11,Post Rio to Retirement,3,236,disgust,2,8.474576271186441,NRC lexicon via tidytext/textdata
ch11_p003,"Ch. 11: Post Rio to Retirement, passage 3",11,Post Rio to Retirement,3,236,fear,0,0,NRC lexicon via tidytext/textdata
ch11_p003,"Ch. 11: Post Rio to Retirement, passage 3",11,Post Rio to Retirement,3,236,joy,3,12.711864406779663,NRC lexicon via tidytext/textdata
ch11_p003,"Ch. 11: Post Rio to Retirement, passage 3",11,Post Rio to Retirement,3,236,negative,6,25.423728813559325,NRC lexicon via tidytext/textdata
ch11_p003,"Ch. 11: Post Rio to Retirement, passage 3",11,Post Rio to Retirement,3,236,positive,11,46.610169491525426,NRC lexicon via tidytext/textdata
ch11_p003,"Ch. 11: Post Rio to Retirement, passage 3",11,Post Rio to Retirement,3,236,sadness,0,0,NRC lexicon via tidytext/textdata
ch11_p003,"Ch. 11: Post Rio to Retirement, passage 3",11,Post Rio to Retirement,3,236,surprise,2,8.474576271186441,NRC lexicon via tidytext/textdata
ch11_p003,"Ch. 11: Post Rio to Retirement, passage 3",11,Post Rio to Retirement,3,236,trust,9,38.13559322033898,NRC lexicon via tidytext/textdata
ch11_p004,"Ch. 11: Post Rio to Retirement, passage 4",11,Post Rio to Retirement,4,273,anger,2,7.326007326007326,NRC lexicon via tidytext/textdata
ch11_p004,"Ch. 11: Post Rio to Retirement, passage 4",11,Post Rio to Retirement,4,273,anticipation,7,25.64102564102564,NRC lexicon via tidytext/textdata
ch11_p004,"Ch. 11: Post Rio to Retirement, passage 4",11,Post Rio to Retirement,4,273,disgust,0,0,NRC lexicon via tidytext/textdata
ch11_p004,"Ch. 11: Post Rio to Retirement, passage 4",11,Post Rio to Retirement,4,273,fear,2,7.326007326007326,NRC lexicon via tidytext/textdata
ch11_p004,"Ch. 11: Post Rio to Retirement, passage 4",11,Post Rio to Retirement,4,273,joy,0,0,NRC lexicon via tidytext/textdata
ch11_p004,"Ch. 11: Post Rio to Retirement, passage 4",11,Post Rio to Retirement,4,273,negative,7,25.64102564102564,NRC lexicon via tidytext/textdata
ch11_p004,"Ch. 11: Post Rio to Retirement, passage 4",11,Post Rio to Retirement,4,273,positive,11,40.2930402930403,NRC lexicon via tidytext/textdata
ch11_p004,"Ch. 11: Post Rio to Retirement, passage 4",11,Post Rio to Retirement,4,273,sadness,4,14.652014652014651,NRC lexicon via tidytext/textdata
ch11_p004,"Ch. 11: Post Rio to Retirement, passage 4",11,Post Rio to Retirement,4,273,surprise,1,3.663003663003663,NRC lexicon via tidytext/textdata
ch11_p004,"Ch. 11: Post Rio to Retirement, passage 4",11,Post Rio to Retirement,4,273,trust,2,7.326007326007326,NRC lexicon via tidytext/textdata
ch11_p005,"Ch. 11: Post Rio to Retirement, passage 5",11,Post Rio to Retirement,5,242,anger,0,0,NRC lexicon via tidytext/textdata
ch11_p005,"Ch. 11: Post Rio to Retirement, passage 5",11,Post Rio to Retirement,5,242,anticipation,5,20.66115702479339,NRC lexicon via tidytext/textdata
ch11_p005,"Ch. 11: Post Rio to Retirement, passage 5",11,Post Rio to Retirement,5,242,disgust,1,4.132231404958678,NRC lexicon via tidytext/textdata
ch11_p005,"Ch. 11: Post Rio to Retirement, passage 5",11,Post Rio to Retirement,5,242,fear,1,4.132231404958678,NRC lexicon via tidytext/textdata
ch11_p005,"Ch. 11: Post Rio to Retirement, passage 5",11,Post Rio to Retirement,5,242,joy,4,16.528925619834713,NRC lexicon via tidytext/textdata
ch11_p005,"Ch. 11: Post Rio to Retirement, passage 5",11,Post Rio to Retirement,5,242,negative,4,16.528925619834713,NRC lexicon via tidytext/textdata
ch11_p005,"Ch. 11: Post Rio to Retirement, passage 5",11,Post Rio to Retirement,5,242,positive,18,74.3801652892562,NRC lexicon via tidytext/textdata
ch11_p005,"Ch. 11: Post Rio to Retirement, passage 5",11,Post Rio to Retirement,5,242,sadness,1,4.132231404958678,NRC lexicon via tidytext/textdata
ch11_p005,"Ch. 11: Post Rio to Retirement, passage 5",11,Post Rio to Retirement,5,242,surprise,1,4.132231404958678,NRC lexicon via tidytext/textdata
ch11_p005,"Ch. 11: Post Rio to Retirement, passage 5",11,Post Rio to Retirement,5,242,trust,10,41.32231404958678,NRC lexicon via tidytext/textdata
ch11_p006,"Ch. 11: Post Rio to Retirement, passage 6",11,Post Rio to Retirement,6,246,anger,2,8.130081300813009,NRC lexicon via tidytext/textdata
ch11_p006,"Ch. 11: Post Rio to Retirement, passage 6",11,Post Rio to Retirement,6,246,anticipation,4,16.260162601626018,NRC lexicon via tidytext/textdata
ch11_p006,"Ch. 11: Post Rio to Retirement, passage 6",11,Post Rio to Retirement,6,246,disgust,2,8.130081300813009,NRC lexicon via tidytext/textdata
ch11_p006,"Ch. 11: Post Rio to Retirement, passage 6",11,Post Rio to Retirement,6,246,fear,3,12.195121951219512,NRC lexicon via tidytext/textdata
ch11_p006,"Ch. 11: Post Rio to Retirement, passage 6",11,Post Rio to Retirement,6,246,joy,5,20.32520325203252,NRC lexicon via tidytext/textdata
ch11_p006,"Ch. 11: Post Rio to Retirement, passage 6",11,Post Rio to Retirement,6,246,negative,4,16.260162601626018,NRC lexicon via tidytext/textdata
ch11_p006,"Ch. 11: Post Rio to Retirement, passage 6",11,Post Rio to Retirement,6,246,positive,10,40.65040650406504,NRC lexicon via tidytext/textdata
ch11_p006,"Ch. 11: Post Rio to Retirement, passage 6",11,Post Rio to Retirement,6,246,sadness,3,12.195121951219512,NRC lexicon via tidytext/textdata
ch11_p006,"Ch. 11: Post Rio to Retirement, passage 6",11,Post Rio to Retirement,6,246,surprise,1,4.065040650406504,NRC lexicon via tidytext/textdata
ch11_p006,"Ch. 11: Post Rio to Retirement, passage 6",11,Post Rio to Retirement,6,246,trust,3,12.195121951219512,NRC lexicon via tidytext/textdata
ch11_p007,"Ch. 11: Post Rio to Retirement, passage 7",11,Post Rio to Retirement,7,247,anger,2,8.097165991902834,NRC lexicon via tidytext/textdata
ch11_p007,"Ch. 11: Post Rio to Retirement, passage 7",11,Post Rio to Retirement,7,247,anticipation,6,24.291497975708502,NRC lexicon via tidytext/textdata
ch11_p007,"Ch. 11: Post Rio to Retirement, passage 7",11,Post Rio to Retirement,7,247,disgust,1,4.048582995951417,NRC lexicon via tidytext/textdata
ch11_p007,"Ch. 11: Post Rio to Retirement, passage 7",11,Post Rio to Retirement,7,247,fear,1,4.048582995951417,NRC lexicon via tidytext/textdata
ch11_p007,"Ch. 11: Post Rio to Retirement, passage 7",11,Post Rio to Retirement,7,247,joy,4,16.194331983805668,NRC lexicon via tidytext/textdata
ch11_p007,"Ch. 11: Post Rio to Retirement, passage 7",11,Post Rio to Retirement,7,247,negative,1,4.048582995951417,NRC lexicon via tidytext/textdata
ch11_p007,"Ch. 11: Post Rio to Retirement, passage 7",11,Post Rio to Retirement,7,247,positive,7,28.34008097165992,NRC lexicon via tidytext/textdata
ch11_p007,"Ch. 11: Post Rio to Retirement, passage 7",11,Post Rio to Retirement,7,247,sadness,0,0,NRC lexicon via tidytext/textdata
ch11_p007,"Ch. 11: Post Rio to Retirement, passage 7",11,Post Rio to Retirement,7,247,surprise,1,4.048582995951417,NRC lexicon via tidytext/textdata
ch11_p007,"Ch. 11: Post Rio to Retirement, passage 7",11,Post Rio to Retirement,7,247,trust,5,20.242914979757085,NRC lexicon via tidytext/textdata
ch11_p008,"Ch. 11: Post Rio to Retirement, passage 8",11,Post Rio to Retirement,8,234,anger,0,0,NRC lexicon via tidytext/textdata
ch11_p008,"Ch. 11: Post Rio to Retirement, passage 8",11,Post Rio to Retirement,8,234,anticipation,3,12.82051282051282,NRC lexicon via tidytext/textdata
ch11_p008,"Ch. 11: Post Rio to Retirement, passage 8",11,Post Rio to Retirement,8,234,disgust,0,0,NRC lexicon via tidytext/textdata
ch11_p008,"Ch. 11: Post Rio to Retirement, passage 8",11,Post Rio to Retirement,8,234,fear,0,0,NRC lexicon via tidytext/textdata
ch11_p008,"Ch. 11: Post Rio to Retirement, passage 8",11,Post Rio to Retirement,8,234,joy,3,12.82051282051282,NRC lexicon via tidytext/textdata
ch11_p008,"Ch. 11: Post Rio to Retirement, passage 8",11,Post Rio to Retirement,8,234,negative,1,4.273504273504274,NRC lexicon via tidytext/textdata
ch11_p008,"Ch. 11: Post Rio to Retirement, passage 8",11,Post Rio to Retirement,8,234,positive,7,29.914529914529915,NRC lexicon via tidytext/textdata
ch11_p008,"Ch. 11: Post Rio to Retirement, passage 8",11,Post Rio to Retirement,8,234,sadness,1,4.273504273504274,NRC lexicon via tidytext/textdata
ch11_p008,"Ch. 11: Post Rio to Retirement, passage 8",11,Post Rio to Retirement,8,234,surprise,1,4.273504273504274,NRC lexicon via tidytext/textdata
ch11_p008,"Ch. 11: Post Rio to Retirement, passage 8",11,Post Rio to Retirement,8,234,trust,5,21.367521367521366,NRC lexicon via tidytext/textdata
ch11_p009,"Ch. 11: Post Rio to Retirement, passage 9",11,Post Rio to Retirement,9,231,anger,2,8.658008658008658,NRC lexicon via tidytext/textdata
ch11_p009,"Ch. 11: Post Rio to Retirement, passage 9",11,Post Rio to Retirement,9,231,anticipation,7,30.303030303030305,NRC lexicon via tidytext/textdata
ch11_p009,"Ch. 11: Post Rio to Retirement, passage 9",11,Post Rio to Retirement,9,231,disgust,1,4.329004329004329,NRC lexicon via tidytext/textdata
ch11_p009,"Ch. 11: Post Rio to Retirement, passage 9",11,Post Rio to Retirement,9,231,fear,5,21.645021645021643,NRC lexicon via tidytext/textdata
ch11_p009,"Ch. 11: Post Rio to Retirement, passage 9",11,Post Rio to Retirement,9,231,joy,3,12.987012987012989,NRC lexicon via tidytext/textdata
ch11_p009,"Ch. 11: Post Rio to Retirement, passage 9",11,Post Rio to Retirement,9,231,negative,7,30.303030303030305,NRC lexicon via tidytext/textdata
ch11_p009,"Ch. 11: Post Rio to Retirement, passage 9",11,Post Rio to Retirement,9,231,positive,8,34.63203463203463,NRC lexicon via tidytext/textdata
ch11_p009,"Ch. 11: Post Rio to Retirement, passage 9",11,Post Rio to Retirement,9,231,sadness,6,25.974025974025977,NRC lexicon via tidytext/textdata
ch11_p009,"Ch. 11: Post Rio to Retirement, passage 9",11,Post Rio to Retirement,9,231,surprise,2,8.658008658008658,NRC lexicon via tidytext/textdata
ch11_p009,"Ch. 11: Post Rio to Retirement, passage 9",11,Post Rio to Retirement,9,231,trust,4,17.316017316017316,NRC lexicon via tidytext/textdata
ch11_p010,"Ch. 11: Post Rio to Retirement, passage 10",11,Post Rio to Retirement,10,230,anger,1,4.3478260869565215,NRC lexicon via tidytext/textdata
ch11_p010,"Ch. 11: Post Rio to Retirement, passage 10",11,Post Rio to Retirement,10,230,anticipation,6,26.08695652173913,NRC lexicon via tidytext/textdata
ch11_p010,"Ch. 11: Post Rio to Retirement, passage 10",11,Post Rio to Retirement,10,230,disgust,0,0,NRC lexicon via tidytext/textdata
ch11_p010,"Ch. 11: Post Rio to Retirement, passage 10",11,Post Rio to Retirement,10,230,fear,4,17.391304347826086,NRC lexicon via tidytext/textdata
ch11_p010,"Ch. 11: Post Rio to Retirement, passage 10",11,Post Rio to Retirement,10,230,joy,3,13.043478260869565,NRC lexicon via tidytext/textdata
ch11_p010,"Ch. 11: Post Rio to Retirement, passage 10",11,Post Rio to Retirement,10,230,negative,7,30.434782608695652,NRC lexicon via tidytext/textdata
ch11_p010,"Ch. 11: Post Rio to Retirement, passage 10",11,Post Rio to Retirement,10,230,positive,12,52.17391304347826,NRC lexicon via tidytext/textdata
ch11_p010,"Ch. 11: Post Rio to Retirement, passage 10",11,Post Rio to Retirement,10,230,sadness,3,13.043478260869565,NRC lexicon via tidytext/textdata
ch11_p010,"Ch. 11: Post Rio to Retirement, passage 10",11,Post Rio to Retirement,10,230,surprise,1,4.3478260869565215,NRC lexicon via tidytext/textdata
ch11_p010,"Ch. 11: Post Rio to Retirement, passage 10",11,Post Rio to Retirement,10,230,trust,7,30.434782608695652,NRC lexicon via tidytext/textdata
ch11_p011,"Ch. 11: Post Rio to Retirement, passage 11",11,Post Rio to Retirement,11,233,anger,1,4.291845493562231,NRC lexicon via tidytext/textdata
ch11_p011,"Ch. 11: Post Rio to Retirement, passage 11",11,Post Rio to Retirement,11,233,anticipation,7,30.042918454935624,NRC lexicon via tidytext/textdata
ch11_p011,"Ch. 11: Post Rio to Retirement, passage 11",11,Post Rio to Retirement,11,233,disgust,2,8.583690987124463,NRC lexicon via tidytext/textdata
ch11_p011,"Ch. 11: Post Rio to Retirement, passage 11",11,Post Rio to Retirement,11,233,fear,6,25.751072961373392,NRC lexicon via tidytext/textdata
ch11_p011,"Ch. 11: Post Rio to Retirement, passage 11",11,Post Rio to Retirement,11,233,joy,3,12.875536480686696,NRC lexicon via tidytext/textdata
ch11_p011,"Ch. 11: Post Rio to Retirement, passage 11",11,Post Rio to Retirement,11,233,negative,10,42.918454935622314,NRC lexicon via tidytext/textdata
ch11_p011,"Ch. 11: Post Rio to Retirement, passage 11",11,Post Rio to Retirement,11,233,positive,11,47.21030042918455,NRC lexicon via tidytext/textdata
ch11_p011,"Ch. 11: Post Rio to Retirement, passage 11",11,Post Rio to Retirement,11,233,sadness,2,8.583690987124463,NRC lexicon via tidytext/textdata
ch11_p011,"Ch. 11: Post Rio to Retirement, passage 11",11,Post Rio to Retirement,11,233,surprise,3,12.875536480686696,NRC lexicon via tidytext/textdata
ch11_p011,"Ch. 11: Post Rio to Retirement, passage 11",11,Post Rio to Retirement,11,233,trust,8,34.33476394849785,NRC lexicon via tidytext/textdata
ch11_p012,"Ch. 11: Post Rio to Retirement, passage 12",11,Post Rio to Retirement,12,236,anger,0,0,NRC lexicon via tidytext/textdata
ch11_p012,"Ch. 11: Post Rio to Retirement, passage 12",11,Post Rio to Retirement,12,236,anticipation,4,16.949152542372882,NRC lexicon via tidytext/textdata
ch11_p012,"Ch. 11: Post Rio to Retirement, passage 12",11,Post Rio to Retirement,12,236,disgust,0,0,NRC lexicon via tidytext/textdata
ch11_p012,"Ch. 11: Post Rio to Retirement, passage 12",11,Post Rio to Retirement,12,236,fear,1,4.237288135593221,NRC lexicon via tidytext/textdata
ch11_p012,"Ch. 11: Post Rio to Retirement, passage 12",11,Post Rio to Retirement,12,236,joy,4,16.949152542372882,NRC lexicon via tidytext/textdata
ch11_p012,"Ch. 11: Post Rio to Retirement, passage 12",11,Post Rio to Retirement,12,236,negative,4,16.949152542372882,NRC lexicon via tidytext/textdata
ch11_p012,"Ch. 11: Post Rio to Retirement, passage 12",11,Post Rio to Retirement,12,236,positive,12,50.84745762711865,NRC lexicon via tidytext/textdata
ch11_p012,"Ch. 11: Post Rio to Retirement, passage 12",11,Post Rio to Retirement,12,236,sadness,2,8.474576271186441,NRC lexicon via tidytext/textdata
ch11_p012,"Ch. 11: Post Rio to Retirement, passage 12",11,Post Rio to Retirement,12,236,surprise,2,8.474576271186441,NRC lexicon via tidytext/textdata
ch11_p012,"Ch. 11: Post Rio to Retirement, passage 12",11,Post Rio to Retirement,12,236,trust,15,63.559322033898304,NRC lexicon via tidytext/textdata
ch11_p013,"Ch. 11: Post Rio to Retirement, passage 13",11,Post Rio to Retirement,13,238,anger,1,4.201680672268908,NRC lexicon via tidytext/textdata
ch11_p013,"Ch. 11: Post Rio to Retirement, passage 13",11,Post Rio to Retirement,13,238,anticipation,6,25.210084033613445,NRC lexicon via tidytext/textdata
ch11_p013,"Ch. 11: Post Rio to Retirement, passage 13",11,Post Rio to Retirement,13,238,disgust,2,8.403361344537815,NRC lexicon via tidytext/textdata
ch11_p013,"Ch. 11: Post Rio to Retirement, passage 13",11,Post Rio to Retirement,13,238,fear,5,21.008403361344538,NRC lexicon via tidytext/textdata
ch11_p013,"Ch. 11: Post Rio to Retirement, passage 13",11,Post Rio to Retirement,13,238,joy,5,21.008403361344538,NRC lexicon via tidytext/textdata
ch11_p013,"Ch. 11: Post Rio to Retirement, passage 13",11,Post Rio to Retirement,13,238,negative,5,21.008403361344538,NRC lexicon via tidytext/textdata
ch11_p013,"Ch. 11: Post Rio to Retirement, passage 13",11,Post Rio to Retirement,13,238,positive,8,33.61344537815126,NRC lexicon via tidytext/textdata
ch11_p013,"Ch. 11: Post Rio to Retirement, passage 13",11,Post Rio to Retirement,13,238,sadness,5,21.008403361344538,NRC lexicon via tidytext/textdata
ch11_p013,"Ch. 11: Post Rio to Retirement, passage 13",11,Post Rio to Retirement,13,238,surprise,3,12.605042016806722,NRC lexicon via tidytext/textdata
ch11_p013,"Ch. 11: Post Rio to Retirement, passage 13",11,Post Rio to Retirement,13,238,trust,7,29.41176470588235,NRC lexicon via tidytext/textdata
ch11_p014,"Ch. 11: Post Rio to Retirement, passage 14",11,Post Rio to Retirement,14,233,anger,1,4.291845493562231,NRC lexicon via tidytext/textdata
ch11_p014,"Ch. 11: Post Rio to Retirement, passage 14",11,Post Rio to Retirement,14,233,anticipation,5,21.459227467811157,NRC lexicon via tidytext/textdata
ch11_p014,"Ch. 11: Post Rio to Retirement, passage 14",11,Post Rio to Retirement,14,233,disgust,0,0,NRC lexicon via tidytext/textdata
ch11_p014,"Ch. 11: Post Rio to Retirement, passage 14",11,Post Rio to Retirement,14,233,fear,2,8.583690987124463,NRC lexicon via tidytext/textdata
ch11_p014,"Ch. 11: Post Rio to Retirement, passage 14",11,Post Rio to Retirement,14,233,joy,5,21.459227467811157,NRC lexicon via tidytext/textdata
ch11_p014,"Ch. 11: Post Rio to Retirement, passage 14",11,Post Rio to Retirement,14,233,negative,3,12.875536480686696,NRC lexicon via tidytext/textdata
ch11_p014,"Ch. 11: Post Rio to Retirement, passage 14",11,Post Rio to Retirement,14,233,positive,7,30.042918454935624,NRC lexicon via tidytext/textdata
ch11_p014,"Ch. 11: Post Rio to Retirement, passage 14",11,Post Rio to Retirement,14,233,sadness,3,12.875536480686696,NRC lexicon via tidytext/textdata
ch11_p014,"Ch. 11: Post Rio to Retirement, passage 14",11,Post Rio to Retirement,14,233,surprise,3,12.875536480686696,NRC lexicon via tidytext/textdata
ch11_p014,"Ch. 11: Post Rio to Retirement, passage 14",11,Post Rio to Retirement,14,233,trust,4,17.167381974248926,NRC lexicon via tidytext/textdata
ch11_p015,"Ch. 11: Post Rio to Retirement, passage 15",11,Post Rio to Retirement,15,198,anger,0,0,NRC lexicon via tidytext/textdata
ch11_p015,"Ch. 11: Post Rio to Retirement, passage 15",11,Post Rio to Retirement,15,198,anticipation,9,45.45454545454545,NRC lexicon via tidytext/textdata
ch11_p015,"Ch. 11: Post Rio to Retirement, passage 15",11,Post Rio to Retirement,15,198,disgust,0,0,NRC lexicon via tidytext/textdata
ch11_p015,"Ch. 11: Post Rio to Retirement, passage 15",11,Post Rio to Retirement,15,198,fear,0,0,NRC lexicon via tidytext/textdata
ch11_p015,"Ch. 11: Post Rio to Retirement, passage 15",11,Post Rio to Retirement,15,198,joy,6,30.303030303030305,NRC lexicon via tidytext/textdata
ch11_p015,"Ch. 11: Post Rio to Retirement, passage 15",11,Post Rio to Retirement,15,198,negative,3,15.151515151515152,NRC lexicon via tidytext/textdata
ch11_p015,"Ch. 11: Post Rio to Retirement, passage 15",11,Post Rio to Retirement,15,198,positive,13,65.65656565656566,NRC lexicon via tidytext/textdata
ch11_p015,"Ch. 11: Post Rio to Retirement, passage 15",11,Post Rio to Retirement,15,198,sadness,2,10.101010101010102,NRC lexicon via tidytext/textdata
ch11_p015,"Ch. 11: Post Rio to Retirement, passage 15",11,Post Rio to Retirement,15,198,surprise,1,5.050505050505051,NRC lexicon via tidytext/textdata
ch11_p015,"Ch. 11: Post Rio to Retirement, passage 15",11,Post Rio to Retirement,15,198,trust,5,25.252525252525253,NRC lexicon via tidytext/textdata
